id_aluno,idade,curso,turno,modalidade,cidade,renda_familiar,horas_estudo_semana,frequencia_percentual,nota_anterior,acessos_ava_mes,atividades_entregues_percentual,horas_sono,distancia_km,internet_estavel,trabalha,recebeu_monitoria,satisfacao_curso,nota_final,aprovado,risco_evasao
AL00001,24,desenv. sistemas,noturno ,Hibrido,Pomerode,3623,8.4,84.2,6.4,43,93.8,9,15,SIM,nao,Sim,6,6,Sim,Não
AL00002,16,Administração,Noturno,Presencial,Brusque,2279,8.7,82.5,8.1,33,85.6,7.5,4,Não,Sim,Não,8,6.6,Sim,Sim
AL00003,29,Administração,Noturno,Presencial,Brusque,4018,6.5,67.9,7.4,40,84.5,6.1,4.2,Não,Sim,Não,5,4.7,Não,Sim
AL00004,33,Eletromecânica,Noturno,Híbrido,Pomerode,3836,4.5,100,6.8,15,80.6,6.8,15.9,Não,Não,Não,8,6.9,Sim,Não
AL00005,19,Automação Industrial,Matutino,Presencial,Blumenau,1842,5.5,90.6,8.6,35,63.3,5.9,3,Sim,Sim,Não,7,7.1,Sim,Não
AL00006,16,Automação Industrial,Noturno,Presencial,Gaspar,8711,7.9,93.1,5.1,38,84.9,5.6,18.6,Sim,Não,Não,8,6.7,Sim,Sim
AL00007,21,Desenvolvimento de Sistemas,Noturno,Presencial,Brusque,5682,7.2,88,7.7,40,100,6.7,5.9,Sim,Sim,Não,8,7.6,Sim,Não
AL00008,23,Administração,Matutino,Presencial,Timbó,6724,10.9,88.7,4.5,29,92.3,6.6,1.9,Sim,Sim,Não,9,7.3,Sim,Não
AL00009,27,Eletromecânica,Noturno,Presencial,Pomerode,2099,13.1,82,6.6,42,77.9,6.1,7.4,Sim,Sim,Não,10,5.5,Não,Sim
AL00010,29,Eletromecânica,Matutino,Presencial,Indaial,2321,8.2,69.3,6.6,30,85.7,7.4,5.1,Não,Sim,Não,8,6.7,Não,Não
AL00011,18,Eletromecânica,Noturno,Presencial,Indaial,4514,2.8,69.2,5.2,15,99.2,6.5,2.7,Sim,Sim,Não,7,5.8,Não,Não
AL00012,23,Administração,Noturno,Híbrido,Pomerode,3116,6.4,68.4,6.2,38,71.6,6.6,5.8,Sim,Sim,Não,7,5.7,Não,Não
AL00013,35,Desenvolvimento de Sistemas,Matutino,Presencial,Timbó,9210,5.7,76.8,7.6,18,68.6,6,9.7,Sim,Sim,Sim,10,5.4,Não,Não
AL00014,28,Eletromecânica,Matutino,Híbrido,Timbó,1666,7.1,70.2,5.4,28,94.3,6.4,6.7,Sim,Sim,Sim,4,7.2,Não,Sim
AL00015,30,Administração,Noturno,Presencial,Indaial,2844,6.7,87.6,8.3,58,86.2,7,9.4,Sim,Sim,Sim,8,7.2,Sim,Sim
AL00016,20,Administração,Noturno,Presencial,Pomerode,5957,12.5,100,4.3,40,100,7.5,5.2,Sim,Sim,Sim,9,8.6,Sim,Não
AL00017,30,Administração,Matutino,Híbrido,Timbó,2638,0.8,71.2,6.4,42,93,5.5,7.7,Sim,Sim,Não,10,5.9,Não,Não
AL00018,22,Desenvolvimento de Sistemas,Matutino,Presencial,Blumenau,6187,10.5,87.8,4.9,52,91.6,8.2,3,Sim,Sim,Sim,8,6.2,Sim,Não
AL00019,26,Desenvolvimento de Sistemas,Matutino,Presencial,Blumenau,2037,16.2,91.6,8.6,41,85.8,6.9,10.3,Sim,Não,Não,9,7.9,Sim,Não
AL00020,22,Desenvolvimento de Sistemas,Noturno,Presencial,Brusque,3755,6.4,70.5,4.5,31,83.3,5.5,10.2,Sim,Sim,Não,9,6.1,Não,Não
AL00021,16,Desenvolvimento de Sistemas,Noturno,Presencial,Indaial,5583,10.1,85.5,6.5,44,75.6,6.9,2.9,Não,Não,Não,8,4.9,Não,Não
AL00022,27,Administração,Matutino,Híbrido,Indaial,3907,10.5,89.8,4.1,25,87.2,7.5,7.2,Sim,Sim,Não,7,6.9,Sim,Não
AL00023,27,Administração,Noturno,Híbrido,Indaial,2123,3.8,83.2,6.6,40,78.4,7.3,27.1,Sim,Não,Não,4,6.1,Sim,Sim
AL00024,25,Eletromecânica,Noturno,Híbrido,Indaial,2174,0,90.2,5.6,32,61.3,6.6,13.6,Sim,Sim,Sim,6,6.2,Sim,Sim
AL00025,33,Administração,Matutino,Presencial,Blumenau,1591,5.5,65,7.7,34,73.8,6,5.3,Sim,Sim,Não,9,5.2,Não,Sim
AL00026,20,Eletromecânica,Noturno,Presencial,Brusque,5103,1.4,79.3,5.4,32,73.8,8,6.8,Sim,Sim,Não,8,5.3,Não,Não
AL00027,31,Desenvolvimento de Sistemas,Matutino,Presencial,Brusque,6610,3.3,78.2,2.9,33,80.3,6.8,24.4,Sim,Sim,Não,9,3.5,Não,Não
AL00028,21,Automação Industrial,Matutino,Híbrido,Brusque,2933,10.4,81.8,5.9,64,98.6,5.8,9.9,Sim,Sim,Não,7,6.8,Sim,Não
AL00029,23,Automação Industrial,Noturno,Híbrido,Timbó,2278,7.1,86.5,5.8,32,89.1,3.6,6.9,Sim,Sim,Não,5,6.2,Sim,Não
AL00030,29,Desenvolvimento de Sistemas,Matutino,Presencial,Blumenau,3755,3.4,79.5,7.8,31,57.1,7.2,7.9,Sim,Não,Não,9,6.1,Sim,Sim
AL00031,16,Administração,Matutino,Presencial,Gaspar,2030,5.9,87,5.7,42,70.3,6,4.5,Não,Sim,Não,5,6.5,Sim,Não
AL00032,19,Desenvolvimento de Sistemas,Matutino,Presencial,Timbó,3611,4.6,91.4,5.5,28,83.7,7.9,5.6,Sim,Não,Sim,8,6.4,Sim,Não
AL00033,22,Eletromecânica,Noturno,Presencial,Gaspar,3144,10.9,69.7,5.4,49,77,7,8.2,Sim,Sim,Não,7,5.3,Não,Não
AL00034,21,Automação Industrial,Noturno,Presencial,Indaial,4898,10.6,76.8,7.4,29,78.4,5.2,3.3,Sim,Sim,Não,8,5.9,Não,Não
AL00035,26,Desenvolvimento de Sistemas,Noturno,Presencial,Brusque,2439,11.6,84.7,6.4,45,97,5.2,13.7,Sim,Sim,Não,6,6.9,Sim,Não
AL00036,42,Administração,Matutino,Presencial,Blumenau,2428,11.5,,5.7,44,100,4.9,11.2,Sim,Sim,Não,8,5.5,Não,Não
AL00037,16,Automação Industrial,Matutino,Presencial,Gaspar,2105,12.3,86.8,5.9,30,68.8,8.3,12.8,Sim,Não,Não,8,5.9,Não,Não
AL00038,16,Administração,Matutino,Híbrido,Gaspar,3181,8.5,93.4,4,45,100,7.1,28.8,Sim,Não,Não,5,5.4,Não,Não
AL00039,31,Eletromecânica,Noturno,Presencial,Indaial,6886,2.7,71.3,5.2,37,77.5,6.7,1.9,Não,Sim,Não,6,5.5,Não,Não
AL00040,16,Automação Industrial,Noturno,Presencial,Gaspar,4331,2.4,82.7,,19,100,6.6,10.1,Sim,Não,Não,8,7.8,Sim,Não
AL00041,23,Desenvolvimento de Sistemas,Matutino,Híbrido,Timbó,2262,4.8,95,4.7,22,75.4,6.2,10.1,Sim,Sim,Não,6,5.6,Não,Não
AL00042,16,Desenvolvimento de Sistemas,Matutino,Presencial,Timbó,2457,7.9,81,6.8,27,74.8,8.8,7.8,Não,Não,Não,7,7.3,Sim,Não
AL00043,16,Desenvolvimento de Sistemas,Noturno,Híbrido,Blumenau,4820,1.2,100,8.2,32,82.9,6.9,8.9,Sim,Sim,Sim,9,7.8,Sim,Não
AL00044,27,Automação Industrial,Matutino,Presencial,Timbó,1452,10.6,79.9,5,23,99.8,5.2,9.4,Sim,Sim,Sim,7,8.3,Sim,Não
AL00045,30,Desenvolvimento de Sistemas,Matutino,Presencial,Brusque,8166,6.8,92.6,6.4,19,78,8.4,11.1,Sim,Não,Não,6,7.6,Sim,Não
AL00046,29,Automação Industrial,Matutino,Híbrido,Gaspar,9011,5.6,91.6,9.9,4,71.7,9.4,10.3,Sim,Não,Não,6,8.4,Sim,Não
AL00047,20,Eletromecânica,Noturno,Presencial,Indaial,1514,11.7,64.9,9.1,41,80.7,4,6.2,Sim,Não,Não,7,8.3,Não,Sim
AL00048,27,Administração,Noturno,Presencial,Timbó,2525,3.2,75.8,5.8,11,74,8.4,6,Sim,Sim,Não,5,5.7,Não,Sim
AL00049,36,Eletromecânica,Noturno,Presencial,Timbó,1744,7.9,75.5,7.6,27,72.3,7.9,7.1,Sim,Sim,Não,9,5.7,Não,Sim
AL00050,38,Automação Industrial,Noturno,Presencial,Pomerode,3718,1,91.2,5.2,40,96.8,8,3,Sim,Sim,Sim,4,6.9,Sim,Não
AL00051,33,Eletromecânica,Matutino,Presencial,Timbó,3970,15.1,84.9,5.7,43,100,5.3,8.7,Sim,Não,Não,6,8.4,Sim,Não
AL00052,22,Administração,Noturno,Presencial,Indaial,1879,13.5,77.5,5.4,50,95.6,5.7,6.3,Sim,Sim,Não,8,7.5,Sim,Não
AL00053,21,Desenvolvimento de Sistemas,Noturno,Híbrido,Indaial,1935,9.4,80.7,5.9,34,80.8,8.3,5.3,Não,Não,Não,4,5.1,Não,Não
AL00054,38,Administração,Matutino,Presencial,Gaspar,2018,4.5,76.4,6.9,31,89.2,7.3,6.3,Não,Sim,Não,7,6.8,Sim,Não
AL00055,37,Eletromecânica,Noturno,Presencial,Indaial,4014,8.2,96.9,,13,100,7.1,6.5,Sim,Não,Sim,7,8.1,Sim,Não
AL00056,32,Automação Industrial,Noturno,Presencial,Blumenau,4052,12.9,73.5,7.6,61,65.1,9.2,11.5,Sim,Não,Não,8,7.3,Não,Não
AL00057,25,Administração,Noturno,Presencial,Brusque,1354,11,94.7,7.9,36,96.6,5,2.3,Sim,Sim,Sim,6,7.9,Sim,Não
AL00058,16,Desenvolvimento de Sistemas,Noturno,Presencial,Brusque,1382,12.2,81.3,6.5,47,85.7,6,9.8,Sim,Sim,Não,9,6.5,Sim,Sim
AL00059,25,Administração,Matutino,Presencial,Gaspar,4159,9.1,100,3.8,26,98.3,5.3,38.9,Sim,Sim,Sim,9,8.4,Sim,Não
AL00060,16,Desenvolvimento de Sistemas,Matutino,Presencial,Pomerode,4248,8.2,79.8,7.2,39,91.8,9.2,20.2,Sim,Não,Sim,6,7.3,Sim,Não
AL00061,29,Automação Industrial,Noturno,Presencial,Blumenau,4134,3.6,73.2,4.1,33,52.8,6,4.1,Sim,Sim,Não,5,5.6,Não,Sim
AL00062,20,Automação Industrial,Noturno,Presencial,Gaspar,3399,3,71.3,7.2,17,87.3,6.7,3.9,Sim,Sim,Não,5,6.3,Não,Não
AL00063,24,Administração,Noturno,Presencial,Pomerode,1014,13.6,89.9,5.6,11,96.1,8.2,10.6,Não,Não,Não,5,5.6,Não,Não
AL00064,18,Automação Industrial,Noturno,Híbrido,Indaial,5831,7.9,97.6,,41,71,5.1,8.3,Sim,Sim,Não,10,7.1,Sim,Não
AL00065,38,Eletromecânica,Matutino,Presencial,Brusque,1499,13.7,72.7,6.9,22,100,6.8,10.3,Sim,Não,Não,8,6.5,Não,Não
AL00066,20,Eletromecânica,Matutino,Presencial,Timbó,2971,5.5,72.9,7.2,33,86.6,4.7,10.3,Sim,Sim,Não,8,6.4,Não,Não
AL00067,20,Eletromecânica,Matutino,Presencial,Gaspar,3589,4.9,94.3,6.8,40,45.1,7.5,11.5,Sim,Não,Não,4,6.3,Sim,Sim
AL00068,33,Eletromecânica,Noturno,Presencial,Blumenau,3843,1.6,70,3.8,19,98.9,7.6,7,Sim,Sim,Não,5,7.3,Não,Sim
AL00069,18,Automação Industrial,Matutino,Híbrido,Blumenau,,2.7,79.3,8.4,15,98.7,7,8.8,Sim,Sim,Sim,9,6.9,Sim,Não
AL00070,23,Eletromecânica,Noturno,Presencial,Brusque,1368,14,76.7,8.9,64,71.2,5.8,2.7,Sim,Sim,Não,9,6.8,Sim,Sim
AL00071,34,Desenvolvimento de Sistemas,Matutino,Híbrido,Brusque,3036,8.1,83.7,7.8,43,84.5,8.1,36.2,Sim,Sim,Sim,7,6.8,Sim,Não
AL00072,35,Administração,Noturno,Presencial,Brusque,3479,6.7,88.4,4.7,32,71.7,5.1,5.2,Sim,Sim,Não,8,5,Não,Não
AL00073,230,Desenvolvimento de Sistemas,Matutino,Presencial,Brusque,2974,7.4,82.7,7.7,47,97.9,5.9,12.5,Não,Sim,Não,8,6.7,Sim,Sim
AL00074,43,Automação Industrial,Noturno,Presencial,Indaial,1553,16.6,77.9,9.7,61,83.5,6.4,1.4,Sim,Não,Não,4,6.3,Sim,Não
AL00075,17,Eletromecânica,Matutino,Presencial,Brusque,2620,13.2,81.8,4.3,32,100,7.2,12.1,Não,Não,Não,6,5.7,Não,Não
AL00076,26,Eletromecânica,Noturno,Presencial,Blumenau,5451,6.8,78.7,8.3,45,84.8,6.4,11.2,Não,Sim,Não,8,6,Sim,Não
AL00077,20,Automação Industrial,Noturno,Presencial,Pomerode,3911,12.9,90.9,6.5,33,100,7.9,8.2,Sim,Não,Não,9,6.1,Sim,Não
AL00078,31,Automação Industrial,Matutino,Presencial,Brusque,2486,3.6,90.5,4.6,12,70.9,5.8,13.5,Sim,Sim,Não,9,6,Sim,Não
AL00079,34,Administração,Noturno,Presencial,Indaial,2152,3.6,89.6,4.5,34,100,6.6,21.6,Sim,Sim,Não,5,7.3,Sim,Sim
AL00080,28,Administração,Noturno,Presencial,Gaspar,5072,0.1,58.2,8.6,17,75.1,7.1,4.7,Sim,Sim,Não,9,4.8,Não,Sim
AL00081,27,Desenvolvimento de Sistemas,Matutino,Presencial,Indaial,1213,6.3,100,7,34,73.8,6.2,8.3,Não,Sim,Não,6,7.8,Sim,Não
AL00082,25,Eletromecânica,Noturno,Presencial,Gaspar,2942,6.4,68.3,8,28,90.7,7.4,8.9,Sim,Sim,Não,8,7.2,Não,Não
AL00083,24,Desenvolvimento de Sistemas,Noturno,Presencial,Blumenau,2447,0,85.9,4.3,14,66.6,6.7,55,Sim,Sim,Não,9,6,Sim,Não
AL00084,16,Desenvolvimento de Sistemas,Matutino,Presencial,Pomerode,2674,1.7,80.1,5.3,14,96.8,5.4,3.7,Sim,Sim,Sim,7,5.4,Não,Sim
AL00085,33,Desenvolvimento de Sistemas,Matutino,Presencial,Indaial,5132,7.6,88,8.5,46,99,6.4,6.1,Sim,Sim,Sim,10,8.8,Sim,Não
AL00086,37,Desenvolvimento de Sistemas,Noturno,Híbrido,Brusque,6950,10.5,85.7,7.3,44,83.6,4.5,15.1,Sim,Sim,Não,8,5.8,Não,Não
AL00087,40,Eletromecânica,Matutino,Presencial,Gaspar,3616,10.1,92.3,3.5,38,74.4,6.7,17.9,Sim,Sim,Sim,7,5.5,Não,Não
AL00088,27,Administração,Matutino,Presencial,Timbó,3415,10,85,,37,100,7.3,4,Sim,Não,Não,5,5.5,Não,Não
AL00089,32,Eletromecânica,Matutino,Presencial,Blumenau,3235,7.1,93.1,5.7,39,88.2,5.1,7.6,Sim,Sim,Não,9,7.6,Sim,Não
AL00090,19,Eletromecânica,Noturno,Presencial,Brusque,1057,9.1,92.2,6.8,32,87.7,7.9,4,Não,Sim,Não,8,6.5,Sim,Não
AL00091,35,Desenvolvimento de Sistemas,Noturno,Presencial,Indaial,4618,0.2,82.5,4.9,17,100,7.2,2.7,Sim,Sim,Não,8,5.8,Não,Não
AL00092,20,Automação Industrial,Matutino,Presencial,Gaspar,3861,10.2,70.1,7.6,40,76.9,6.2,7.9,Sim,Sim,Sim,4,8.1,Não,Não
AL00093,18,Eletromecânica,Matutino,Presencial,Brusque,1763,3.6,75,7.5,14,66.2,5.6,7.4,Sim,Sim,Não,8,7.7,Sim,Não
AL00094,20,Automação Industrial,Matutino,Híbrido,Indaial,1292,7.9,100,9.8,48,96.3,4.9,3.7,Sim,Não,Sim,5,9,Sim,Não
AL00095,26,Desenvolvimento de Sistemas,Noturno,Presencial,Blumenau,2879,9.4,67.8,3.7,32,85.1,7.2,9.1,Sim,Sim,Não,7,6.1,Não,Não
AL00096,17,Eletromecânica,Matutino,Presencial,Timbó,4011,5.4,100,4.4,42,60.6,6.8,8.8,Sim,Sim,Sim,5,6.7,Sim,Não
AL00097,37,Desenvolvimento de Sistemas,Matutino,Presencial,Brusque,10645,9.5,100,5,49,86.9,6.8,4.1,Sim,Não,Não,10,7,Sim,Não
AL00098,23,Administração,Noturno,Presencial,Blumenau,7611,6.9,88.7,5.2,39,59,7.8,16.9,Sim,Sim,Não,5,4.8,Não,Sim
AL00099,27,Desenvolvimento de Sistemas,Matutino,Presencial,Indaial,5831,9.1,89.6,4.4,34,78.7,8.5,9.7,Sim,Sim,Não,8,5.2,Não,Não
AL00100,28,Automação Industrial,Matutino,Presencial,Indaial,2002,10.4,89.2,7.4,31,100,5.9,11.8,Sim,Sim,Sim,8,8.8,Sim,Não
AL00101,20,Desenvolvimento de Sistemas,Noturno,Presencial,Indaial,1688,13.7,93.7,5.9,55,100,5.3,10.8,Não,Sim,Sim,5,7.5,Sim,Não
AL00102,16,Eletromecânica,Noturno,Presencial,Pomerode,2662,11.8,,10,51,85.4,6.6,13.7,Sim,Não,Não,7,6.5,Não,Não
AL00103,41,Eletromecânica,Noturno,Presencial,Indaial,3259,10.6,84.5,6.5,40,100,5,4.3,Sim,Sim,Não,10,6.1,Sim,Não
AL00104,19,Desenvolvimento de Sistemas,Matutino,Presencial,Brusque,1384,11.4,75.1,7.1,37,100,5,4.6,Sim,Sim,Não,8,6,Sim,Não
AL00105,17,Administração,Noturno,Presencial,Timbó,4683,5.5,62.2,6.4,24,100,5,5.9,Sim,Não,Não,6,5.6,Não,Sim
AL00106,26,Desenvolvimento de Sistemas,Matutino,Presencial,Blumenau,3542,9.5,81.9,7.1,33,66,6.1,6.1,Sim,Não,Não,5,5.5,Não,Sim
AL00107,27,Administração,Noturno,Híbrido,Indaial,9644,6.5,68.7,5.3,11,58.4,5.7,6,Sim,Sim,Não,4,5.1,Não,Não
AL00108,23,Eletromecânica,Matutino,Presencial,Pomerode,2855,4.8,89.8,5.6,25,84.8,6.2,9.5,Sim,Não,Sim,3,6.3,Sim,Não
AL00109,16,Administração,Noturno,Presencial,Pomerode,2454,8,100,6.7,39,98.4,8,12.2,Sim,Não,Sim,8,7.2,Sim,Não
AL00110,21,Desenvolvimento de Sistemas,Matutino,Presencial,Blumenau,4674,9,85.3,7.4,27,80,8.1,5.5,Sim,Não,Não,6,6.4,Sim,Não
AL00111,24,Eletromecânica,Noturno,Presencial,Pomerode,4482,9.7,89.4,8.2,29,99.7,6.8,6,Sim,Sim,Não,6,9.2,Sim,Não
AL00112,26,Automação Industrial,Noturno,Presencial,Indaial,9722,10.7,88.9,6.6,34,63.8,6.4,2.5,Sim,Sim,Sim,9,6.7,Sim,Não
AL00113,27,Automação Industrial,Noturno,Presencial,Brusque,1490,9.5,91,6.3,30,78,6.1,3.5,Não,Não,Não,6,5.7,Não,Não
AL00114,47,Administração,Matutino,Presencial,Pomerode,912,10.9,92.7,5.2,48,96.6,6.3,5,Sim,Sim,Não,6,7.5,Sim,Não
AL00115,42,Automação Industrial,Matutino,Presencial,Gaspar,2884,7.5,69.7,7.3,49,78.6,6.6,5,Sim,Sim,Sim,8,5.9,Não,Sim
AL00116,32,Automação Industrial,Noturno,Presencial,Timbó,1548,7.7,100,7.1,23,100,9,5.5,Sim,Sim,Não,7,7.9,Sim,Não
AL00117,19,Eletromecânica,Noturno,Presencial,Gaspar,6565,4.9,71.8,8.4,61,91,6.6,3.2,Sim,Sim,Não,5,7.8,Não,Não
AL00118,35,Automação Industrial,Noturno,Presencial,Gaspar,8730,7,75.3,5.2,43,72.1,5.8,2.9,Não,Sim,Sim,8,5.2,Não,Não
AL00119,28,Eletromecânica,Noturno,Híbrido,Indaial,9361,2.2,73.5,6.5,16,77,7,17.3,Sim,Sim,Não,9,6.4,Não,Não
AL00120,40,Automação Industrial,Noturno,Presencial,Blumenau,3265,1.3,75.7,7.1,21,83.8,6.4,11.7,Não,Sim,Não,7,6.1,Sim,Não
AL00121,22,Automação Industrial,Matutino,Presencial,Gaspar,3795,12.3,71.5,8.4,44,75.5,6.8,3.9,Sim,Não,Não,5,6.3,Não,Não
AL00122,44,Desenvolvimento de Sistemas,Noturno,Presencial,Timbó,3525,10.4,84.2,6.7,35,94.8,7.5,18.2,Sim,Sim,Não,6,7.1,Sim,Não
AL00123,26,Eletromecânica,Noturno,Presencial,Blumenau,8567,9.6,87.3,6.4,41,76.9,8.6,6.2,Sim,Sim,Não,8,7.4,Sim,Não
AL00124,29,Automação Industrial,Noturno,Presencial,Timbó,1652,3.2,90.3,7.5,30,100,5.8,6.5,Sim,Sim,Sim,6,7.5,Sim,Não
AL00125,31,Administração,Noturno,Presencial,Pomerode,4259,8.6,72.3,7.1,23,96.3,6.4,12,Sim,Sim,Não,4,7.1,Não,Não
AL00126,26,Desenvolvimento de Sistemas,Noturno,Presencial,Blumenau,5707,8.6,83.9,6.6,39,73.4,8.1,3.6,Sim,Não,Não,7,7.1,Sim,Não
AL00127,21,Eletromecânica,Noturno,Híbrido,Pomerode,5597,10.7,88.8,,52,60.6,7.1,6.6,Sim,Não,Não,7,6.4,Sim,Não
AL00128,35,Administração,Noturno,Híbrido,Indaial,5789,9.2,92.9,9.8,29,90,6,5.9,Sim,Sim,Sim,9,7.4,Sim,Sim
AL00129,30,Desenvolvimento de Sistemas,Matutino,Presencial,Timbó,1788,8.3,86.6,4.1,48,81.3,6.3,10.9,Sim,Sim,Não,6,5.7,Não,Não
AL00130,22,Eletromecânica,Noturno,Presencial,Pomerode,1961,17.4,76.8,7.5,62,100,7.1,23.1,Não,Não,Não,5,8.8,Sim,Sim
AL00131,45,Administração,Noturno,Híbrido,Timbó,9020,9.5,79.5,4.4,43,88.4,5.4,9.9,Sim,Não,Não,6,6.3,Sim,Não
AL00132,22,Eletromecânica,Matutino,Presencial,Timbó,2055,5.7,73.2,7.1,35,85.9,6.3,9.1,Sim,Sim,Não,7,6.3,Não,Não
AL00133,30,Eletromecânica,Noturno,Presencial,Indaial,4708,8.2,66,7.4,49,74.8,6.5,10.1,Sim,Sim,Não,8,6.3,Não,Sim
AL00134,17,Automação Industrial,Noturno,Presencial,Blumenau,2655,3.9,70.8,5.5,28,57.9,4.9,4.2,Sim,Sim,Não,7,5,Não,Não
AL00135,21,Administração,Noturno,Presencial,Pomerode,2193,15,68.7,5.9,67,100,7.8,4.6,Não,Sim,Não,8,6.9,Não,Não
AL00136,29,Desenvolvimento de Sistemas,Matutino,Presencial,Timbó,5920,9,92.4,6.6,38,70.6,6.3,23.6,Sim,Sim,Não,6,5.7,Não,Não
AL00137,23,Administração,Noturno,Presencial,Brusque,3984,5.3,87.5,5.2,31,86.1,7.4,18.9,Sim,Sim,Não,6,5.7,Não,Não
AL00138,19,Administração,Matutino,Presencial,Indaial,3168,9.8,91.5,6,49,72.7,6.1,5.4,Sim,Não,Sim,7,7.4,Sim,Não
AL00139,16,Eletromecânica,Matutino,Híbrido,Timbó,2609,7.6,100,5,40,86,6.1,5.5,Sim,Sim,Não,6,6.5,Sim,Não
AL00140,28,Eletromecânica,Noturno,Presencial,Brusque,6070,1.8,78.1,5.8,20,59,7.9,18.5,Sim,Não,Não,8,4.7,Não,Não
AL00141,29,Desenvolvimento de Sistemas,Noturno,Presencial,Gaspar,3310,4.3,85.1,5.6,17,64.9,5.9,9.6,Sim,Sim,Sim,5,5.1,Não,Não
AL00142,40,Desenvolvimento de Sistemas,Matutino,Híbrido,Pomerode,2064,9.7,72.3,5.2,32,87.1,6.7,20.1,Sim,Sim,Não,8,5.8,Não,Sim
AL00143,21,Administração,Matutino,Presencial,Blumenau,3212,12.1,79.9,6.5,29,93.5,8,5.2,Sim,Não,Não,6,7.4,Sim,Não
AL00144,26,Administração,Noturno,Presencial,Timbó,2065,7.6,80.6,8.1,19,99.9,7.6,17.7,Sim,Sim,Sim,6,8,Sim,Não
AL00145,16,Desenvolvimento de Sistemas,Noturno,Presencial,Blumenau,3600,10.3,81.9,2.3,49,100,5.4,3.8,Sim,Não,Sim,7,6.7,Sim,Não
AL00146,16,Eletromecânica,Matutino,Presencial,Pomerode,3439,5.8,96.3,7.6,49,97,8.9,8.2,Sim,Não,Não,8,8.4,Sim,Não
AL00147,19,Administração,Matutino,Presencial,Timbó,4551,6.3,78.9,7.8,35,46.6,5.9,15.4,Sim,Sim,Não,7,5.5,Não,Não
AL00148,27,Desenvolvimento de Sistemas,Noturno,Presencial,Pomerode,6330,7.1,67.8,7.9,36,72,6.1,2.9,Sim,Não,Não,9,6.6,Não,Sim
AL00149,21,Eletromecânica,Matutino,Presencial,Pomerode,4514,20.3,76.2,6.1,40,100,6.6,5,Sim,Não,Sim,8,6.7,Sim,Sim
AL00150,31,Desenvolvimento de Sistemas,Noturno,Presencial,Gaspar,2826,13.5,57.4,8.4,51,98.9,8.4,14.4,Sim,Não,Sim,7,8,Não,Não
AL00151,25,Automação Industrial,Matutino,Presencial,Brusque,4484,5.4,92.4,7.4,36,72,5.6,5,Sim,Sim,Sim,9,7,Sim,Não
AL00152,20,Desenvolvimento de Sistemas,Noturno,Presencial,Gaspar,2847,7.8,88.9,4.8,29,76.4,8.3,2.6,Sim,Não,Não,8,6.5,Sim,Não
AL00153,39,Desenvolvimento de Sistemas,Matutino,Presencial,Indaial,2351,12.1,80.7,8.3,63,92.2,6,9.1,Sim,Não,Não,4,7.1,Sim,Não
AL00154,40,Desenvolvimento de Sistemas,Matutino,Presencial,Indaial,1541,13.1,68.2,7.4,64,100,7.8,9.3,Sim,Sim,Não,7,7.9,Não,Não
AL00155,19,Eletromecânica,Noturno,Presencial,Gaspar,1917,11.9,63.9,6.2,52,83.4,8.2,6.7,Sim,Não,Não,7,6.8,Não,Não
AL00156,25,Administração,Matutino,Presencial,Pomerode,4136,12.1,86,6.5,70,99.9,5.6,6.3,Sim,Sim,Não,6,8.2,Sim,Sim
AL00157,22,Automação Industrial,Noturno,Presencial,Gaspar,3058,10,89.5,6.7,19,100,9.1,2.3,Sim,Sim,Não,6,5.8,Não,Não
AL00158,22,Eletromecânica,Noturno,Presencial,Gaspar,2125,6.2,93.7,9.1,18,90.4,5.5,4.7,Sim,Sim,Sim,6,8.5,Sim,Não
AL00159,34,Administração,Matutino,Presencial,Indaial,8183,8.9,72.1,3.9,50,82,5.9,18.1,Sim,Sim,Sim,9,6.7,Não,Sim
AL00160,29,Desenvolvimento de Sistemas,Noturno,Presencial,Blumenau,1704,6.6,80.7,6,21,100,4.4,7.9,Sim,Sim,Não,8,8.7,Sim,Não
AL00161,22,Desenvolvimento de Sistemas,Noturno,Presencial,Timbó,1542,13.2,,6.8,11,100,7.2,2.4,Não,Sim,Não,6,6.2,Sim,Sim
AL00162,30,Desenvolvimento de Sistemas,Noturno,Presencial,Timbó,1658,6.1,74.6,8.6,29,86.6,6.6,41.7,Sim,Sim,Não,6,6.1,Não,Não
AL00163,28,Automação Industrial,Matutino,Presencial,Brusque,1952,7.4,59,3.4,15,79.3,7.3,2.5,Não,Sim,Não,7,3.8,Não,Sim
AL00164,24,Eletromecânica,Matutino,Presencial,Blumenau,1768,15.9,85.5,7.1,39,100,7.9,11,Sim,Não,Não,7,7.7,Sim,Não
AL00165,39,Eletromecânica,Matutino,Presencial,Brusque,4479,7.7,76.8,7.7,49,70.9,5.2,1.9,Sim,Sim,Não,9,7.8,Sim,Não
AL00166,22,Automação Industrial,Noturno,Presencial,Timbó,2751,11.4,87.8,6,33,97.6,6.1,12.2,Sim,Não,Não,5,7.5,Sim,Sim
AL00167,25,Desenvolvimento de Sistemas,Matutino,Híbrido,Blumenau,4928,6.1,84.7,6,48,62.8,6.2,5,Sim,Sim,Não,7,6.7,Sim,Não
AL00168,37,Desenvolvimento de Sistemas,Matutino,Presencial,Timbó,2916,10.2,83,6.4,34,75.8,6,4.3,Sim,Sim,Não,8,6.3,Sim,Sim
AL00169,35,Desenvolvimento de Sistemas,Noturno,Presencial,Gaspar,3247,11.1,92.6,10,42,80.6,7.5,3.1,Sim,Sim,Não,6,7,Sim,Não
AL00170,29,Automação Industrial,Noturno,Presencial,Brusque,3623,8.8,74.9,6,21,67.8,5.6,5.6,Sim,Sim,Não,8,6,Não,Sim
AL00171,19,Desenvolvimento de Sistemas,Matutino,Híbrido,Gaspar,5755,9,71.3,8.2,52,100,8.2,4,Sim,Não,Não,7,8,Não,Não
AL00172,38,Automação Industrial,Matutino,Presencial,Pomerode,3966,7.8,90.7,5.1,35,75.9,7,4.2,Sim,Sim,Sim,8,7,Sim,Não
AL00173,16,Automação Industrial,Matutino,Presencial,Timbó,3656,13.2,100,7.8,38,100,6.1,7.1,Sim,Não,Sim,6,7.6,Sim,Não
AL00174,17,Administração,Matutino,Presencial,Timbó,6515,6.4,87.1,10,13,80.1,5.2,3.5,Sim,Sim,Não,5,7.1,Sim,Sim
AL00175,27,Eletromecânica,Noturno,Presencial,Indaial,1074,12.1,76.4,3.5,40,100,5.8,4.7,Sim,Sim,Sim,3,6.1,Sim,Sim
AL00176,19,Automação Industrial,Noturno,Presencial,Pomerode,9758,8,85.5,6.5,43,92.2,7.9,17.2,Sim,Não,Sim,6,6.7,Sim,Não
AL00177,25,Administração,Matutino,Presencial,Blumenau,994,7.9,87.5,5.5,48,75.4,5.8,6.4,Sim,Não,Sim,8,5.9,Não,Não
AL00178,31,Automação Industrial,Noturno,Presencial,Blumenau,1809,7.1,91.2,8,46,56.9,6.3,16.4,Não,Sim,Não,8,6.4,Sim,Não
AL00179,24,Administração,Noturno,Presencial,Pomerode,4339,22.6,66.2,6.3,69,98.7,4.2,2.8,Sim,Sim,Não,8,7.2,Não,Não
AL00180,26,Administração,Matutino,Híbrido,Indaial,11157,6.3,63.4,10,31,66.2,5.9,7.3,Sim,Sim,Sim,7,5,Não,Não
AL00181,27,Desenvolvimento de Sistemas,Noturno,Presencial,Blumenau,8656,0.2,70.1,8.3,23,84.2,7.3,8.1,Sim,Sim,Sim,9,6.3,Não,Não
AL00182,21,Automação Industrial,Noturno,Presencial,Indaial,4862,13.7,84.1,6.1,36,100,3.5,22,Sim,Sim,Sim,7,8.3,Sim,Não
AL00183,32,Desenvolvimento de Sistemas,Noturno,Presencial,Indaial,6677,0,84.8,7.7,11,74.3,6.1,4.5,Sim,Sim,Não,8,6.5,Sim,Não
AL00184,34,Automação Industrial,Noturno,Presencial,Pomerode,1383,5.8,76.1,8.5,49,100,6,8.9,Sim,Sim,Não,7,8.7,Sim,Não
AL00185,26,Automação Industrial,Matutino,Presencial,Timbó,4141,14.9,84.9,6.2,47,100,5.5,6.3,Sim,Não,Não,7,7.3,Sim,Não
AL00186,45,Eletromecânica,Matutino,Presencial,Pomerode,1928,2.3,93.9,7.6,33,94.9,5.2,10.7,Sim,Sim,Não,8,7.4,Sim,Não
AL00187,29,Eletromecânica,Matutino,Presencial,Pomerode,3274,10.1,99.5,7.7,38,89.9,8.6,8.5,Sim,Não,Não,7,8,Sim,Não
AL00188,20,Administração,Noturno,Presencial,Indaial,6785,0.1,86.9,7,26,72,9,6.1,Sim,Não,Não,9,7.2,Sim,Sim
AL00189,29,Desenvolvimento de Sistemas,Matutino,Presencial,Gaspar,2438,8.9,68.9,5.2,50,100,7.4,9.8,Não,Sim,Não,7,6.3,Não,Sim
AL00190,16,Automação Industrial,Matutino,Presencial,Brusque,1954,11.8,96.9,5.4,53,82.9,6.1,11.2,Sim,Não,Sim,7,6.8,Sim,Não
AL00191,36,Desenvolvimento de Sistemas,Noturno,Híbrido,Gaspar,2766,11,83.7,7.3,21,83.7,7.1,4.2,Sim,Sim,Não,6,6.7,Sim,Não
AL00192,24,Eletromecânica,Noturno,Híbrido,Indaial,6508,17.4,77.6,8.5,51,90.8,7.2,5.4,Não,Não,Sim,8,6.4,Sim,Não
AL00193,37,Automação Industrial,Noturno,Presencial,Blumenau,3628,9.2,86.6,6.9,18,96.1,7.3,3.1,Sim,Sim,Não,9,7.4,Sim,Não
AL00194,47,Automação Industrial,Noturno,Presencial,Blumenau,3084,16.4,86.5,3.7,44,100,6,3.1,Sim,Não,Não,5,6.2,Sim,Não
AL00195,30,Desenvolvimento de Sistemas,Matutino,Presencial,Brusque,2037,10.2,82.3,9.1,32,83.6,6.7,5.4,Sim,Sim,Sim,7,7.2,Sim,Não
AL00196,16,Desenvolvimento de Sistemas,Matutino,Presencial,Timbó,3363,10,80.2,9.9,38,81.1,6.4,9.2,Sim,Sim,Sim,7,7.8,Sim,Não
AL00197,27,Eletromecânica,Noturno,Presencial,Timbó,3714,8.3,73.3,4.9,26,81.4,4.8,8.9,Sim,Sim,Não,8,6.5,Não,Não
AL00198,16,Eletromecânica,Noturno,Híbrido,Indaial,2901,5.8,88,6.2,38,70.5,8,11.8,Não,Sim,Não,7,6.5,Sim,Não
AL00199,17,Desenvolvimento de Sistemas,Matutino,Presencial,Timbó,2364,9.4,75.6,3.3,45,95.2,8.7,10.8,Sim,Não,Não,8,5.6,Não,Não
AL00200,26,Eletromecânica,Noturno,Presencial,Brusque,6759,6.7,71.1,6.3,36,76.6,6,6.3,Sim,Sim,Não,9,5.8,Não,Não
AL00201,23,Eletromecânica,Matutino,Presencial,Gaspar,1970,9.1,74,5.8,32,100,7,6.1,Sim,Sim,Não,8,4.7,Não,Sim
AL00202,27,Eletromecânica,Noturno,Presencial,Gaspar,2083,7.3,84,6.1,23,92.8,6.4,19.4,Não,Sim,Sim,6,7.4,Sim,Sim
AL00203,26,Eletromecânica,Noturno,Presencial,Brusque,4742,9.1,78.1,7,36,90.8,6.1,8.3,Sim,Sim,Não,6,7,Sim,Não
AL00204,40,Desenvolvimento de Sistemas,Noturno,Presencial,Blumenau,2891,3.1,93.1,5.4,33,76.3,5.3,9.4,Sim,Sim,Não,,6.5,Sim,Não
AL00205,31,Automação Industrial,Matutino,Presencial,Blumenau,2787,9.3,89.7,5.2,24,94.2,7.3,3.6,Sim,Sim,Não,5,7.2,Sim,Sim
AL00206,40,Automação Industrial,Noturno,Presencial,Gaspar,3253,6.5,75.8,5.5,40,71.3,7.7,10.2,Sim,Sim,Não,5,5.9,Não,Não
AL00207,32,Administração,Matutino,Presencial,Brusque,1887,10.2,55.5,6.6,38,88.7,7.1,11.1,Não,Não,Sim,10,7.1,Não,Não
AL00208,33,Eletromecânica,Matutino,Presencial,Indaial,4222,11.9,72.4,6.2,42,56.7,5.2,41.1,Sim,Sim,Não,5,6.7,Não,Não
AL00209,20,Automação Industrial,Noturno,Presencial,Timbó,1296,6.8,72.3,8.3,25,72.4,7,26.6,Não,Não,Não,8,5.8,Não,Não
AL00210,29,Eletromecânica,Matutino,Presencial,Timbó,1899,9.9,100,5,52,100,6.3,8.3,Sim,Não,Não,7,8.5,Sim,Não
AL00211,16,Administração,Matutino,Presencial,Blumenau,4171,10.8,70.7,5.2,51,83.7,6.3,5.2,Sim,Não,Não,5,6.3,Não,Não
AL00212,22,desenv. sistemas,Matutino,Presencial,Blumenau,1312,9,78.8,8,58,69.6,5.5,5.1,Sim,Sim,Não,7,5.4,Não,Não
AL00213,22,Desenvolvimento de Sistemas,Matutino,Híbrido,Pomerode,4348,6,91.9,10,31,67.5,6.9,8.1,Sim,Não,Sim,8,7.5,Sim,Não
AL00214,16,Desenvolvimento de Sistemas,Noturno,Presencial,Gaspar,2214,11.6,94.9,5.9,36,80.4,7.7,12.7,Sim,Não,Não,8,6.2,Sim,Não
AL00215,18,Automação Industrial,Matutino,Presencial,Brusque,3353,10.7,83.4,4,57,77.5,8.1,3.9,Sim,Não,Não,7,4.7,Não,Não
AL00216,33,Desenvolvimento de Sistemas,Matutino,Presencial,Blumenau,5008,11.9,93.5,8.8,47,91.6,6.5,13.6,Sim,Não,Não,5,9.2,Sim,Não
AL00217,26,Eletromecânica,Matutino,Híbrido,Blumenau,3181,14.8,95.9,5.5,72,100,6.5,5.4,Sim,Não,Não,6,6.9,Sim,Não
AL00218,22,Eletromecânica,Matutino,Presencial,Pomerode,6135,5,72.9,7.4,23,77.7,7.3,15.6,Sim,Não,Sim,8,6.5,Não,Não
AL00219,36,Eletromecânica,Matutino,Presencial,Timbó,1516,6.2,100,8.5,32,100,6.7,12.5,Sim,Não,Sim,7,8.9,Sim,Não
AL00220,42,Desenvolvimento de Sistemas,Matutino,Presencial,Gaspar,2224,3.3,80.9,10,26,100,6.3,3.7,Não,Sim,Não,8,6.8,Sim,Sim
AL00221,17,Administração,Noturno,Presencial,Indaial,2389,12.3,85.1,5,49,100,8.6,13.4,Sim,Sim,Sim,8,6.6,Sim,Não
AL00222,40,Desenvolvimento de Sistemas,Matutino,Híbrido,Brusque,3938,7.4,88.8,6.6,47,100,5.8,9.1,Sim,Sim,Sim,5,8.1,Sim,Não
AL00223,24,Desenvolvimento de Sistemas,Matutino,Presencial,Timbó,4464,5.1,92.8,5.1,50,98.7,7,5.7,Sim,Sim,Não,8,7.1,Sim,Não
AL00224,18,Desenvolvimento de Sistemas,Matutino,Presencial,Gaspar,8853,13.7,84.6,7.1,28,79.9,7.3,8.1,Sim,Não,Sim,6,7.5,Sim,Não
AL00225,16,Eletromecânica,Matutino,Presencial,Pomerode,3703,9.5,97.6,3.1,30,95.3,6.6,3.8,Sim,Sim,Não,7,7.4,Sim,Não
AL00226,26,Eletromecânica,Noturno,Presencial,Pomerode,6803,12.4,89.4,4.3,50,100,5.6,10.3,Sim,Sim,Sim,6,6.8,Sim,Não
AL00227,28,Administração,Matutino,Presencial,Gaspar,3821,8.5,92.1,7.6,13,82.3,8.3,9.1,Sim,Não,Sim,8,7.8,Sim,Não
AL00228,33,Administração,Noturno,Presencial,Gaspar,4043,12,88.8,7.2,46,100,6.8,22.6,Sim,Sim,Sim,6,8.6,Sim,Não
AL00229,16,Administração,Noturno,Híbrido,Indaial,2622,9.6,73.5,6.6,37,69.8,8.4,9.3,Sim,Não,Não,5,6.2,Não,Não
AL00230,47,Automação Industrial,Noturno,Presencial,Pomerode,2476,5.5,84.1,7.6,17,85.2,6.1,17.2,Sim,Sim,Sim,5,7.9,Sim,Sim
AL00231,29,Desenvolvimento de Sistemas,Noturno,Presencial,Gaspar,2855,8.1,67.6,5,41,80.2,6.1,14.2,Sim,Não,Não,8,5.9,Não,Não
AL00232,16,Desenvolvimento de Sistemas,Noturno,Presencial,Pomerode,2907,11.9,88.1,8.1,43,91.9,5.1,20.3,Sim,Não,Não,6,7.8,Sim,Não
AL00233,37,Desenvolvimento de Sistemas,Matutino,Presencial,Blumenau,2482,15.8,61.8,7.2,43,88.5,5.8,1.9,Sim,Não,Não,7,6.3,Não,Não
AL00234,21,Administração,Matutino,Presencial,Indaial,2316,14.9,100,5.3,32,87.6,6.5,7.5,Sim,Sim,Não,5,7.5,Sim,Não
AL00235,40,Automação Industrial,Matutino,Híbrido,Brusque,2409,10.8,77,9.1,24,71.5,6.9,11.2,Sim,Não,Não,7,7.5,Sim,Não
AL00236,18,Eletromecânica,Noturno,Presencial,Timbó,2656,8.4,92.2,10,23,100,8.1,9.2,Não,Sim,Não,6,7.1,Sim,Não
AL00237,27,Administração,Noturno,Presencial,Brusque,1600,6.8,98,8.3,9,99,8,5.3,Não,Sim,Não,7,6.7,Sim,Sim
AL00238,28,Eletromecânica,Noturno,Presencial,Blumenau,4606,4.8,61.8,4.6,30,100,6.6,6,Sim,Sim,Não,8,5.1,Não,Sim
AL00239,28,Desenvolvimento de Sistemas,Noturno,Híbrido,Brusque,1712,0,82.4,7.8,38,80.5,6.9,3.4,Sim,Sim,Não,7,7.1,Sim,Não
AL00240,16,Eletromecânica,Matutino,Presencial,Brusque,3136,11.2,76.7,4.4,48,90,8,8.4,Sim,Não,Sim,4,7.2,Sim,Não
AL00241,30,Administração,Noturno,Presencial,Blumenau,3602,5.6,96.7,6,39,90.8,5.8,4.4,Sim,Sim,Sim,6,6.5,Sim,Não
AL00242,22,Automação Industrial,Noturno,Presencial,Timbó,2356,11.8,100,5.7,30,100,7.2,8.3,Sim,Não,Não,8,7.8,Sim,Não
AL00243,34,Administração,Noturno,Presencial,Brusque,3919,5.1,67.4,6.8,30,100,6.5,8.7,Sim,Sim,Não,6,5.9,Não,Não
AL00244,27,Eletromecânica,Noturno,Presencial,Indaial,1413,7.1,69.3,5.3,46,75.3,7.5,15.7,Sim,Não,Não,5,4.7,Não,Sim
AL00245,24,Automação Industrial,Noturno,Presencial,Indaial,2681,5.8,77,6.2,23,72,6,4,Não,Sim,Não,7,5.4,Não,Não
AL00246,22,Eletromecânica,Matutino,Híbrido,Timbó,4492,17.1,86.7,7.1,55,99,6.8,2.6,Sim,Não,Sim,7,7.4,Sim,Sim
AL00247,16,Automação Industrial,Matutino,Presencial,Indaial,3847,10.4,64.3,6.5,25,97.5,7.9,7.3,Sim,Não,Não,7,7,Não,Sim
AL00248,29,Desenvolvimento de Sistemas,Noturno,Presencial,Brusque,5728,8.6,87.8,8.3,23,80.1,7.3,14.3,Não,Sim,Sim,10,8,Sim,Não
AL00249,29,Desenvolvimento de Sistemas,Matutino,Presencial,Indaial,3550,16.4,93.2,4.9,52,95.7,6,2.1,Sim,Não,Não,7,6.8,Sim,Não
AL00250,22,Administração,Noturno,Presencial,Pomerode,2302,1.4,87.4,3.9,32,71.1,8.2,3.7,Não,Sim,Não,7,5.6,Não,Sim
AL00251,30,Administração,Noturno,Presencial,Pomerode,3103,12.4,94.8,7,31,100,5.6,22.2,Sim,Sim,Não,5,7.9,Sim,Não
AL00252,16,Administração,Noturno,Presencial,Blumenau,900,4,81.7,3.2,17,78.7,5.7,5.8,Sim,Sim,Não,5,5,Não,Sim
AL00253,26,Eletromecânica,Matutino,Presencial,Pomerode,5286,8.9,70.8,3.4,35,96.6,5.9,11,Não,Sim,Não,8,4.7,Não,Não
AL00254,37,Desenvolvimento de Sistemas,Matutino,Híbrido,Indaial,3787,8.6,87.7,8,31,75.1,6.7,5.5,Sim,Sim,Não,8,7.7,Sim,Não
AL00255,47,Eletromecânica,Matutino,Presencial,Blumenau,3538,3.7,79.2,5.7,56,82.4,5.8,12.3,Sim,Sim,Não,7,5.4,Não,Não
AL00256,16,Administração,Noturno,Presencial,Pomerode,2916,6.6,74.4,6,5,65.3,7.5,5.2,Sim,Não,Não,7,5.6,Não,Não
AL00257,25,Desenvolvimento de Sistemas,Matutino,Híbrido,Gaspar,7393,9.6,100,7.4,38,84,6.7,1.6,Sim,Sim,Não,8,7.3,Sim,Não
AL00258,40,Automação Industrial,Matutino,Presencial,Gaspar,2567,3.2,82.2,7,39,69.2,7.6,3.6,Sim,Sim,Não,7,6.5,Sim,Não
AL00259,19,Desenvolvimento de Sistemas,Noturno,Presencial,Brusque,1311,7.6,94.9,6.7,36,85.4,7.6,36.1,Não,Não,Não,9,5.9,Não,Não
AL00260,35,Automação Industrial,Matutino,Presencial,Indaial,4149,10.6,79.1,6.2,31,77.8,5.1,13.4,Não,Sim,Não,7,5.5,Não,Não
AL00261,35,Administração,Matutino,Presencial,Pomerode,2418,3.8,86.3,5.6,21,69.7,7.3,6.4,Sim,Sim,Não,7,5.9,Não,Não
AL00262,33,Eletromecânica,Matutino,Presencial,Blumenau,6787,10.6,90,7.3,3,97.4,6.3,13.2,Sim,Não,Sim,6,6.1,Sim,Não
AL00263,16,Desenvolvimento de Sistemas,Matutino,Presencial,Indaial,3305,8.4,96.4,6.5,8,83.8,7.9,4,Sim,Não,Não,7,6.4,Sim,Não
AL00264,40,Administração,noturno ,Presencial,Timbó,3422,8.6,71.8,6.2,40,59.8,5.1,2,Sim,Sim,Sim,7,6.5,Não,Não
AL00265,33,Automação Industrial,Matutino,Híbrido,Pomerode,2322,6.4,60.9,6.6,41,90.7,4.8,9.7,Sim,Sim,Não,5,5.4,Não,Sim
AL00266,21,Administração,Noturno,Híbrido,Indaial,9009,15.2,91.1,8.8,41,82.5,4.7,4.1,Sim,Não,Não,6,8.1,Sim,Não
AL00267,28,Automação Industrial,Noturno,Presencial,Blumenau,6079,7.2,66.8,8.2,35,88.8,5.5,3.6,Não,Não,Não,4,6.4,Não,Sim
AL00268,27,Automação Industrial,Matutino,Presencial,Indaial,5063,4.8,75.8,5.3,42,76.5,7.3,5.1,Sim,Sim,Não,7,5.6,Não,Não
AL00269,27,Administração,Noturno,Presencial,Blumenau,3991,6.7,93.4,6,46,100,7.6,8.4,Sim,Não,Não,8,7.7,Sim,Não
AL00270,24,Eletromecânica,Matutino,Presencial,Blumenau,1925,8.4,83.9,6.8,23,74.2,6.4,1.9,Sim,Sim,Não,8,6.4,Sim,Não
AL00271,37,Administração,Noturno,Presencial,Indaial,3247,7.2,89.9,6.7,28,89.1,6.3,8.8,Sim,Sim,Sim,10,5.5,Não,Não
AL00272,37,Eletromecânica,Matutino,Presencial,Blumenau,3679,8,90.4,6.4,28,89.7,6.5,4.7,Sim,Não,Não,8,6.7,Sim,Não
AL00273,29,Desenvolvimento de Sistemas,Noturno,Presencial,Blumenau,3499,17.3,78.3,10,45,89.1,5.1,4.8,Sim,Sim,Não,7,6.9,Sim,Não
AL00274,16,Administração,Noturno,Presencial,Gaspar,1587,9.6,93.4,7.7,55,100,7.7,3.2,Sim,Não,Não,10,9.2,Sim,Não
AL00275,26,Eletromecânica,Matutino,Presencial,Pomerode,3904,11.6,73.8,9.1,25,81.3,9.4,3.3,Não,Não,Não,5,6.2,Não,Não
AL00276,34,Eletromecânica,Matutino,Presencial,Gaspar,1216,17.8,97.6,7.7,65,100,8.4,11.9,Sim,Não,Não,6,9.1,Sim,Sim
AL00277,34,Automação Industrial,Noturno,Presencial,Brusque,6133,0,81.2,4.4,29,83.3,5.9,10.3,Sim,Sim,Sim,6,5.5,Não,Não
AL00278,34,Automação Industrial,Noturno,Presencial,Pomerode,2732,9.8,89.6,6.5,59,98.2,6.3,0.9,Sim,Sim,Não,6,5.7,Não,Sim
AL00279,20,Administração,Noturno,Presencial,Blumenau,1974,6.4,100,8,44,74.7,8.6,6.3,Não,Não,Sim,6,6.3,Sim,Não
AL00280,36,Automação Industrial,Matutino,Presencial,Indaial,1032,6.6,85,7.1,44,64.3,5.5,2.3,Sim,Sim,Não,8,6.2,Sim,Não
AL00281,29,Administração,Matutino,Presencial,Timbó,2638,5.1,86.6,10,43,78.8,6.2,10.6,Sim,Sim,Sim,8,6.9,Sim,Não
AL00282,29,Administração,Noturno,Presencial,Brusque,1625,14.5,97.6,7.8,67,100,7,5.1,Sim,Sim,Não,8,7.6,Sim,Sim
AL00283,22,Automação Industrial,Matutino,Presencial,Pomerode,2890,5.2,61.8,4.9,28,87.8,7.4,9.9,Sim,Não,Sim,8,5,Não,Não
AL00284,32,Desenvolvimento de Sistemas,Matutino,Presencial,Gaspar,1940,8.9,76.5,8.9,42,89.8,6.3,8.9,Sim,Não,Não,9,8,Sim,Não
AL00285,17,Desenvolvimento de Sistemas,Noturno,Presencial,Gaspar,3244,9.8,76.7,3.7,32,88.9,8.3,4.9,Sim,Não,Não,7,6.1,Sim,Não
AL00286,36,Eletromecânica,Noturno,Presencial,Brusque,4765,14.2,84.3,9.3,59,87.2,4.7,12.7,Sim,Não,Sim,7,8,Sim,Não
AL00287,22,Desenvolvimento de Sistemas,Noturno,Híbrido,Gaspar,2856,3.1,78.3,6.6,23,85,6.3,3.7,Sim,Sim,Não,9,5.8,Não,Não
AL00288,42,Desenvolvimento de Sistemas,Matutino,Presencial,Gaspar,2505,3.6,72.9,5.2,21,69.2,7,3.7,Sim,Sim,Não,6,4.4,Não,Não
AL00289,26,Automação Industrial,Matutino,Presencial,Gaspar,2661,2.2,84.3,7.2,26,30.9,5.9,4.8,Sim,Sim,Sim,6,5.3,Não,Não
AL00290,16,Administração,Matutino,Presencial,Brusque,3303,13.4,78.3,6.5,47,86.9,6.7,6.8,Sim,Sim,Não,7,6.8,Sim,Não
AL00291,26,Desenvolvimento de Sistemas,Noturno,Presencial,Brusque,2042,13.4,81.5,6.2,57,72.2,7,5.5,Não,Não,Não,8,5.6,Não,Sim
AL00292,16,Eletromecânica,Matutino,Presencial,Timbó,2194,12.8,91,6.5,58,100,7.8,4.3,Sim,Sim,Sim,8,8.3,Sim,Não
AL00293,22,Eletromecânica,Matutino,Presencial,Blumenau,1793,7.1,90.1,4.6,22,81,6.5,17.8,Sim,Sim,Não,9,7,Sim,Não
AL00294,41,Eletromecânica,Matutino,Presencial,Blumenau,3898,9.2,90.6,4.1,33,85.4,6.7,11.8,Sim,Sim,Não,10,6.4,Sim,Não
AL00295,16,Eletromecânica,Matutino,Presencial,Pomerode,2381,5,82.5,3.9,45,80.7,6.6,5.3,Sim,Não,Não,8,6.4,Sim,Não
AL00296,24,Desenvolvimento de Sistemas,Noturno,Presencial,Blumenau,2359,11.7,89.6,6.4,54,89.2,4.2,2.4,Sim,Sim,Sim,9,7,Sim,Não
AL00297,35,Automação Industrial,Matutino,Híbrido,Pomerode,2309,8.9,,8,25,74.6,5.9,6,Sim,Não,Não,6,5.2,Não,Sim
AL00298,25,Desenvolvimento de Sistemas,Noturno,Presencial,Pomerode,3541,1.2,76.7,8.3,12,74,6.8,3.7,Sim,Sim,Não,6,6,Sim,Não
AL00299,31,Eletromecânica,Matutino,Presencial,Indaial,3646,10.1,79.4,6.7,20,89.9,6.7,15.6,Sim,Sim,Sim,8,7.6,Sim,Não
AL00300,23,Automação Industrial,Matutino,Presencial,Brusque,4312,13.3,85.4,6.9,38,95.2,4.7,11.9,Sim,Sim,Não,8,6.7,Sim,Sim
AL00301,20,Eletromecânica,Matutino,Presencial,Blumenau,6704,6.5,74.6,6.2,27,100,7.7,17.5,Sim,Não,Não,9,5.5,Não,Não
AL00302,28,Desenvolvimento de Sistemas,Noturno,Híbrido,Gaspar,2862,10,82.3,9,51,78.4,7.7,14.9,Não,Sim,Sim,7,8.1,Sim,Sim
AL00303,20,Desenvolvimento de Sistemas,Matutino,Híbrido,Brusque,2599,12.3,83,4,31,72.9,6.2,12.1,Sim,Sim,Não,8,6.4,Sim,Não
AL00304,39,Eletromecânica,Matutino,Presencial,Blumenau,1767,9.9,87.1,5.1,33,74.9,5.5,15.4,Não,Sim,Não,6,5.6,Não,Não
AL00305,29,Administração,Matutino,Híbrido,Indaial,3494,9.5,73.7,7.7,61,68.3,4.7,5.3,Não,Sim,Não,7,6.5,Não,Não
AL00306,38,Automação Industrial,Matutino,Híbrido,Pomerode,1900,15.6,83.7,6.6,24,79.8,4.7,10,Sim,Sim,Não,8,6.6,Sim,Não
AL00307,17,Administração,Matutino,Híbrido,Gaspar,5691,6,80.3,5.7,37,98.5,7,2.3,Sim,Sim,Não,6,6.4,Sim,Não
AL00308,22,Automação Industrial,Matutino,Hibrido,Brusque,4103,16.7,100,6.7,38,78,7.4,4.6,Sim,Não,Não,5,7.6,Sim,Não
AL00309,29,Administração,Matutino,Híbrido,Indaial,2589,7.2,89.7,4.2,27,77.6,6.2,7.9,Sim,Sim,Não,6,5.7,Não,Não
AL00310,32,Administração,Matutino,Presencial,Blumenau,9152,8.2,87.3,3.9,15,96.9,6.2,2.9,Não,Sim,Não,5,4.5,Não,Não
AL00311,35,Eletromecânica,Noturno,Presencial,Pomerode,2929,1.5,87.8,4.8,31,79.2,6.1,2.1,Sim,Sim,Sim,8,6.5,Sim,Não
AL00312,20,Administração,Matutino,Presencial,Brusque,2504,13.8,65.6,6.1,38,93.7,7,6.5,Sim,Sim,Não,8,6.7,Não,Sim
AL00313,27,Automação Industrial,Noturno,Híbrido,Indaial,7445,13.5,68.5,7.9,51,100,6.2,5.7,Sim,Sim,Sim,5,8,Não,Sim
AL00314,39,Eletromecânica,Noturno,Presencial,Brusque,5352,11.6,79.8,8.4,25,100,7.4,12.9,Sim,Sim,Sim,6,7.2,Sim,Não
AL00315,27,Automação Industrial,Matutino,Híbrido,Blumenau,3555,0,65.1,5,27,55.8,5.8,5.4,Sim,Sim,Não,8,4.1,Não,Sim
AL00316,38,Automação Industrial,Noturno,Presencial,Indaial,1828,14.3,84.9,5.7,47,99.5,5.7,5.3,Sim,Sim,Não,7,7.3,Sim,Não
AL00317,24,Automação Industrial,Matutino,Presencial,Brusque,6743,8.6,96.6,6,29,76.9,6.3,11.8,Sim,Sim,Não,9,7.1,Sim,Não
AL00318,28,Administração,Matutino,Presencial,Brusque,2727,5.8,76.8,8.1,28,90.2,5.7,9.8,Não,Sim,Não,5,6.4,Sim,Sim
AL00319,28,Desenvolvimento de Sistemas,Matutino,Presencial,Indaial,3246,14.4,71.6,5.3,27,90.5,4.6,4.3,Sim,Não,Não,10,7.5,Não,Não
AL00320,28,Eletromecânica,Noturno,Presencial,Gaspar,2673,7,94.7,4.6,43,86,7.4,7,Não,Sim,Não,6,6.8,Sim,Não
AL00321,27,Eletromecânica,Noturno,Híbrido,Timbó,3034,18,99.7,5.7,31,81.6,8.2,2.9,Sim,Não,Não,6,6.4,Sim,Não
AL00322,30,Administração,Matutino,Presencial,Blumenau,2056,10.2,80.7,5.1,60,96.7,6.2,5.1,Não,Não,Não,6,5.7,Não,Não
AL00323,23,Automação Industrial,Matutino,Híbrido,Blumenau,5172,0.2,93.7,9.9,49,64.1,3.7,12.8,Sim,Sim,Sim,10,7.9,Sim,Não
AL00324,24,Eletromecânica,Noturno,Presencial,Timbó,3143,12.7,84.2,5.7,37,81.5,7.4,16.3,Sim,Não,Não,6,6.2,Sim,Sim
AL00325,16,Administração,Noturno,Híbrido,Indaial,2577,2.6,89.3,7.9,42,98.3,5.8,8.3,Sim,Sim,Não,6,8.2,Sim,Não
AL00326,17,Desenvolvimento de Sistemas,Noturno,Presencial,Brusque,6382,1.2,88.9,7,60,77.3,6.2,2.3,Sim,Sim,Não,8,7,Sim,Não
AL00327,20,Administração,Matutino,Presencial,Gaspar,4176,6.5,85.8,9.7,37,56.7,7,5,Sim,Não,Não,7,7,Sim,Não
AL00328,26,Eletromecânica,Noturno,Presencial,Gaspar,3082,4.3,85.6,5.9,23,76.1,5.5,6.8,Sim,Sim,Sim,8,5.5,Não,Não
AL00329,16,Administração,Matutino,Presencial,Pomerode,4639,12.8,76.2,4.7,42,99,7.7,2.7,Sim,Não,Sim,9,6.8,Sim,Sim
AL00330,16,Administração,Matutino,Presencial,Blumenau,2593,0.6,72.2,5.4,25,81.5,5.7,5.1,Sim,Sim,Sim,7,5.8,Não,Não
AL00331,16,Automação Industrial,Matutino,Presencial,Indaial,2747,8.5,68.1,3.7,26,88.9,8.7,3.4,Não,Sim,Não,6,5.3,Não,Não
AL00332,19,Automação Industrial,Matutino,Presencial,Pomerode,2741,6.4,94.6,6,39,54.2,7.7,18.2,Sim,Não,Não,,6.3,Sim,Não
AL00333,36,Eletromecânica,Noturno,Presencial,Gaspar,1218,6.6,81,9,23,72.8,6.4,3.5,Sim,Sim,Não,8,6.4,Sim,Não
AL00334,29,Desenvolvimento de Sistemas,Matutino,Híbrido,Pomerode,3118,9.9,91.1,7.6,48,67.2,6.4,5.7,Sim,Não,Não,5,8,Sim,Não
AL00335,41,Automação Industrial,Matutino,Presencial,Blumenau,2422,8.9,70.8,8.1,26,84.1,7.7,6.2,Sim,Sim,Não,7,6.5,Não,Não
AL00336,34,Administração,Matutino,Presencial,Pomerode,5537,4,,6.5,41,76.4,7.4,2.7,Sim,Sim,Sim,9,6.1,Sim,Não
AL00337,30,Desenvolvimento de Sistemas,Noturno,Presencial,Pomerode,2454,8.6,74.5,7.7,36,80,6.8,14,Não,Sim,Não,7,5.7,Não,Não
AL00338,27,Desenvolvimento de Sistemas,Matutino,Presencial,Timbó,1349,5.6,77.9,6.3,37,91.5,6.2,19.7,Sim,Sim,Não,8,6,Sim,Não
AL00339,23,Desenvolvimento de Sistemas,Noturno,Presencial,Brusque,1501,4.1,82.7,7.1,31,68.5,5.9,8.7,Sim,Sim,Não,6,5,Não,Sim
AL00340,40,Automação Industrial,Noturno,Presencial,Timbó,4719,10,86.1,8.2,7,95.2,5.5,2.9,Sim,Sim,Não,7,6.3,Sim,Não
AL00341,25,Desenvolvimento de Sistemas,Noturno,Presencial,Indaial,2132,6.6,82.3,4,17,95.3,4.6,7,Não,Sim,Sim,6,5.5,Não,Sim
AL00342,16,Eletromecânica,Matutino,Presencial,Brusque,2297,10.1,91.1,5.8,26,72.2,9.4,15.4,Não,Não,Não,6,6.4,Sim,Sim
AL00343,29,Automação Industrial,Noturno,Presencial,Gaspar,3210,7.9,77,5.2,28,100,6.1,4.3,Sim,Sim,Não,7,6.9,Sim,Não
AL00344,33,Administração,Matutino,Presencial,Brusque,1108,7.2,77.2,6.3,13,79.6,6.7,20.4,Sim,Sim,Sim,7,7.2,Sim,Não
AL00345,29,Eletromecânica,Noturno,Presencial,Indaial,2852,8.7,73.5,5.2,45,68.1,4.3,4.6,Sim,Sim,Não,8,4.9,Não,Não
AL00346,16,Administração,Matutino,Presencial,Blumenau,1459,8.7,79.5,5.1,48,86.2,5.3,11.8,Sim,Não,Não,7,7.4,Sim,Não
AL00347,16,Eletromecânica,Noturno,Presencial,Brusque,1627,3.9,78.5,7.8,41,80.5,6.6,11.8,Sim,Sim,Não,5,6.7,Sim,Não
AL00348,22,Automação Industrial,Matutino,Presencial,Brusque,3407,7.7,83.3,7.9,27,100,5.3,9.1,SIM,Sim,Não,4,7.5,Sim,Não
AL00349,27,Desenvolvimento de Sistemas,Noturno,Presencial,Brusque,1826,5.8,67.1,7.1,6,91.9,6.4,5.3,Não,Não,Sim,8,6.7,Não,Não
AL00350,46,Automação Industrial,Matutino,Presencial,Timbó,2346,7.4,86.1,6.8,52,85.5,8.4,2.9,Sim,Não,Não,8,7,Sim,Sim
AL00351,41,Desenvolvimento de Sistemas,Matutino,Híbrido,Brusque,6325,16.7,88.1,5.5,41,79.5,6.4,1.1,Não,Sim,Não,8,6.3,Sim,Sim
AL00352,16,Automação Industrial,Matutino,Presencial,Brusque,2584,11.6,96.2,7.2,23,88.4,7.4,11.2,Sim,Não,Sim,5,7.7,Sim,Sim
AL00353,21,Eletromecânica,Noturno,Presencial,Indaial,2364,9.7,97.5,4.4,35,100,7.5,3.8,Sim,Não,Não,6,6.8,Sim,Sim
AL00354,25,Automação Industrial,Noturno,Presencial,Gaspar,2746,6.4,89.2,5.7,59,100,5.8,5.7,Não,Sim,Não,7,7.7,Sim,Não
AL00355,25,Automação Industrial,Noturno,Presencial,Brusque,2999,7.8,97.2,4,35,92.5,7.1,1.2,Sim,Sim,Não,9,5.9,Não,Não
AL00356,44,Automação Industrial,Noturno,Presencial,Gaspar,1708,10.1,83.6,6,62,66.6,5.7,9.6,Sim,Não,Não,9,7.1,Sim,Não
AL00357,22,Desenvolvimento de Sistemas,Noturno,Presencial,Timbó,2629,6.2,96.6,5.6,41,100,6.5,3.9,Não,Sim,Não,7,7.1,Sim,Sim
AL00358,47,Eletromecânica,Noturno,Presencial,Pomerode,4172,1.1,87,5.4,22,81.1,5.5,7,Sim,Sim,Não,7,5.6,Não,Sim
AL00359,16,Automação Industrial,Matutino,Presencial,Brusque,1913,16.6,94.3,7.9,37,100,5.8,17.4,Sim,Não,Não,7,8.2,Sim,Não
AL00360,16,Automação Industrial,Noturno,Presencial,Blumenau,6447,11.1,100,6.6,36,100,6.6,1,Sim,Sim,Não,7,6.5,Sim,Não
AL00361,40,Desenvolvimento de Sistemas,Noturno,Presencial,Brusque,3420,4.6,74,6.5,36,75.1,6.1,12.4,Sim,Sim,Sim,7,5.4,Não,Não
AL00362,20,Administração,Noturno,Presencial,Gaspar,1822,9.4,78.4,5.8,25,90.9,8.4,12.6,Sim,Não,Não,8,5.9,Não,Não
AL00363,29,Administração,Matutino,Presencial,Gaspar,5192,8.9,78.8,8.3,36,81.6,6.7,11.3,Não,Sim,Não,8,8.1,Sim,Não
AL00364,44,Eletromecânica,Noturno,Presencial,Timbó,4056,9.8,92.8,5.5,43,77.1,6.4,13,Sim,Sim,Sim,8,5.9,Não,Não
AL00365,17,Eletromecânica,Noturno,Presencial,Timbó,2971,6.2,78.9,3.8,18,86.5,6.5,3.4,Sim,Sim,Não,6,4.8,Não,Não
AL00366,53,Eletromecânica,Noturno,Híbrido,Gaspar,2344,6.6,71.8,6.9,42,61,6.5,4,Sim,Sim,Não,5,6.2,Não,Não
AL00367,16,Eletromecânica,Matutino,Presencial,Brusque,2532,9.6,87.3,6,48,83.9,5.6,15.7,Sim,Sim,Não,8,7.2,Sim,Não
AL00368,26,Eletromecânica,Noturno,Presencial,Blumenau,7833,3.4,100,6.5,32,88.5,6.7,5.1,Sim,Sim,Não,8,7.3,Sim,Não
AL00369,16,Administração,Matutino,Presencial,Pomerode,2407,13.5,68.5,7,45,97.4,6.1,2.9,Sim,Não,Não,8,6.3,Não,Sim
AL00370,18,Desenvolvimento de Sistemas,Matutino,Presencial,Indaial,1257,10.3,78,6.9,44,61.1,6.3,3.8,Sim,Sim,Sim,7,6.1,Sim,Não
AL00371,16,Eletromecânica,Noturno,Presencial,Pomerode,3801,12.2,75.1,5.1,45,98.9,5.7,6.3,Sim,Não,Sim,9,7.4,Sim,Não
AL00372,27,Administração,Noturno,Presencial,Blumenau,4880,5.4,82.9,6.5,21,43.9,5.7,5.6,Sim,Sim,Não,6,4.9,Não,Não
AL00373,16,Automação Industrial,Matutino,Presencial,Timbó,6455,10.1,87.9,7.3,25,100,7.3,4.9,Sim,Não,Sim,7,7.8,Sim,Não
AL00374,16,Administração,Noturno,Presencial,Timbó,965,14,85.6,8.2,50,81.7,7.7,5.3,Sim,Não,Sim,7,7.6,Sim,Não
AL00375,17,Desenvolvimento de Sistemas,Noturno,Presencial,Gaspar,2725,5.9,68.1,5.3,14,65.8,4.5,6.6,Sim,Não,Sim,4,6.2,Não,Não
AL00376,32,Administração,Matutino,Presencial,Gaspar,3848,0.4,75.7,7.4,5,85.5,6.8,21.8,Sim,Sim,Não,9,7.4,Sim,Não
AL00377,29,Automação Industrial,Matutino,Presencial,Gaspar,1299,5.9,73.6,8.2,51,96.4,8.2,36,Sim,Sim,Sim,8,7.2,Não,Sim
AL00378,36,Administração,Matutino,Híbrido,Gaspar,5330,5.5,83.2,7,14,64.7,5,2.7,Sim,Sim,Não,8,5.4,Não,Não
AL00379,16,Eletromecânica,Noturno,Presencial,Gaspar,1720,14,80.9,7.6,36,100,6.7,4.9,Sim,Sim,Não,7,8.3,Sim,Não
AL00380,20,Desenvolvimento de Sistemas,Matutino,Presencial,Gaspar,2225,6.7,93.8,7.9,44,71.6,5,14.5,Sim,Sim,Não,5,5.6,Não,Não
AL00381,27,Administração,Noturno,Presencial,Pomerode,1101,15.1,82.8,6.4,35,100,6.6,7.6,Sim,Não,Sim,6,7.4,Sim,Não
AL00382,44,Desenvolvimento de Sistemas,Matutino,Presencial,Brusque,3729,4.5,73.2,,19,70.7,4.9,6.6,Sim,Sim,Sim,7,5.9,Não,Não
AL00383,18,Automação Industrial,Matutino,Presencial,Blumenau,4454,14.2,85.8,5.3,75,100,7.6,8.4,Sim,Não,Não,9,8.7,Sim,Não
AL00384,16,Desenvolvimento de Sistemas,Noturno,Presencial,Blumenau,3443,0.9,78.3,6.2,28,61,7.2,4.4,Sim,Não,Não,6,6.6,Sim,Não
AL00385,33,Desenvolvimento de Sistemas,Matutino,Presencial,Blumenau,1881,13.9,81,7.2,26,100,6.6,5.3,Sim,Não,Sim,7,9,Sim,Não
AL00386,26,Eletromecânica,Matutino,Presencial,Blumenau,,3.8,75.6,7.5,23,80.6,7.7,5.5,Sim,Sim,Não,7,6.6,Sim,Não
AL00387,41,Administração,Matutino,Presencial,Timbó,1587,3.1,85.9,6.2,36,79.3,7.9,10.4,Sim,Sim,Não,8,7,Sim,Não
AL00388,32,Automação Industrial,Matutino,Presencial,Blumenau,4476,8.2,77.7,5.4,56,93.4,7.8,9.1,Não,Não,Sim,8,7.4,Sim,Não
AL00389,31,Desenvolvimento de Sistemas,Matutino,Presencial,Brusque,3226,8.4,65.7,8.5,48,61.3,6.6,24.3,Sim,Sim,Não,6,6,Não,Não
AL00390,16,Desenvolvimento de Sistemas,Noturno,Presencial,Blumenau,4630,14.3,85.1,6.9,48,89.2,8.4,4.1,Sim,nao,Não,5,7.5,Sim,Não
AL00391,20,Automação Industrial,Noturno,Presencial,Gaspar,2211,19.9,76.8,8.3,20,100,6.2,4.2,Não,Não,Não,7,9.3,Sim,Não
AL00392,20,Administração,Matutino,Presencial,Gaspar,7935,7.1,94.1,5.4,22,86.6,7.7,3.1,Sim,Não,Não,9,6,Sim,Não
AL00393,20,Automação Industrial,Matutino,Presencial,Gaspar,2129,17.5,73.3,6.7,72,100,8.2,7.3,Sim,Não,Não,8,7.7,Não,Não
AL00394,20,Desenvolvimento de Sistemas,Noturno,Híbrido,Gaspar,2034,3.5,72.5,4.7,35,78.8,6,13.6,Sim,Não,Sim,7,6,Não,Não
AL00395,16,Desenvolvimento de Sistemas,Matutino,Presencial,Blumenau,2710,2.2,53.3,8.9,35,81.3,7.3,6.3,Sim,Não,Não,9,5.7,Não,Sim
AL00396,33,Automação Industrial,Matutino,Presencial,Brusque,973,6.1,75.2,7.9,46,93.3,5.9,2.4,Sim,Sim,Não,7,7.4,Sim,Não
AL00397,46,Eletromecânica,Noturno,Presencial,Gaspar,1847,13.3,75.1,7.3,35,86.7,6.4,5.8,Sim,Não,Não,6,6.1,Sim,Não
AL00398,39,Eletromecânica,Matutino,Híbrido,Timbó,2316,0,97.4,4.3,11,100,5.3,16.1,Sim,Sim,Sim,8,6.7,Sim,Não
AL00399,40,Eletromecânica,Matutino,Presencial,Timbó,1561,7,97.5,4.4,31,91.4,7.8,11.4,Sim,Sim,Não,6,6.7,Sim,Sim
AL00400,26,Desenvolvimento de Sistemas,Noturno,Presencial,Indaial,2678,12.6,78.9,6.3,30,68.1,7.1,4,Sim,Não,Sim,9,6.7,Sim,Não
AL00401,33,Eletromecânica,Noturno,Presencial,Pomerode,1784,4,,5.6,23,81.7,4.8,3.9,Sim,Sim,Sim,8,5.2,Não,Não
AL00402,27,Desenvolvimento de Sistemas,Matutino,Híbrido,Indaial,2938,8.2,82.7,7,38,99.7,7.3,5.4,Sim,Sim,Sim,6,7.2,Sim,Não
AL00403,19,Eletromecânica,Matutino,Presencial,Timbó,5335,13.7,88.8,4.5,43,100,7,7.3,Sim,Sim,Sim,10,7.5,Sim,Não
AL00404,39,Eletromecânica,Noturno,Presencial,Indaial,3104,2.8,84.1,6.8,43,69.5,7,8.6,Sim,Sim,Não,5,5.6,Não,Sim
AL00405,34,Automação Industrial,Noturno,Presencial,Pomerode,2487,10.3,88.1,4.8,37,80.7,9.2,5.4,Sim,Sim,Não,8,5.6,Não,Não
AL00406,31,Desenvolvimento de Sistemas,Noturno,Presencial,Pomerode,4592,11.2,67.6,7.8,24,74.9,6.9,3.9,Sim,Sim,Não,7,5.7,Não,Sim
AL00407,43,Desenvolvimento de Sistemas,Noturno,Presencial,Pomerode,2577,15.4,90.1,8.3,46,65,5.8,8.2,Sim,Sim,Não,7,5.8,Não,Não
AL00408,34,Administração,Matutino,Presencial,Gaspar,7468,7.5,97.7,7.5,29,67.6,6.7,9.5,Não,Sim,Não,7,6.4,Sim,Não
AL00409,39,Administração,Noturno,Presencial,Indaial,1526,15.2,78.8,5.6,66,100,6.9,3.5,Sim,Não,Sim,5,7.7,Sim,Não
AL00410,31,Automação Industrial,Noturno,Presencial,Pomerode,1747,15.9,53.2,7.3,61,100,6.5,3.3,Sim,Sim,Sim,8,5.3,Não,Não
AL00411,17,Automação Industrial,Noturno,Presencial,Indaial,5562,6.7,75.9,5.6,40,66.8,8.6,9.1,Sim,Não,Não,8,6.3,Sim,Não
AL00412,35,Desenvolvimento de Sistemas,Matutino,Presencial,Blumenau,8411,4.6,92,6.3,40,83.2,6.1,8.2,Não,Sim,Sim,5,7.4,Sim,Sim
AL00413,22,Desenvolvimento de Sistemas,Noturno,Presencial,Blumenau,5090,18.6,75.8,4.8,67,100,7.1,4.6,Sim,Sim,Não,7,6.7,Sim,Não
AL00414,20,Administração,Matutino,Híbrido,Indaial,900,0,77,,47,79.7,8,5.4,Não,Sim,Sim,7,5.1,Não,Não
AL00415,28,Administração,Noturno,Presencial,Brusque,2524,9.9,88,8.6,42,84.9,5.4,7.6,Não,Sim,Não,8,6.4,Sim,Não
AL00416,29,Desenvolvimento de Sistemas,Noturno,Presencial,Indaial,2499,11.6,85.5,7.4,19,100,8,12.5,Sim,Sim,Não,7,7.2,Sim,Não
AL00417,17,Desenvolvimento de Sistemas,Matutino,Presencial,Gaspar,2207,2.7,90.1,5.4,42,97.7,6.8,18.4,Não,Sim,Sim,7,6.7,Sim,Não
AL00418,20,Eletromecânica,Noturno,Presencial,Blumenau,2679,5.1,74.5,5.3,35,62.7,5.3,7.4,Não,Sim,Não,6,4.4,Não,Não
AL00419,24,Desenvolvimento de Sistemas,Noturno,Presencial,Blumenau,3607,10.6,127,,20,100,7.1,5.6,Sim,Sim,Não,6,7.1,Sim,Não
AL00420,27,Automação Industrial,Matutino,Presencial,Timbó,,8.4,67.2,7.4,32,81.8,6.5,3.4,Não,Sim,Não,5,6.1,Não,Não
AL00421,22,Automação Industrial,Noturno,Presencial,Blumenau,2441,10.6,79.1,5.2,40,71.3,4,13.5,Sim,Sim,Não,6,6,Sim,Não
AL00422,34,Desenvolvimento de Sistemas,Noturno,Presencial,Timbó,1830,6.9,91.6,5.2,36,93.3,6.1,8.1,Sim,Sim,Não,6,7.5,Sim,Não
AL00423,23,desenv. sistemas,Noturno,Presencial,Pomerode,7311,6.9,71,4,29,63.5,6.1,4.6,Sim,Não,Não,8,2.5,Não,Não
AL00424,33,Desenvolvimento de Sistemas,Matutino,Presencial,Indaial,3199,7.2,99,9.2,33,51.5,6.7,5.6,Sim,Sim,Sim,8,6.3,Sim,Não
AL00425,21,Desenvolvimento de Sistemas,Noturno,Presencial,Gaspar,1370,19,72.7,7,57,100,8.4,4.6,Sim,Não,Não,9,7.7,Não,Não
AL00426,16,Administração,Matutino,Presencial,Brusque,2840,10.2,78.2,6.1,29,83.3,6.7,7.9,Sim,Sim,Não,5,7.5,Sim,Não
AL00427,37,Desenvolvimento de Sistemas,Matutino,Presencial,Pomerode,1535,7.9,89.9,6.8,30,81.7,5.6,4.8,Sim,Não,Não,3,6.4,Sim,Não
AL00428,30,Automação Industrial,Noturno,Híbrido,Timbó,5152,11.4,84.7,6.3,43,97.8,7,22.6,Sim,Sim,Sim,7,6.8,Sim,Não
AL00429,38,Automação Industrial,Matutino,Presencial,Timbó,7940,4.2,71.4,7.2,21,75.1,6.8,8.7,Sim,Sim,Não,8,6.3,Não,Sim
AL00430,19,Administração,Matutino,Presencial,Pomerode,4748,0,,6.2,5,72.9,4.4,6,Sim,Sim,Não,6,5.8,Não,Não
AL00431,32,Administração,Noturno,Presencial,Indaial,2777,15.6,81.4,3.2,62,100,8.3,8.6,Sim,Sim,Sim,8,6.9,Sim,Sim
AL00432,19,Desenvolvimento de Sistemas,Matutino,Presencial,Blumenau,2647,8.5,,7.5,36,59.1,7.3,5.2,Sim,Sim,Não,6,6,Sim,Não
AL00433,16,Administração,Noturno,Presencial,Pomerode,6041,9.3,83.1,6.3,42,88.9,6.2,28.3,Sim,Sim,Não,7,6,Sim,Não
AL00434,17,Desenvolvimento de Sistemas,Noturno,Híbrido,Gaspar,7359,10.4,83,5.7,48,100,7.4,2.8,Não,Não,Sim,7,7.3,Sim,Não
AL00435,36,Administração,Noturno,Presencial,Blumenau,7236,10.2,86.8,6.5,23,84.6,6.9,4.1,Sim,Sim,Sim,8,6.9,Sim,Não
AL00436,34,Automação Industrial,Matutino,Presencial,Timbó,2413,6.9,83.8,6.2,21,82.2,6.6,7,Não,Não,Não,5,5.3,Não,Não
AL00437,28,Desenvolvimento de Sistemas,Noturno,Híbrido,Gaspar,1294,4.4,76.2,7.6,26,85.2,4.7,4.7,Sim,Não,Não,10,6.7,Sim,Não
AL00438,16,Eletromecânica,Matutino,Presencial,Blumenau,5195,0.7,71.6,7.5,32,61.4,6.1,13.8,Sim,Sim,Não,8,5.7,Não,Não
AL00439,26,Administração,Noturno,Presencial,Brusque,7024,0,71.3,8.5,32,98.7,5.1,9.1,Sim,Sim,Não,8,6.2,Não,Não
AL00440,34,Administração,Matutino,Presencial,Brusque,1649,4.6,86.9,3.9,37,100,6.7,8.1,Sim,Sim,Não,5,8,Sim,Não
AL00441,40,Eletromecânica,Noturno,Presencial,Indaial,2304,6.6,89.2,2.7,14,90.7,4.5,4.1,Sim,Sim,Não,6,5.5,Não,Não
AL00442,25,Eletromecânica,Noturno,Presencial,Brusque,7528,9.6,91.5,6.3,51,84.5,8.4,11,Não,Sim,Não,9,6.5,Sim,Não
AL00443,27,Automação Industrial,Matutino,Presencial,Gaspar,3580,7.2,93.9,9,22,60.7,5.8,9.6,Não,Sim,Não,8,6.3,Sim,Sim
AL00444,22,Administração,Noturno,Presencial,Gaspar,10488,5.7,74,4.6,31,67.7,7,12.4,Sim,Sim,Não,7,6.1,Não,Não
AL00445,33,Desenvolvimento de Sistemas,Matutino,Híbrido,Blumenau,2581,1.5,83.7,6.2,57,71.6,6.2,5.9,Não,Não,Não,6,5.7,Não,Não
AL00446,25,Automação Industrial,Matutino,Presencial,Pomerode,1652,4.8,64.4,2.7,43,67.5,7,3.5,Não,Sim,Não,6,3.6,Não,Sim
AL00447,16,Administração,Matutino,Presencial,Indaial,941,13.6,90.2,6.3,55,100,7.3,27.9,Sim,Sim,Não,5,8.3,Sim,Não
AL00448,28,Automação Industrial,Matutino,Presencial,Indaial,2965,7.1,92.8,6.9,16,79.1,6.2,4.6,Sim,Sim,Não,9,6.9,Sim,Sim
AL00449,21,Eletromecânica,Matutino,Presencial,Brusque,2377,5.5,81.9,2.7,21,76,7.5,4.3,Sim,Não,Sim,4,5.5,Não,Sim
AL00450,25,Desenvolvimento de Sistemas,Matutino,Presencial,Gaspar,2924,2.3,94.6,5.8,21,83.9,7.1,29.6,Sim,Sim,Não,8,6.4,Sim,Sim
AL00451,18,Desenvolvimento de Sistemas,Noturno,Presencial,Brusque,5530,6.6,74.5,8.3,22,77.9,5.6,10,Sim,Sim,Não,9,7.6,Não,Não
AL00452,19,Desenvolvimento de Sistemas,Noturno,Híbrido,Indaial,3934,12.4,92.1,5.9,17,83.8,5.6,13.5,Sim,Não,Não,7,6.6,Sim,Não
AL00453,30,Desenvolvimento de Sistemas,Noturno,Presencial,Pomerode,1480,9.4,75.5,7.6,53,66.9,6.5,3.3,Sim,Não,Sim,10,6.7,Sim,Não
AL00454,25,Desenvolvimento de Sistemas,Noturno,Híbrido,Gaspar,2052,13.1,72.2,6.6,25,100,7.5,7,Não,Não,Não,5,7.3,Não,Não
AL00455,22,Eletromecânica,Noturno,Presencial,Gaspar,5380,8.4,80.9,5.5,38,83.1,8.9,10.2,Sim,Não,Não,7,6.2,Sim,Não
AL00456,22,Automação Industrial,Matutino,Híbrido,Timbó,2077,16.2,90.8,6.8,34,100,8.3,10.7,Sim,Não,Não,6,9.1,Sim,Não
AL00457,20,Desenvolvimento de Sistemas,Matutino,Presencial,Pomerode,1752,7.4,89,8.8,39,61.1,6.9,4.1,Sim,Não,Não,6,6.1,Sim,Não
AL00458,21,Eletromecânica,Noturno,Presencial,Indaial,2961,8.2,91.1,7,8,89.9,8.5,5.6,Sim,Não,Não,8,7.2,Sim,Não
AL00459,32,Automação Industrial,Noturno,Presencial,Timbó,4710,7.8,95.8,5.9,25,100,8.9,4.5,Sim,Não,Sim,7,7.1,Sim,Não
AL00460,16,Automação Industrial,Matutino,Presencial,Pomerode,2649,2.8,74.5,6.5,36,45.1,5.8,8.1,Sim,Sim,Não,5,4.6,Não,Não
AL00461,28,Automação Industrial,Noturno,Presencial,Gaspar,4785,10.1,82.1,6.1,7,56.4,4.6,10.9,Sim,Sim,Não,5,5.9,Não,Não
AL00462,47,Administração,Noturno,Presencial,Blumenau,1725,23.9,72.3,9.2,49,100,6.7,7.6,Sim,Não,Não,8,9.1,Não,Não
AL00463,16,Automação Industrial,Noturno,Presencial,Gaspar,7035,10.4,86.2,7.9,49,99.3,6.2,4.8,Não,Sim,Não,4,6.5,Sim,Não
AL00464,28,Desenvolvimento de Sistemas,Matutino,Presencial,Blumenau,2395,7.3,84.4,6.9,44,100,5.5,5.3,Sim,Sim,Sim,10,8,Sim,Não
AL00465,20,Eletromecânica,Noturno,Presencial,Gaspar,2238,4.4,68.5,6.4,38,45.7,5.5,8.6,Não,Sim,Sim,6,4.3,Não,Sim
AL00466,38,Eletromecânica,Noturno,Presencial,Blumenau,3583,12.6,80.2,5.8,32,100,6.1,3.7,Sim,Sim,Não,5,7.4,Sim,Não
AL00467,34,Eletromecânica,Noturno,Presencial,Timbó,7323,10.3,98,5.1,40,98.3,6.7,4.2,Sim,Não,Sim,8,8.1,Sim,Não
AL00468,18,Desenvolvimento de Sistemas,Matutino,Presencial,Blumenau,2883,14.4,74.9,6.1,45,89.6,6.1,12.5,Sim,Não,Não,5,7.9,Não,Não
AL00469,16,Administração,Noturno,Híbrido,Indaial,2807,13.1,92.7,6.1,60,85.5,6.5,17.1,Não,Sim,Não,7,7,Sim,Não
AL00470,16,Eletromecânica,Matutino,Presencial,Brusque,3952,13,86.8,5.2,28,100,7.8,15.7,Sim,Sim,Sim,7,6.9,Sim,Não
AL00471,29,Desenvolvimento de Sistemas,Noturno,Presencial,Indaial,7474,7,80.5,8.3,7,99,6.7,6.6,Sim,Não,Não,7,6.3,Sim,Não
AL00472,16,Eletromecânica,Noturno,Presencial,Brusque,3719,10.7,60.7,8,58,100,6.8,15.1,Sim,Não,Não,2,7.9,Não,Sim
AL00473,16,Eletromecânica,Noturno,Presencial,Gaspar,2111,7,80.3,4.6,28,75.9,6.8,14.7,Sim,Não,Não,5,6.1,Sim,Não
AL00474,23,Automação Industrial,Noturno,Presencial,Brusque,2710,18.4,67.5,6.6,50,100,8.7,6.8,Sim,Não,Não,5,7,Não,Sim
AL00475,45,Administração,Matutino,Presencial,Pomerode,5347,6.1,91.8,6.8,30,91.5,7.5,5.9,Sim,Sim,Não,7,7.1,Sim,Não
AL00476,32,Eletromecânica,Noturno,Presencial,Indaial,1420,11.3,92,8.9,55,72.9,4.7,2.1,Não,Não,Sim,4,9.1,Sim,Não
AL00477,21,Eletromecânica,Noturno,Presencial,Pomerode,2531,4.8,81.7,2.1,34,67.8,7.3,3.6,Sim,Sim,Não,6,4.8,Não,Não
AL00478,27,Desenvolvimento de Sistemas,Noturno,Presencial,Brusque,900,17,91.2,7,49,100,6.3,11.6,Não,Não,Sim,7,8,Sim,Não
AL00479,29,Eletromecânica,Matutino,Presencial,Blumenau,3276,12.2,65.1,6.6,34,100,7.9,1.1,Sim,Não,Não,9,6.7,Não,Não
AL00480,16,Automação Industrial,Matutino,Presencial,Brusque,3852,11.8,82.4,6,50,83.6,6.3,3.3,Sim,Não,Não,6,5.8,Não,Não
AL00481,24,Desenvolvimento de Sistemas,Matutino,Presencial,Blumenau,4308,9.9,73.5,5.5,50,55.2,5.3,10.1,Sim,Sim,Não,9,5.9,Não,Não
AL00482,39,Automação Industrial,Noturno,Presencial,Gaspar,2363,9,88,7.2,12,58.2,5.9,8,Não,Sim,Não,9,7.3,Sim,Sim
AL00483,16,Eletromecânica,Noturno,Presencial,Brusque,1600,10.6,76.1,7.4,5,100,7.7,7.3,Sim,Não,Não,8,7.2,Sim,Não
AL00484,25,Administração,Noturno,Presencial,Brusque,3627,1.6,74.9,4.9,10,81.5,6.9,12,Sim,Sim,Sim,6,6.9,Não,Não
AL00485,31,Eletromecânica,Noturno,Presencial,Blumenau,1762,3.5,66.5,7.3,24,54.8,8.4,3.4,Sim,Não,Não,5,5.3,Não,Não
AL00486,32,Eletromecânica,Noturno,Presencial,Indaial,1867,8.8,80.9,7.9,11,83.5,6.8,17.6,Sim,Sim,Não,7,5.8,Não,Não
AL00487,24,Automação Industrial,Matutino,Híbrido,Blumenau,,8.8,90.7,8.3,43,72.2,6.5,6.3,Sim,Sim,Sim,9,7.2,Sim,Não
AL00488,23,Eletromecânica,Noturno,Presencial,Pomerode,4608,11.3,86.6,7,34,100,6.7,17.4,Sim,Não,Não,8,7.7,Sim,Não
AL00489,16,Administração,Matutino,Presencial,Indaial,2189,13.7,76.8,4.7,8,100,6.4,3.4,Sim,Não,Não,7,6.6,Sim,Não
AL00490,17,Automação Industrial,Matutino,Presencial,Blumenau,2352,0,78.6,4,33,74.1,4.8,10.1,Sim,Sim,Sim,8,3.9,Não,Sim
AL00491,42,Desenvolvimento de Sistemas,Noturno,Presencial,Brusque,1900,9.3,77.2,4.7,22,95.1,6.7,3.2,Sim,Sim,Sim,8,6.4,Sim,Não
AL00492,38,Eletromecânica,Matutino,Presencial,Pomerode,4599,5.8,72,6.1,37,95.1,6.8,8.5,Sim,Sim,Não,7,6.9,Não,Sim
AL00493,16,Administração,Noturno,Presencial,Blumenau,2083,7.1,59.9,7.2,24,94.9,7.6,2.4,Sim,Não,Não,7,5.8,Não,Não
AL00494,37,Eletromecânica,Matutino,Presencial,Blumenau,3454,8.8,79.4,7.2,34,97.8,5.8,10.2,Sim,Sim,Sim,6,7.8,Sim,Não
AL00495,20,Eletromecânica,Noturno,Presencial,Brusque,3463,2.7,77.6,7.7,26,76.1,5.5,6.6,Sim,Sim,Não,7,5.8,Não,Sim
AL00496,32,Administração,Matutino,Presencial,Gaspar,4216,13.2,86.4,6.1,41,86.1,7.1,5.1,Sim,Sim,Não,7,7.2,Sim,Não
AL00497,37,Administração,Matutino,Híbrido,Blumenau,1207,5,69.3,8.7,45,82.6,6.8,12,Sim,Sim,Não,8,6.5,Não,Sim
AL00498,20,Automação Industrial,Noturno,Presencial,Blumenau,3675,11.5,96.7,8.8,43,61.2,6.5,7.4,Sim,Não,Não,7,7.3,Sim,Não
AL00499,38,Eletromecânica,Matutino,Presencial,Blumenau,11928,4.2,95.1,5.3,22,60.7,8.1,4.5,Sim,Não,Não,8,4.3,Não,Não
AL00500,27,Desenvolvimento de Sistemas,Noturno,Presencial,Indaial,8346,5,88.8,3.9,33,78.2,6,2.5,Sim,Sim,Não,10,4.9,Não,Não
AL00501,16,Eletromecânica,Noturno,Presencial,Blumenau,5128,13.6,87.2,7.4,65,100,6,20.5,Sim,Não,Não,7,7.8,Sim,Não
AL00502,19,Administração,Noturno,Híbrido,Timbó,5298,6.5,79.7,6.9,21,89.8,6.9,7.3,Não,Não,Não,7,6.6,Sim,Não
AL00503,24,Administração,Matutino,Presencial,Brusque,3195,1.9,93.3,6.2,48,62.2,6.8,5,Sim,Sim,Não,7,7,Sim,Não
AL00504,31,Automação Industrial,Matutino,Presencial,Blumenau,5883,13.8,77.7,5.9,56,94.6,4,3.1,Sim,Sim,Não,9,7,Sim,Não
AL00505,24,Automação Industrial,Noturno,Presencial,Pomerode,1544,4.6,94,6.2,32,87.8,5.3,11.7,Sim,Sim,Sim,8,5.8,Não,Sim
AL00506,24,Desenvolvimento de Sistemas,Matutino,Presencial,Indaial,3116,6.4,88.5,6.9,29,100,5.5,17.7,Sim,Sim,Sim,7,7.8,Sim,Não
AL00507,23,Eletromecânica,Matutino,Presencial,Pomerode,5963,4.2,76,4.6,39,69.9,7,4.1,Sim,Sim,Sim,8,5.2,Não,Sim
AL00508,41,Desenvolvimento de Sistemas,Noturno,Híbrido,Timbó,3107,1.5,85.5,6.3,6,77.1,5.3,17.7,Sim,Sim,Sim,8,6,Sim,Não
AL00509,16,Desenvolvimento de Sistemas,Matutino,Presencial,Pomerode,3772,8.8,89.3,4.8,34,78.3,8,5,Não,Sim,Não,6,6.3,Sim,Sim
AL00510,20,Administração,Matutino,Híbrido,Blumenau,2066,11,76.6,6.9,49,88.9,7.8,9.8,Sim,Não,Não,10,5.9,Não,Não
AL00511,18,Desenvolvimento de Sistemas,Matutino,Presencial,Blumenau,900,7.7,100,7.1,45,68,4.7,5.5,Sim,Sim,Não,4,7.1,Sim,Não
AL00512,20,Eletromecânica,Matutino,Presencial,Gaspar,4325,5.5,100,6.5,8,80.8,6.6,4.6,Sim,Sim,Sim,8,7.3,Sim,Não
AL00513,16,Desenvolvimento de Sistemas,Noturno,Presencial,Blumenau,5405,9.1,76.4,6.1,39,93.6,7.9,16.7,Sim,Não,Não,6,8.2,Sim,Não
AL00514,36,Administração,Noturno,Presencial,Brusque,4584,2.6,87.4,4.2,31,76.7,7.1,30.3,Sim,Sim,Não,8,5.8,Não,Sim
AL00515,16,Desenvolvimento de Sistemas,Noturno,Presencial,Blumenau,4684,3.6,84.3,7.5,45,94.6,6.9,10.1,Não,Sim,Sim,8,7.4,Sim,Não
AL00516,25,Eletromecânica,Matutino,Presencial,Blumenau,1795,6.5,72.8,4,50,95.5,7,7.3,Sim,Sim,Não,6,6.5,Não,Não
AL00517,33,Automação Industrial,Matutino,Presencial,Indaial,5811,0.5,81.5,8.2,31,48.6,4.2,6.2,Sim,Sim,Sim,10,5.5,Não,Não
AL00518,32,Automação Industrial,Noturno,Híbrido,Timbó,4701,7.5,77.4,8.2,16,91.8,7,7.9,Sim,Sim,Não,5,7.2,Sim,Não
AL00519,32,Automação Industrial,Matutino,Presencial,Indaial,7268,12.4,80.3,7.5,28,100,5.2,7.3,Sim,Sim,Não,6,9,Sim,Não
AL00520,53,Desenvolvimento de Sistemas,Noturno,Presencial,Indaial,4065,4.3,78.4,6.8,24,89.1,5.6,6.1,Sim,Sim,Não,5,6.3,Sim,Não
AL00521,39,Automação Industrial,Noturno,Presencial,Pomerode,3383,10.6,80.5,7,22,75.7,5.6,3.8,Sim,Não,Não,6,7.4,Sim,Não
AL00522,28,Eletromecânica,Noturno,Presencial,Pomerode,5510,3,100,3.7,27,80.1,6.5,10.7,Sim,Sim,Sim,7,5.1,Não,Não
AL00523,38,Desenvolvimento de Sistemas,Noturno,Presencial,Brusque,5997,7.8,71,6.1,24,80.4,4.9,1.9,Não,Sim,Não,7,5.5,Não,Não
AL00524,27,Automação Industrial,Matutino,Presencial,Blumenau,900,6.3,88.4,7.9,26,74.8,5.9,8.8,Sim,Sim,Não,8,8.6,Sim,Não
AL00525,22,Automação Industrial,Matutino,Presencial,Brusque,2250,15.9,79.6,6.8,49,92.4,8.3,1.5,Sim,Não,Não,7,6.6,Sim,Não
AL00526,27,Automação Industrial,Noturno,Presencial,Timbó,7196,8.4,73,9.3,31,90.5,8,4.3,Sim,Não,Sim,9,8.5,Não,Não
AL00527,29,Automação Industrial,noturno ,Híbrido,Timbó,977,5.2,76.6,6.1,34,69.4,6.4,6.3,Sim,Não,Não,5,5.5,Não,Não
AL00528,32,Administração,Matutino,Presencial,Brusque,3587,12.1,83.1,4.4,45,99.9,6.4,5.5,Não,Sim,Não,,6.8,Sim,Sim
AL00529,39,Eletromecânica,Noturno,Presencial,Gaspar,2566,7.7,94.3,2,26,54,7.3,9.1,Sim,Sim,Sim,9,4,Não,Não
AL00530,19,Eletromecânica,Matutino,Presencial,Timbó,3254,11.9,91.7,5.1,64,81.9,6.9,8.2,Sim,Não,Não,6,6.4,Sim,Não
AL00531,33,Administração,Noturno,Híbrido,Timbó,1811,5.7,76.9,4.6,40,92.4,6.7,5.1,Sim,Sim,Sim,8,6.1,Sim,Não
AL00532,20,Administração,Noturno,Presencial,Pomerode,2646,7.2,75.6,7.4,36,56.4,6,16.6,Sim,Sim,Não,6,4.7,Não,Não
AL00533,19,Desenvolvimento de Sistemas,Matutino,Presencial,Brusque,2333,0,69.3,,17,49.8,6.4,4.8,Sim,Não,Não,7,3,Não,Sim
AL00534,35,Administração,Noturno,Presencial,Pomerode,3181,11,94.4,4.8,35,79.6,5.5,14,Sim,Sim,Sim,7,7.2,Sim,Não
AL00535,22,Eletromecânica,Noturno,Presencial,Gaspar,4663,7.2,73.7,9,36,44.3,4.8,11.1,Sim,Não,Não,9,5.8,Não,Não
AL00536,21,Administração,Matutino,Presencial,Indaial,2190,11.3,,7.9,27,69.9,6.3,6.4,Sim,Não,Não,8,8.1,Sim,Não
AL00537,34,Automação Industrial,Matutino,Presencial,Indaial,3773,8.2,87.4,8.2,50,93.8,6.7,35.2,Não,Sim,Não,10,7.6,Sim,Sim
AL00538,30,Automação Industrial,Matutino,Presencial,Brusque,1429,8.7,,2.2,45,72.6,5.4,10.9,Não,Sim,Sim,9,3.7,Não,Não
AL00539,49,Administração,Matutino,Presencial,Pomerode,1162,8.3,71.9,7,51,89,5.7,16,Sim,Sim,Não,8,5.5,Não,Sim
AL00540,16,Automação Industrial,Matutino,Presencial,Brusque,4017,5,76.3,5.3,43,89.6,6.5,7.2,Sim,Sim,Sim,7,5.6,Não,Não
AL00541,16,Automação Industrial,Noturno,Presencial,Brusque,900,10.6,91.8,7.3,52,74.3,4.5,15.6,Sim,Sim,Sim,8,7.3,Sim,Não
AL00542,16,Administração,Matutino,Presencial,Timbó,6194,11.8,68.6,7.4,29,73.3,3.9,6.4,Sim,Sim,Não,6,6.6,Não,Não
AL00543,16,Automação Industrial,Noturno,Presencial,Timbó,1450,10.9,88.4,6,43,68.4,6.9,6,Sim,Sim,Não,9,4.6,Não,Não
AL00544,29,Eletromecânica,Matutino,Presencial,Timbó,4714,16.8,86.4,7.1,36,100,5.7,6.7,Sim,Não,Não,8,7.7,Sim,Não
AL00545,22,Automação Industrial,Matutino,Presencial,Brusque,3017,14.6,70,4.7,37,100,6.3,4.1,Sim,Sim,Não,6,6.9,Não,Não
AL00546,16,Eletromecânica,Matutino,Presencial,Timbó,4149,16.4,70.6,6.7,57,100,8.4,13,Sim,Não,Não,7,8,Não,Não
AL00547,16,Eletromecânica,Noturno,Presencial,Indaial,4348,8.2,83.4,8.7,44,58.2,8.8,2.3,Sim,Não,Não,10,7.7,Sim,Não
AL00548,30,Automação Industrial,Noturno,Híbrido,Timbó,2211,4.7,94.9,5.9,49,75.7,6.8,16.1,Sim,Sim,Sim,7,6.4,Sim,Não
AL00549,45,Desenvolvimento de Sistemas,Noturno,Presencial,Blumenau,7582,7.5,87.4,7.1,21,52.5,7.1,6.5,Sim,Sim,Não,4,6.5,Sim,Não
AL00550,16,Eletromecânica,Noturno,Presencial,Indaial,4218,10.6,72.6,7.5,41,75.5,6.9,3.6,Sim,Sim,Não,7,6.2,Não,Não
AL00551,27,Eletromecânica,Noturno,Presencial,Blumenau,4930,14.8,99.8,7.5,49,100,4.8,7.4,Sim,Não,Não,8,9.2,Sim,Sim
AL00552,33,Desenvolvimento de Sistemas,Matutino,Presencial,Indaial,2200,7.9,75.8,6.3,12,87.9,6.7,3.2,Sim,Sim,Não,7,6,Sim,Não
AL00553,18,Administração,Noturno,Presencial,Blumenau,1014,5.2,87.6,7,37,94.5,6.8,7.5,Não,Sim,Não,8,6.2,Sim,Sim
AL00554,16,Eletromecânica,Noturno,Presencial,Brusque,6151,8,91.8,6.6,44,83.2,7.8,9.3,Sim,Não,Não,9,5.9,Não,Não
AL00555,28,Desenvolvimento de Sistemas,Noturno,Presencial,Gaspar,4995,12.5,82.3,8.5,42,100,6.6,13.2,Sim,Sim,Sim,7,8.8,Sim,Não
AL00556,26,Desenvolvimento de Sistemas,Noturno,Presencial,Pomerode,2300,7.4,91.1,7.6,32,89.2,6.3,7.1,Não,Sim,Sim,6,6.4,Sim,Não
AL00557,16,Desenvolvimento de Sistemas,Matutino,Presencial,Timbó,3837,15,85.1,7.3,50,94.7,6.6,19.4,Sim,Não,Não,7,7.5,Sim,Não
AL00558,16,Automação Industrial,Noturno,Presencial,Pomerode,11987,11.6,53.7,4,24,68.9,6.3,5.8,Sim,Sim,Não,6,4.8,Não,Não
AL00559,16,Eletromecânica,Matutino,Presencial,Brusque,1808,6.8,68.1,7.8,15,81.4,6.9,5.9,Sim,Sim,Não,8,6.2,Não,Sim
AL00560,16,Eletromecânica,Matutino,Presencial,Timbó,4168,16.4,85.1,7.5,58,88.6,8.1,17.3,Sim,Não,Não,6,8.1,Sim,Não
AL00561,29,Eletromecânica,Noturno,Híbrido,Gaspar,1285,4.1,81.8,5.3,6,87.5,7.3,3.5,Não,Sim,Não,2,5.7,Não,Sim
AL00562,16,Automação Industrial,Noturno,Presencial,Indaial,1521,2.9,96.4,7.9,31,67,7.7,4.3,Sim,Sim,Não,9,6.6,Sim,Não
AL00563,16,Eletromecânica,Noturno,Presencial,Timbó,2309,8.2,75,7.9,26,93.7,7.3,3.6,Não,Não,Não,7,6.9,Sim,Não
AL00564,16,Desenvolvimento de Sistemas,Matutino,Híbrido,Blumenau,3991,7.9,88.7,7.4,34,62.9,7,5.2,Sim,Não,Não,7,6,Sim,Não
AL00565,29,Eletromecânica,Matutino,Presencial,Blumenau,3612,0.3,67.8,6.5,49,71,8.2,5.5,Sim,Sim,Não,6,5.3,Não,Não
AL00566,25,Eletromecânica,Noturno,Presencial,Brusque,6151,6.1,83.2,7.6,21,90.2,5.2,39,Sim,Sim,Não,4,7.3,Sim,Não
AL00567,50,Administração,Noturno,Presencial,Brusque,3092,0.8,69.1,7.1,24,52.9,6.9,5.5,Sim,Sim,Sim,8,4.2,Não,Sim
AL00568,38,Administração,Matutino,Presencial,Timbó,1887,2.4,68.2,6.6,34,74.7,7.1,9,Não,Sim,Não,7,6.1,Não,Sim
AL00569,32,Automação Industrial,Noturno,Presencial,Pomerode,5744,6.2,92.4,5.4,39,74.2,6.1,14.4,Sim,Sim,Não,7,5.8,Não,Não
AL00570,16,Administração,Noturno,Presencial,Timbó,7382,7.8,76.1,8.5,39,99.4,6.1,21.3,Sim,Sim,Não,7,6.3,Sim,Não
AL00571,29,Desenvolvimento de Sistemas,Matutino,Presencial,Timbó,4405,9.3,76.6,6.7,51,92.9,6.9,3.6,Sim,Sim,Não,5,7.5,Sim,Não
AL00572,29,Desenvolvimento de Sistemas,Noturno,Presencial,Brusque,2864,3.7,77.2,4.1,32,89.6,6.2,9,Sim,Não,Não,8,5.8,Não,Não
AL00573,40,Automação Industrial,Matutino,Presencial,Brusque,4329,9.4,96.6,8.9,32,61.8,6.4,2,Sim,Sim,Não,7,7.6,Sim,Não
AL00574,21,Desenvolvimento de Sistemas,Noturno,Híbrido,Gaspar,2825,1.4,77.1,7.6,23,54.7,6.9,6.6,Sim,Sim,Não,7,6.3,Sim,Não
AL00575,28,Automação Industrial,Matutino,Híbrido,Timbó,1064,6.7,87.3,5.1,30,72.8,7,4.5,Não,Não,Não,8,5.9,Não,Sim
AL00576,23,Desenvolvimento de Sistemas,Matutino,Presencial,Timbó,3061,16.7,78,4.6,54,100,6.3,6.2,Sim,Não,Sim,6,6.5,Sim,Não
AL00577,32,Eletromecânica,Noturno,Presencial,Blumenau,2881,6.2,81.4,4.8,39,64.4,6.7,1.8,Sim,Não,Não,6,4.6,Não,Não
AL00578,16,Automação Industrial,Matutino,Presencial,Gaspar,2467,8.1,73.9,5.3,60,100,4.9,11.3,Sim,Não,Não,8,5.6,Não,Não
AL00579,23,Eletromecânica,Noturno,Presencial,Timbó,4174,9.1,80.6,3.9,14,93.5,7.7,6.5,Sim,Não,Não,7,6.6,Sim,Não
AL00580,26,Eletromecânica,Matutino,Presencial,Blumenau,1451,10.9,94.6,5.4,31,100,5.4,14.8,Sim,Sim,Não,7,7.9,Sim,Não
AL00581,32,Eletromecânica,Matutino,Presencial,Brusque,5828,9.2,81.1,8.5,38,100,7.7,17.1,Sim,Sim,Não,6,8.6,Sim,Não
AL00582,31,Desenvolvimento de Sistemas,Matutino,Presencial,Brusque,3172,15.4,79,8,61,81.3,6.5,3.9,Sim,Sim,Sim,8,8.2,Sim,Não
AL00583,43,Administração,Matutino,Presencial,Pomerode,2004,10.9,92.6,5.7,44,79,6.3,19.2,Sim,Sim,Sim,4,6,Sim,Não
AL00584,33,Automação Industrial,Matutino,Presencial,Timbó,2542,4.1,68.7,5.3,32,79.4,5.8,26.1,Sim,Sim,Não,6,6,Não,Não
AL00585,40,Administração,Matutino,Presencial,Blumenau,3327,1,96.4,4.3,16,90.9,6.5,3.1,Sim,Sim,Sim,7,6.5,Sim,Não
AL00586,34,Administração,Noturno,Presencial,Gaspar,3380,8.6,71.6,8.5,45,98.9,5.9,15.3,Sim,Sim,Não,5,6.7,Não,Sim
AL00587,27,Eletromecânica,Matutino,Presencial,Timbó,2144,10.3,90.8,7.3,41,94,4.8,6.8,Sim,Não,Não,8,6.5,Sim,Não
AL00588,27,Automação Industrial,Matutino,Presencial,Pomerode,2504,6.2,78.6,6.5,43,65.9,6.6,9.5,Sim,Sim,Sim,7,5.4,Não,Não
AL00589,16,Automação Industrial,Noturno,Presencial,Indaial,1103,6.7,74.8,6.3,31,80,6.9,6.1,Sim,Não,Não,8,6,Não,Não
AL00590,16,Desenvolvimento de Sistemas,Matutino,Presencial,Brusque,2870,13.9,91.2,5.6,41,94.5,6.5,9.3,Sim,Não,Não,5,6.5,Sim,Não
AL00591,16,Eletromecânica,Matutino,Presencial,Gaspar,2178,1.8,76.5,5.7,34,56.7,6.7,8.8,Sim,Não,Não,4,4.7,Não,Não
AL00592,28,Eletromecânica,Matutino,Híbrido,Blumenau,14000,7.2,72.2,7.5,21,71.4,7.9,9.3,Sim,Sim,Não,7,5.2,Não,Não
AL00593,25,Desenvolvimento de Sistemas,Matutino,Presencial,Gaspar,2659,4.9,63.1,6.5,36,79.5,6.7,7.7,Sim,Sim,Não,6,5.4,Não,Sim
AL00594,35,Desenvolvimento de Sistemas,Noturno,Presencial,Timbó,5997,9.2,93.2,7.4,28,100,4.2,5.5,Sim,Sim,Não,8,7.4,Sim,Não
AL00595,38,Desenvolvimento de Sistemas,Noturno,Híbrido,Gaspar,4684,7.1,,5.5,42,72.6,7.2,9,Sim,Sim,Sim,9,6.7,Sim,Não
AL00596,23,Automação Industrial,Matutino,Presencial,Brusque,4776,9,84.1,7.1,74,100,8.3,7,Sim,Não,Não,8,8.1,Sim,Não
AL00597,26,Desenvolvimento de Sistemas,Noturno,Presencial,Gaspar,1396,11.5,71.8,5.4,33,100,5.4,1.6,Sim,Não,Não,8,7.4,Não,Não
AL00598,39,Eletromecânica,Noturno,Presencial,Brusque,4570,15.2,70.7,5.9,43,100,7.5,6.2,Sim,Não,Não,7,6.3,Não,Não
AL00599,35,Desenvolvimento de Sistemas,Noturno,Presencial,Indaial,4497,13.7,88.2,6.2,43,95.7,7.1,13.5,Sim,Não,Sim,7,8.6,Sim,Não
AL00600,33,Desenvolvimento de Sistemas,Matutino,Presencial,Timbó,1859,11,72.3,7,40,86,7.1,4.8,Não,Sim,Sim,9,6.7,Não,Não
AL00601,28,Administração,Noturno,Presencial,Pomerode,2562,7.3,63.5,7.9,41,100,5.1,14.4,Não,Sim,Não,6,7.6,Não,Sim
AL00602,23,Automação Industrial,Noturno,Presencial,Pomerode,3233,9.7,100,5.6,29,92,6.1,2.7,Sim,Sim,Sim,8,6.2,Sim,Sim
AL00603,16,Desenvolvimento de Sistemas,Matutino,Híbrido,Blumenau,2718,16.3,93.4,8.2,42,56.1,7.3,10.5,Sim,Não,Não,10,7.8,Sim,Não
AL00604,33,Eletromecânica,Noturno,Híbrido,Indaial,1268,8.3,85.1,6.1,38,82.4,6.4,10.9,Não,Não,Sim,6,5.8,Não,Não
AL00605,30,Administração,Noturno,Presencial,Gaspar,5125,6.3,74.5,7.8,49,84.7,6.3,3.1,Sim,Sim,Sim,8,5.6,Não,Não
AL00606,21,Desenvolvimento de Sistemas,Noturno,Presencial,Brusque,2432,15.5,80.2,8.2,31,88.6,8.2,17.5,Sim,Não,Não,9,7,Sim,Não
AL00607,23,Administração,Noturno,Presencial,Gaspar,1422,14.9,82.2,8.7,48,99.6,5.8,3.5,Sim,Não,Não,7,7.5,Sim,Não
AL00608,26,Automação Industrial,Matutino,Híbrido,Gaspar,2870,0.7,88.5,,17,90.3,7,7.7,Sim,Não,Não,6,5.8,Não,Não
AL00609,20,Administração,Noturno,Presencial,Pomerode,3333,10.9,81.5,6.4,43,100,7.8,6.2,Não,Não,Sim,4,6,Sim,Sim
AL00610,18,Automação Industrial,Noturno,Presencial,Timbó,5925,12.6,82.6,5.1,59,78.4,7.4,3.4,Sim,Não,Não,5,7.7,Sim,Sim
AL00611,21,Eletromecânica,Noturno,Presencial,Gaspar,1752,6.7,83.7,8.1,38,59.1,9,2,Sim,Sim,Não,9,7.4,Sim,Sim
AL00612,17,Desenvolvimento de Sistemas,Matutino,Presencial,Brusque,2864,7.7,78.5,4.7,39,93.1,6.8,5.9,Sim,Sim,Sim,8,7,Sim,Não
AL00613,26,Automação Industrial,Matutino,Presencial,Gaspar,3602,7.7,89.2,5.6,31,94.9,6.1,5.2,Sim,Sim,Não,7,6.6,Sim,Não
AL00614,42,Eletromecânica,Noturno,Presencial,Indaial,1368,5.7,76.5,6.4,12,60.1,5.8,2.9,Não,Sim,Não,3,4.4,Não,Não
AL00615,36,Administração,Noturno,Hibrido,Timbó,2032,12.3,85.2,5.4,43,100,7.7,27.5,Sim,Sim,Não,7,6.9,Sim,Não
AL00616,19,Desenvolvimento de Sistemas,Noturno,Presencial,Blumenau,2161,7.7,79.8,4.7,53,90.9,8,5.4,Não,Sim,Sim,7,5.3,Não,Não
AL00617,23,Automação Industrial,Matutino,Híbrido,Pomerode,2324,9.6,95.7,5.2,39,93.9,7.4,9.3,Sim,Sim,Sim,7,7.1,Sim,Não
AL00618,21,Automação Industrial,Noturno,Presencial,Timbó,3325,13.1,79.9,7.6,18,91.1,9.3,14,Sim,Sim,Não,9,7.9,Sim,Não
AL00619,19,Desenvolvimento de Sistemas,Noturno,Presencial,Blumenau,3699,8.2,68.8,8.7,43,89.8,9.1,17,Sim,Não,Sim,8,6.3,Não,Não
AL00620,27,Automação Industrial,Matutino,Híbrido,Timbó,2060,12.6,81.2,6.8,27,100,5,4.6,Não,Sim,Não,7,6.4,Sim,Sim
AL00621,16,Administração,Noturno,Presencial,Gaspar,1513,14.3,84.4,10,51,100,9.6,4,Sim,Não,Não,9,8.9,Sim,Não
AL00622,29,Eletromecânica,Matutino,Presencial,Indaial,2492,2.3,67.1,7.7,6,70,5,6.6,Não,Sim,Não,9,7.4,Não,Sim
AL00623,27,Automação Industrial,Matutino,Presencial,Brusque,7060,14.1,100,6.8,43,66.8,6.1,8.3,Sim,Sim,Não,7,6.8,Sim,Não
AL00624,28,Desenvolvimento de Sistemas,Noturno,Híbrido,Blumenau,5451,2,86.1,5.3,9,86.8,6,6.1,Sim,Sim,Não,5,5.8,Não,Não
AL00625,28,Automação Industrial,Matutino,Presencial,Blumenau,2616,5.4,100,5.1,51,80.9,7.5,4.9,Não,Sim,Não,5,6.8,Sim,Sim
AL00626,35,Automação Industrial,Noturno,Presencial,Gaspar,2908,15.3,97.6,9.4,43,100,4.3,9.2,Sim,Sim,Não,7,9.7,Sim,Não
AL00627,20,Eletromecânica,Matutino,Presencial,Blumenau,3496,6.8,74.6,6.2,14,89.5,6.5,4.7,Sim,Não,Não,7,6.1,Não,Não
AL00628,27,Eletromecânica,Noturno,Presencial,Brusque,2109,9.7,89.4,7.8,58,99,4.6,5.6,Sim,Sim,Sim,8,7.6,Sim,Não
AL00629,29,Administração,Matutino,Presencial,Brusque,2349,4.5,67.8,9.7,46,55.7,7.1,9.7,Não,Sim,Não,8,6.3,Não,Sim
AL00630,16,Administração,Matutino,Presencial,Gaspar,8837,14.6,97.3,9.6,51,96.1,4.9,14.6,Não,Não,Sim,8,8.1,Sim,Não
AL00631,23,Desenvolvimento de Sistemas,Noturno,Presencial,Indaial,10501,8.2,79.1,6.9,26,68.9,6.6,5.9,Sim,Sim,Não,7,6.5,Sim,Não
AL00632,43,Automação Industrial,Noturno,Híbrido,Pomerode,2907,7.9,72.2,7.3,43,80.5,4.1,5.3,Sim,Sim,Não,8,5.7,Não,Não
AL00633,26,Automação Industrial,Matutino,Presencial,Gaspar,9424,10.9,96.1,7,52,99.7,5,8.4,Não,Sim,Sim,5,6.4,Sim,Não
AL00634,40,desenv. sistemas,Noturno,Híbrido,Brusque,4222,10.5,75.1,4.2,28,74,7.2,8.1,Sim,Não,Não,7,4,Não,Não
AL00635,27,Automação Industrial,Matutino,Presencial,Gaspar,4251,4.4,79.2,6.9,40,89.7,6.5,3.4,Sim,Sim,Não,4,7.6,Sim,Sim
AL00636,16,Desenvolvimento de Sistemas,Matutino,Presencial,Blumenau,1537,5,70.6,5.7,38,80.3,7.5,12.7,Sim,Sim,Não,8,4.5,Não,Não
AL00637,16,Automação Industrial,Noturno,Presencial,Gaspar,2346,7.9,75,6.4,28,69.9,7.5,2.2,Sim,Sim,Não,5,6.7,Sim,Não
AL00638,33,Administração,Matutino,Presencial,Pomerode,2806,3.1,81.6,6.2,24,76.6,4.5,5.3,Sim,Sim,Sim,8,8.4,Sim,Sim
AL00639,32,Administração,Noturno,Presencial,Gaspar,6146,9.6,78.3,8.4,28,94.8,7.9,14,Sim,Não,Sim,8,6.9,Sim,Não
AL00640,24,Desenvolvimento de Sistemas,Noturno,Presencial,Pomerode,6737,6.7,94.5,4.7,44,86.3,5.4,7.4,Não,Sim,Sim,7,6.4,Sim,Não
AL00641,29,Desenvolvimento de Sistemas,Noturno,Presencial,Timbó,3460,10.1,66.1,7.2,20,90.8,8.6,8.2,Sim,Não,Não,9,6.9,Não,Sim
AL00642,33,Desenvolvimento de Sistemas,Matutino,Presencial,Timbó,4594,14,84,6.9,24,89.6,5.1,11.5,Sim,Sim,Não,6,7.2,Sim,Sim
AL00643,37,Administração,Matutino,Presencial,Indaial,2345,2.5,77.3,6.1,23,69.5,6.1,7,Não,Sim,Sim,8,5.2,Não,Não
AL00644,25,Administração,Noturno,Presencial,Blumenau,4338,3,87.8,5.9,21,83.3,6.3,3.5,Não,Sim,Não,5,5.9,Não,Não
AL00645,16,Eletromecânica,Noturno,Presencial,Blumenau,4633,17.4,89.4,6.3,53,77.1,7,6,Sim,Não,Não,5,8.1,Sim,Não
AL00646,31,Desenvolvimento de Sistemas,Noturno,Presencial,Indaial,4999,5.5,100,5.8,26,61.8,7.3,11.9,Sim,Sim,Não,6,6.3,Sim,Sim
AL00647,35,Automação Industrial,Noturno,Híbrido,Gaspar,4233,17.2,75.6,9.2,45,100,6.6,4.3,Sim,Sim,Não,7,8.6,Sim,Não
AL00648,23,Desenvolvimento de Sistemas,Noturno,Híbrido,Timbó,5398,6,86.6,5.9,30,84.2,6.9,30.5,Sim,Sim,Sim,6,5.7,Não,Não
AL00649,25,Administração,Noturno,Presencial,Indaial,3194,4.3,89.3,8.2,19,82.5,7.1,5.9,Sim,Não,Não,10,6.2,Sim,Não
AL00650,19,Desenvolvimento de Sistemas,Noturno,Híbrido,Gaspar,1136,8.1,85.5,6.4,24,65.8,8.6,4.3,Sim,Não,Não,5,6.2,Sim,Sim
AL00651,24,Desenvolvimento de Sistemas,Noturno,Presencial,Timbó,1846,8.2,80.5,8.1,47,100,5,8.2,Não,Sim,Sim,9,7.5,Sim,Não
AL00652,19,Desenvolvimento de Sistemas,Noturno,Presencial,Timbó,1352,13.9,100,5.8,29,73.7,6.9,2.8,Sim,Não,Não,7,7.6,Sim,Não
AL00653,35,Automação Industrial,Noturno,Presencial,Indaial,2433,4,100,4.1,40,100,7.9,14.6,Sim,Sim,Sim,10,7.5,Sim,Não
AL00654,18,Desenvolvimento de Sistemas,Noturno,Presencial,Blumenau,1866,8.9,87.2,5.3,24,100,5,3.3,Sim,Sim,Sim,8,7.2,Sim,Não
AL00655,39,Eletromecânica,Noturno,Híbrido,Pomerode,1373,12.1,74.9,5.1,33,79.9,4.9,5.3,Não,Sim,Não,8,5.5,Não,Não
AL00656,21,Desenvolvimento de Sistemas,Noturno,Presencial,Timbó,942,14.2,84.5,6.4,45,67.5,6.1,9.2,Sim,Não,Não,6,5.6,Não,Não
AL00657,17,Automação Industrial,Matutino,Presencial,Brusque,3219,11.9,100,4.9,50,89.1,5.1,4.1,Sim,Sim,Sim,10,7.6,Sim,Não
AL00658,20,Desenvolvimento de Sistemas,Matutino,Presencial,Pomerode,4851,6.9,83.5,7.4,19,91.6,6.3,4.8,Sim,Não,Não,7,5.9,Não,Não
AL00659,18,Administração,Noturno,Presencial,Timbó,2916,8,97.6,4.2,35,87.6,5.6,5.8,Sim,Não,Não,8,7.6,Sim,Não
AL00660,28,Administração,Noturno,Presencial,Blumenau,5897,8.7,94.3,7.6,31,94.7,6.1,4.2,Sim,Sim,Não,6,8.2,Sim,Não
AL00661,22,Desenvolvimento de Sistemas,Noturno,Híbrido,Gaspar,1326,15.8,69.3,7.3,41,100,8,6,Sim,Não,Não,10,7.2,Não,Sim
AL00662,21,Automação Industrial,Matutino,Presencial,Indaial,1369,6.4,89.5,7,16,64.3,7.3,9.3,Sim,Sim,Não,5,7.3,Sim,Sim
AL00663,43,Eletromecânica,Matutino,Presencial,Brusque,2858,5.9,92.2,4.6,4,66.9,6.2,12.7,Sim,Sim,Não,8,5.2,Não,Não
AL00664,28,Automação Industrial,Noturno,Híbrido,Brusque,3313,6.1,94,6.6,30,92.3,7.8,12.1,Sim,Sim,Sim,6,6.8,Sim,Não
AL00665,21,Automação Industrial,Matutino,Presencial,Pomerode,1858,1.6,81.5,7.7,36,69.4,5.2,7.2,Não,Sim,Não,9,5.2,Não,Não
AL00666,38,Automação Industrial,Noturno,Presencial,Brusque,5048,4,81.5,5.4,26,98,6,1.7,Sim,Sim,Não,8,6.1,Sim,Não
AL00667,37,Automação Industrial,Matutino,Híbrido,Pomerode,9473,5.9,68.9,8.4,33,95.6,6,5.7,Sim,Sim,Não,5,7.4,Não,Não
AL00668,33,Administração,Noturno,Presencial,Timbó,3148,10.9,88.9,6.3,50,100,5.2,10.3,Sim,Sim,Sim,5,7.3,Sim,Não
AL00669,26,Eletromecânica,Matutino,Presencial,Pomerode,5488,8.7,73.8,6.8,17,53.5,4.7,4.2,Sim,Sim,Não,6,5.3,Não,Não
AL00670,22,Automação Industrial,Matutino,Presencial,Gaspar,4887,11.6,79.6,7.2,30,100,6.5,16.9,Sim,Não,Não,10,6.3,Sim,Não
AL00671,30,Desenvolvimento de Sistemas,Noturno,Presencial,Indaial,4575,4.5,81.1,8.3,9,91.8,7.7,13.2,Não,Sim,Não,6,6.6,Sim,Não
AL00672,30,Automação Industrial,Matutino,Presencial,Gaspar,1266,13,86,7.4,43,86.6,5.4,7.8,Sim,Não,Não,5,8.5,Sim,Sim
AL00673,31,Eletromecânica,Noturno,Presencial,Blumenau,3445,15.5,78.4,6.7,46,100,5.5,9.9,Sim,Sim,Sim,9,7.3,Sim,Não
AL00674,16,Eletromecânica,Noturno,Presencial,Gaspar,7440,8,100,6.9,33,100,8.4,17.3,Sim,Não,Sim,7,7.4,Sim,Não
AL00675,23,Administração,Matutino,Híbrido,Gaspar,4660,6.3,77.1,4.7,25,83,8,3.1,Sim,Sim,Não,5,7,Sim,Sim
AL00676,26,Administração,Matutino,Presencial,Gaspar,3674,6.1,72.8,7.2,34,80.7,6.7,5.4,Sim,Sim,Não,6,5.2,Não,Não
AL00677,29,Desenvolvimento de Sistemas,Noturno,Híbrido,Gaspar,2156,15,88.7,6.4,42,87.4,8.2,6.8,Sim,Não,Não,5,6.7,Sim,Não
AL00678,40,Desenvolvimento de Sistemas,Matutino,Presencial,Timbó,2072,5.5,91.1,6.4,20,87.6,6,10.5,Sim,Sim,Sim,9,7.9,Sim,Não
AL00679,26,Eletromecânica,Noturno,Presencial,Brusque,2095,9.6,92.9,8,41,100,5.3,4.1,Sim,Sim,Não,5,7.7,Sim,Não
AL00680,16,Automação Industrial,Matutino,Presencial,Timbó,3608,17,83.8,4.6,49,100,6.7,4.3,Sim,Não,Não,8,6.1,Sim,Não
AL00681,16,Administração,Noturno,Presencial,Gaspar,1955,8.9,73.1,7.6,37,100,6.8,1.4,Sim,Não,Não,8,8.1,Não,Não
AL00682,31,Automação Industrial,Noturno,Presencial,Timbó,6345,7.3,81.3,8.7,8,80.1,5.3,8.2,Sim,Sim,Não,8,6.8,Sim,Sim
AL00683,24,Automação Industrial,Noturno,Híbrido,Indaial,1754,10.8,60.6,6.2,78,86.7,8.4,8.4,Sim,Não,Não,6,5.2,Não,Não
AL00684,18,Administração,Noturno,Presencial,Brusque,5620,10.1,74.4,3.9,47,83.8,7.1,17.8,Sim,Sim,Não,10,6.4,Não,Não
AL00685,31,Eletromecânica,Noturno,Híbrido,Brusque,6155,9.5,73.1,7.4,57,92.8,7.5,19.3,Sim,Sim,Não,6,6.4,Não,Não
AL00686,24,Eletromecânica,Noturno,Híbrido,Gaspar,3608,0.8,88.6,6.7,38,88.9,4.6,6.7,Sim,Sim,Não,10,7.1,Sim,Sim
AL00687,25,Automação Industrial,Noturno,Presencial,Timbó,4598,4.9,83.9,7.1,41,76.7,5.8,8,Sim,Sim,Não,6,6.2,Sim,Sim
AL00688,20,Automação Industrial,Noturno,Híbrido,Blumenau,5906,9.1,97,6.1,55,62.3,6.6,18.3,Sim,Não,Sim,7,6.7,Sim,Não
AL00689,27,Desenvolvimento de Sistemas,Matutino,Presencial,Blumenau,2913,7.2,85.5,3.2,34,73.1,6.8,5.5,Sim,Sim,Não,7,5.8,Não,Não
AL00690,16,Desenvolvimento de Sistemas,Matutino,Presencial,Blumenau,3266,4.5,88.7,6,26,66.8,6.8,6.1,Sim,Não,Sim,4,6.5,Sim,Sim
AL00691,25,Eletromecânica,Matutino,Presencial,Pomerode,4721,11.8,86.7,9.1,22,81.6,6.4,12.4,Sim,Sim,Não,5,6.5,Sim,Sim
AL00692,39,Desenvolvimento de Sistemas,Noturno,Presencial,Gaspar,1447,11.9,74.9,7.7,43,84.7,8.3,8.2,Não,Sim,Não,6,6.9,Não,Não
AL00693,20,Administração,Matutino,Presencial,Blumenau,1545,10,78.6,6,31,100,7.6,30.2,Não,Não,Sim,10,8.4,Sim,Não
AL00694,38,Administração,Noturno,Presencial,Timbó,900,13.6,95.1,5.5,26,77.7,6.5,7.2,Sim,Não,Sim,7,6.2,Sim,Não
AL00695,17,Administração,Matutino,Presencial,Blumenau,1214,16.4,84,4.3,53,100,5.2,12.3,SIM,Não,Não,5,7.7,Sim,Não
AL00696,40,Desenvolvimento de Sistemas,Noturno,Presencial,Indaial,4062,4.7,89.4,4.9,37,100,6.2,8,Não,Sim,Não,6,4.9,Não,Não
AL00697,16,Desenvolvimento de Sistemas,Matutino,Presencial,Pomerode,1407,11.3,100,6.7,31,58.3,5.3,5.9,Sim,Sim,Sim,7,6.9,Sim,Não
AL00698,34,Automação Industrial,Noturno,Híbrido,Timbó,7682,9.2,66.3,5.4,50,84.7,8.2,9,Sim,Não,Não,10,5.8,Não,Não
AL00699,26,Administração,Noturno,Presencial,Blumenau,2586,17.2,88.7,5.8,45,100,6.1,6.8,Não,Não,Não,5,8.2,Sim,Sim
AL00700,16,Desenvolvimento de Sistemas,Noturno,Presencial,Brusque,2102,8.7,79.3,5.9,37,86.9,4.2,8.2,Sim,Sim,Não,8,5.3,Não,Sim
AL00701,22,Eletromecânica,Matutino,Presencial,Timbó,1907,10.8,96.6,5.8,38,80.7,8.2,8.4,Não,Sim,Não,8,8.3,Sim,Não
AL00702,37,Eletromecânica,Noturno,Presencial,Blumenau,3429,8.1,63.2,4.9,32,100,5.7,3.7,Sim,Sim,Não,8,5.4,Não,Sim
AL00703,16,Eletromecânica,Noturno,Presencial,Pomerode,1895,3.8,93.9,,30,77,5.9,17.6,Sim,Não,Sim,7,5.9,Não,Não
AL00704,25,Desenvolvimento de Sistemas,Matutino,Presencial,Timbó,7321,5.6,88.3,4.4,31,60.4,7.5,2.7,Sim,Sim,Sim,10,5.5,Não,Não
AL00705,22,Desenvolvimento de Sistemas,Matutino,Presencial,Blumenau,928,5.6,90.1,7.3,29,74.1,4,7.2,Não,Sim,Não,6,7.3,Sim,Sim
AL00706,29,Desenvolvimento de Sistemas,Matutino,Híbrido,Pomerode,4255,9.8,73.7,6,26,98.8,6.9,4.4,Não,Sim,Sim,6,7.5,Não,Não
AL00707,32,Desenvolvimento de Sistemas,Noturno,Presencial,Gaspar,916,12.1,75.5,5.5,35,100,7.2,2.5,Sim,Não,Não,6,8.1,Sim,Sim
AL00708,31,Eletromecânica,Noturno,Híbrido,Gaspar,6190,8.7,91.5,7.1,40,76.4,7.4,19.3,Sim,Sim,Não,7,8.9,Sim,Sim
AL00709,30,Desenvolvimento de Sistemas,Matutino,Presencial,Gaspar,2974,4.4,89.6,6.7,19,67.4,4.9,11.8,Sim,Sim,Não,9,5.2,Não,Não
AL00710,25,Eletromecânica,Matutino,Presencial,Brusque,2478,5.8,69.9,9.2,36,73,7.8,10,Sim,Não,Não,9,6,Não,Não
AL00711,25,Eletromecânica,Noturno,Presencial,Pomerode,1807,3.9,94,8.7,33,75.7,5.8,5.9,Sim,Sim,Não,8,8,Sim,Não
AL00712,24,Desenvolvimento de Sistemas,Noturno,Presencial,Blumenau,1953,11.6,72.7,5.9,29,59.8,6,2.7,Sim,Sim,Não,8,5.2,Não,Não
AL00713,16,Administração,Noturno,Presencial,Gaspar,2749,5.1,99.5,6.1,39,100,5.8,10.4,Sim,Sim,Não,6,6.7,Sim,Sim
AL00714,23,Automação Industrial,Matutino,Presencial,Blumenau,6597,12.2,73.6,9.2,42,71,7.9,10.1,Sim,Sim,Não,7,7.1,Não,Sim
AL00715,23,Eletromecânica,Matutino,Presencial,Timbó,3247,7.7,95.3,7,42,94.7,7.4,4.8,Sim,Sim,Sim,6,7.9,Sim,Não
AL00716,41,Desenvolvimento de Sistemas,Matutino,Presencial,Timbó,,4.4,94.9,4.2,26,89.2,5.2,4.7,Sim,Sim,Não,8,6.2,Sim,Não
AL00717,38,Automação Industrial,Matutino,Presencial,Pomerode,3289,10,63.8,5.9,33,84.3,6.8,5.8,Sim,Sim,Sim,6,7.1,Não,Não
AL00718,25,Automação Industrial,Matutino,Presencial,Brusque,2101,11.1,96.3,5.4,47,100,7.1,11.1,Sim,Sim,Não,7,7.1,Sim,Não
AL00719,34,Administração,Noturno,Presencial,Pomerode,3880,9.5,89.6,9.3,32,95.3,8.2,4.7,Sim,Não,Não,8,9.7,Sim,Não
AL00720,20,Administração,Noturno,Presencial,Indaial,3475,12.9,79,6.6,40,91.5,6.1,4.1,Sim,Não,Sim,4,7.9,Sim,Sim
AL00721,21,Desenvolvimento de Sistemas,Noturno,Presencial,Brusque,2976,10.3,88.3,7.2,28,79.4,6.4,1.8,Não,Sim,Não,8,7,Sim,Não
AL00722,34,Automação Industrial,Noturno,Híbrido,Brusque,2036,12.6,94.2,6.6,48,100,7.1,2.4,Não,Sim,Não,4,7.3,Sim,Não
AL00723,16,Administração,Matutino,Híbrido,Indaial,8088,13.1,,4,38,85.7,8.4,3.4,Sim,Não,Não,8,4.7,Não,Não
AL00724,17,Desenvolvimento de Sistemas,Noturno,Presencial,Gaspar,2582,20.7,93,5.4,65,96.2,7.4,7.4,Não,Não,Não,9,5.8,Não,Não
AL00725,38,Desenvolvimento de Sistemas,Matutino,Híbrido,Brusque,3250,6.8,97.1,8.3,16,80.9,5,2.8,Sim,Não,Não,7,7.7,Sim,Não
AL00726,30,Administração,Noturno,Híbrido,Indaial,2967,7.6,76.1,10,44,90.5,5.4,5.8,Sim,Sim,Não,10,8.2,Sim,Não
AL00727,41,Administração,Noturno,Presencial,Timbó,1204,1.7,96.6,4.1,41,94.1,8.7,6.9,Não,Sim,Não,8,6.8,Sim,Não
AL00728,24,Desenvolvimento de Sistemas,Noturno,Presencial,Brusque,1804,10.4,50.7,8.6,34,100,7.8,7.8,Não,Sim,Não,9,6.3,Não,Não
AL00729,22,Desenvolvimento de Sistemas,Noturno,Presencial,Gaspar,1758,12.1,85,5.9,39,100,7.3,16,Não,Sim,Sim,9,6.6,Sim,Não
AL00730,27,Automação Industrial,Matutino,Presencial,Indaial,5202,11.5,65.5,6.8,22,69.9,8.4,5.2,Sim,Não,Não,7,5.7,Não,Não
AL00731,38,Desenvolvimento de Sistemas,Noturno,Presencial,Gaspar,2634,10.3,62.2,7.4,37,85.9,8,18.8,Sim,Sim,Não,8,7.5,Não,Sim
AL00732,33,Eletromecânica,Noturno,Presencial,Gaspar,2856,10.6,70.7,7.8,33,73,5.6,6.2,Sim,Sim,Sim,7,7.3,Não,Não
AL00733,29,Automação Industrial,Matutino,Presencial,Gaspar,12651,15.6,89.9,5.3,57,93.2,7.8,20.2,Sim,Não,Sim,7,7.3,Sim,Sim
AL00734,16,Eletromecânica,Matutino,Presencial,Blumenau,5261,6.3,76,5.6,24,89.2,7.8,17,Sim,Não,Sim,8,6.4,Sim,Sim
AL00735,19,Eletromecânica,Noturno,Presencial,Pomerode,1563,11.2,87.8,7.2,45,76.7,4.8,9.3,Sim,Não,Sim,9,6.6,Sim,Sim
AL00736,30,Eletromecânica,Noturno,Presencial,Timbó,4426,9.9,73,5.1,45,100,8,27.5,Sim,Sim,Não,7,6.3,Não,Não
AL00737,16,Automação Industrial,Noturno,Híbrido,Brusque,1505,12.8,74.1,5.3,34,100,8.3,6.3,Não,Não,Não,7,6,Não,Não
AL00738,16,Administração,Matutino,Presencial,Brusque,3517,12.9,63.9,4.1,63,93.8,8.8,15.5,Sim,Não,Não,10,6.7,Não,Não
AL00739,20,Administração,Matutino,Presencial,Gaspar,2612,9.2,84.5,4.2,23,71.5,7.4,9.4,Não,Não,Não,4,5.6,Não,Sim
AL00740,16,Desenvolvimento de Sistemas,Noturno,Presencial,Blumenau,2014,13.2,99.2,7.3,43,88.7,7,9.1,Sim,Sim,Não,6,8.1,Sim,Não
AL00741,33,Automação Industrial,Noturno,Presencial,Gaspar,3302,9.8,83.2,7,46,81.8,7.4,20.7,Sim,Não,Sim,8,5.5,Não,Não
AL00742,24,Eletromecânica,Noturno,Presencial,Timbó,5156,4.5,81.1,6.6,41,78,7.9,6.6,Sim,Sim,Não,8,6.6,Sim,Não
AL00743,30,Automação Industrial,Noturno,Presencial,Brusque,3029,12,63.2,7.1,33,87.5,6.7,4,Sim,Sim,Sim,8,6.6,Não,Não
AL00744,48,Administração,Noturno,Presencial,Gaspar,1259,6,95.6,5.7,40,70.9,6.7,6.5,Não,Sim,Não,6,6.4,Sim,Não
AL00745,20,Administração,Matutino,Presencial,Gaspar,3118,6.1,98.5,6.8,48,78.6,6.2,11.5,Sim,Sim,Sim,7,8,Sim,Não
AL00746,41,Automação Industrial,Matutino,Presencial,Pomerode,2679,0,87.3,6.4,17,68.2,8.6,4.1,Sim,Sim,Não,9,5.5,Não,Não
AL00747,16,Desenvolvimento de Sistemas,Noturno,Híbrido,Timbó,1729,5.3,57,9.8,33,90.6,6.6,9.6,Não,Sim,Não,7,6.8,Não,Não
AL00748,35,Administração,Matutino,Presencial,Pomerode,5613,11.7,84.6,5.7,39,85.4,4.9,3.2,Sim,Sim,Sim,5,7.6,Sim,Não
AL00749,21,Eletromecânica,Noturno,Presencial,Timbó,6624,8.4,75.3,7.6,35,100,5.5,6.4,Sim,Sim,Não,7,6.6,Sim,Sim
AL00750,47,Eletromecânica,Noturno,Presencial,Brusque,2916,14.9,73.5,4.7,79,100,7.2,8.3,Sim,Sim,Não,7,6.2,Não,Não
AL00751,29,Administração,Noturno,Presencial,Gaspar,2359,12,83.4,8.8,55,100,6.5,2.2,Sim,Sim,Sim,6,8.2,Sim,Não
AL00752,27,Eletromecânica,Matutino,Presencial,Timbó,3390,14.6,95.8,8.5,53,100,5.9,10,Sim,Sim,Não,8,9.5,Sim,Não
AL00753,21,Eletromecânica,Matutino,Presencial,Blumenau,1725,11.2,86.8,7,47,91.1,5.3,4.5,Sim,Sim,Não,8,6.8,Sim,Sim
AL00754,39,Administração,Noturno,Presencial,Timbó,3934,13.9,62.9,5.9,27,100,7.4,12.4,Sim,Não,Sim,6,6.2,Não,Não
AL00755,23,Desenvolvimento de Sistemas,Matutino,Presencial,Brusque,2543,11.2,75.1,5.3,51,100,7.9,13.5,Não,Sim,Sim,6,6.6,Sim,Não
AL00756,16,Eletromecânica,Noturno,Presencial,Indaial,2982,13.5,89.9,7.9,46,100,8.4,2.5,Sim,Não,Não,9,7.7,Sim,Não
AL00757,16,Administração,Noturno,Presencial,Timbó,4699,12.1,91.9,6,56,61.6,9,5.5,Sim,Não,Sim,5,7.8,Sim,Não
AL00758,25,Desenvolvimento de Sistemas,Noturno,Presencial,Timbó,4006,6,100,7.9,22,63.8,7,15.2,Sim,Sim,Não,6,6.6,Sim,Não
AL00759,16,Desenvolvimento de Sistemas,Noturno,Híbrido,Gaspar,2404,6.4,81,6.7,19,79.3,6.7,18.5,Sim,Sim,Não,7,5.6,Não,Não
AL00760,36,Administração,Noturno,Presencial,Gaspar,2229,9.4,83.6,5,36,96.6,6.3,6.6,Não,Sim,Não,7,5.7,Não,Não
AL00761,18,Desenvolvimento de Sistemas,Noturno,Presencial,Brusque,2699,5.5,65.8,9.4,29,90.5,5.9,4.8,Não,Sim,Sim,7,6.3,Não,Não
AL00762,41,Automação Industrial,Noturno,Presencial,Pomerode,3350,12.2,78.4,4.5,38,91.2,5.1,9.7,Sim,Sim,Não,9,5.9,Não,Não
AL00763,41,Eletromecânica,Matutino,Presencial,Gaspar,3523,6.9,87.9,7.5,37,67,6,4.4,Sim,Sim,Não,6,6.5,Sim,Não
AL00764,34,Administração,Matutino,Presencial,Indaial,3682,7.8,85.3,6.2,22,68.4,8.5,8.9,Sim,Não,Sim,8,6.1,Sim,Não
AL00765,29,Desenvolvimento de Sistemas,Noturno,Presencial,Blumenau,5516,5.7,100,5.1,46,92.8,7.6,7.9,Sim,Sim,Não,3,5.4,Não,Não
AL00766,53,Administração,Noturno,Presencial,Timbó,5676,3.4,74.8,6.1,49,84.3,5.3,8.1,Sim,Sim,Não,10,6.7,Não,Sim
AL00767,31,Administração,Noturno,Presencial,Pomerode,4343,9.1,82.4,4,25,100,6,8.6,Sim,Sim,Não,6,5.5,Não,Não
AL00768,16,Automação Industrial,Matutino,Presencial,Gaspar,3487,7.6,83.2,7.6,32,54.5,5.4,5.2,Sim,Sim,Não,8,6.5,Sim,Não
AL00769,25,Administração,Noturno,Híbrido,Pomerode,6187,9.7,77,6,33,100,6.6,4.8,Sim,Sim,Não,9,6.2,Sim,Não
AL00770,32,Administração,Matutino,Presencial,Timbó,3268,3.6,77.1,3.5,7,69,7,4.5,Sim,Sim,Não,10,5.3,Não,Não
AL00771,22,Eletromecânica,Noturno,Presencial,Brusque,3171,7.5,70,7.4,28,97,7.7,4.5,Sim,Sim,Sim,7,7.1,Não,Não
AL00772,24,Eletromecânica,Matutino,Presencial,Brusque,5385,4.5,100,5.9,44,63.3,5.8,4.1,Sim,Sim,Não,5,5.8,Não,Sim
AL00773,18,Automação Industrial,Matutino,Presencial,Timbó,1558,13,96.9,6.3,35,66.2,4.4,17.9,Não,Não,Não,6,6.9,Sim,Não
AL00774,31,Desenvolvimento de Sistemas,Noturno,Presencial,Gaspar,1774,10.4,79.4,6.3,3,66.9,5.3,14.6,Não,Sim,Não,4,5.8,Não,Não
AL00775,21,Eletromecânica,Matutino,Híbrido,Timbó,4425,8.3,69.3,5.9,36,64.3,7.5,9.1,Sim,Não,Não,7,4.6,Não,Não
AL00776,18,Eletromecânica,Noturno,Híbrido,Timbó,3010,4.9,90.8,5.3,23,81.5,6.4,5.7,Não,Sim,Não,5,6.2,Sim,Não
AL00777,29,Automação Industrial,Noturno,Presencial,Gaspar,6774,12.2,80.8,6.5,31,78.9,7.2,13.1,Não,Não,Não,6,6.1,Sim,Sim
AL00778,40,Desenvolvimento de Sistemas,Matutino,Híbrido,Pomerode,4039,17.3,80.2,11.8,63,82.2,6.5,8.5,Sim,Não,Não,7,6.2,Sim,Não
AL00779,39,Automação Industrial,Matutino,Híbrido,Timbó,4319,7.6,72.4,7.5,26,94.4,6.8,6.4,Sim,nao,Não,9,6.7,Não,Não
AL00780,33,Administração,Matutino,Presencial,Gaspar,3307,13.3,72.5,3.9,63,100,3.7,4.8,Não,Sim,Não,6,5.8,Não,Não
AL00781,26,Eletromecânica,Matutino,Híbrido,Timbó,1772,2.5,91.1,6,19,90.8,6.1,7.5,Sim,Sim,Não,5,6.1,Sim,Não
AL00782,16,Desenvolvimento de Sistemas,Noturno,Presencial,Pomerode,8545,7.7,58.7,7.4,41,82.5,5.9,2.7,Sim,Não,Não,7,5.7,Não,Não
AL00783,16,Automação Industrial,Noturno,Presencial,Indaial,1988,9.7,61.7,9.6,38,83.4,6.2,6.2,Sim,Não,Não,5,5.7,Não,Não
AL00784,19,Administração,Matutino,Presencial,Pomerode,2059,13.3,93.3,9.6,58,100,7.8,7.1,Sim,Não,Não,10,8.6,Sim,Não
AL00785,30,Desenvolvimento de Sistemas,Noturno,Presencial,Brusque,2782,10.6,91.9,5.8,40,84.1,6.6,4.6,Não,Sim,Não,7,6.9,Sim,Não
AL00786,30,Automação Industrial,Matutino,Presencial,Timbó,3085,7.5,100,9.3,50,81.9,7.7,3,Sim,Sim,Sim,7,8.3,Sim,Não
AL00787,18,Administração,Matutino,Presencial,Blumenau,4672,8,80.6,4.1,19,98.7,6.4,12.5,Não,Sim,Não,7,7,Sim,Não
AL00788,32,Eletromecânica,Matutino,Presencial,Brusque,900,8.1,87.3,6.4,30,91.6,6.4,11.9,Sim,Sim,Não,6,6.3,Sim,Não
AL00789,34,Administração,Matutino,Presencial,Brusque,4815,4.1,82.2,5,35,100,5.3,6.3,Sim,Sim,Não,9,6.7,Sim,Não
AL00790,18,Automação Industrial,noturno ,Presencial,Timbó,5738,13.9,87.1,4.3,54,96.2,9,3.9,Sim,Não,Sim,9,6.4,Sim,Não
AL00791,21,Eletromecânica,Matutino,Presencial,Pomerode,6672,9.8,84,4.8,47,100,5.9,5.4,Sim,Sim,Não,5,5.3,Não,Não
AL00792,33,Eletromecânica,Noturno,Presencial,Gaspar,4620,2.3,89.6,7.4,36,100,8.8,15.5,Sim,Sim,Não,9,6.3,Sim,Não
AL00793,18,Automação Industrial,Noturno,Presencial,Timbó,2328,8.5,93.5,6,43,74.8,7.6,6.1,Não,Não,Sim,8,6.3,Sim,Não
AL00794,16,Administração,Matutino,Presencial,Timbó,2817,10.8,77.1,8.8,31,84,8,4.2,Sim,Não,Não,8,6.7,Sim,Não
AL00795,30,Automação Industrial,Matutino,Presencial,Pomerode,3649,8.2,86.1,8.3,26,100,5.7,6.3,Sim,Sim,Não,7,8.2,Sim,Não
AL00796,33,Automação Industrial,Noturno,Presencial,Indaial,3498,5.9,59,7.7,34,77.4,6.2,15.5,Sim,Sim,Não,10,5.6,Não,Sim
AL00797,29,Administração,Matutino,Presencial,Brusque,7546,11.6,75.7,7.1,30,100,7.2,6.2,Sim,Sim,Não,6,7.8,Sim,Não
AL00798,32,Eletromecânica,Noturno,Presencial,Pomerode,1689,4,88.5,6,35,78.4,5.9,3.6,Sim,Sim,Não,6,6.2,Sim,Não
AL00799,21,Eletromecânica,Matutino,Presencial,Timbó,8701,12.1,70.4,7.6,41,96.3,6.9,20.3,Sim,Sim,Não,5,7.6,Não,Sim
AL00800,22,Administração,Matutino,Híbrido,Gaspar,5027,18.6,94.1,6.7,36,100,7.9,14,Não,Não,Sim,9,7.6,Sim,Não
AL00801,28,Desenvolvimento de Sistemas,Noturno,Presencial,Gaspar,1837,3.4,84,7.6,41,72.9,5.2,2.9,Sim,Sim,Não,3,5.3,Não,Não
AL00802,35,Desenvolvimento de Sistemas,Matutino,Presencial,Timbó,2440,9.9,90.5,7.7,33,100,4.9,10.9,Sim,Sim,Não,6,8.4,Sim,Sim
AL00803,28,Administração,Matutino,Híbrido,Pomerode,2086,8.3,58.8,6.2,31,95.2,5.5,5.3,Sim,Não,Não,9,6.9,Não,Não
AL00804,41,Automação Industrial,Noturno,Presencial,Indaial,5709,7.6,86.8,6.3,42,100,7.7,6.8,Não,Sim,Não,7,6,Sim,Não
AL00805,26,Automação Industrial,Matutino,Presencial,Pomerode,1920,17.6,84.8,9,47,80.8,8.2,6.2,Não,Não,Sim,6,7.7,Sim,Não
AL00806,18,Desenvolvimento de Sistemas,Matutino,Presencial,Timbó,4884,9.5,71,6,52,88.6,6.4,11.8,Não,Não,Não,6,4.9,Não,Não
AL00807,36,Automação Industrial,Matutino,Presencial,Timbó,12690,9.8,96.9,6,25,100,7.6,4.3,Sim,Sim,Não,6,7,Sim,Não
AL00808,16,Administração,Matutino,Presencial,Timbó,1510,4.9,92.5,9.9,53,83.6,5.8,2.3,Sim,Não,Não,7,6.3,Sim,Não
AL00809,22,Automação Industrial,Noturno,Presencial,Blumenau,900,10.3,79.5,6.2,34,96.2,7.6,6.9,Sim,Sim,Não,7,7.5,Sim,Não
AL00810,16,Automação Industrial,Matutino,Presencial,Indaial,2216,9.5,58.8,7,32,70,5.1,6.1,Não,Sim,Não,7,6.9,Não,Sim
AL00811,33,Automação Industrial,Matutino,Presencial,Blumenau,2197,10.8,68,6.9,44,100,6.6,4.8,Não,Sim,Não,10,4.8,Não,Não
AL00812,30,Administração,Noturno,Presencial,Brusque,4523,14.6,87.5,6.9,45,100,9.2,3.8,Sim,Sim,Não,7,7.4,Sim,Não
AL00813,16,Automação Industrial,Noturno,Presencial,Blumenau,5800,9.6,77.7,7.5,40,96.4,6.8,7.7,Sim,Sim,Não,7,7.5,Sim,Não
AL00814,41,Eletromecânica,Noturno,Presencial,Timbó,1395,9.1,96.2,7,17,100,7.4,1.5,Sim,Sim,Não,7,7.7,Sim,Não
AL00815,23,Automação Industrial,Noturno,Presencial,Timbó,1655,0.6,94.2,5.8,34,67.7,4.9,9.4,Não,Sim,Sim,8,5.6,Não,Não
AL00816,26,Desenvolvimento de Sistemas,Noturno,Presencial,Timbó,2124,11.9,91.9,6.2,50,88.4,6.9,24.4,Sim,Sim,Não,7,7.1,Sim,Não
AL00817,20,Automação Industrial,Noturno,Presencial,Timbó,4665,13.6,58.9,6.8,48,63.3,6.5,11.1,Sim,Não,Não,7,6.7,Não,Não
AL00818,47,Automação Industrial,Noturno,Presencial,Timbó,1469,6.6,85.4,8.4,21,77.6,5.6,2.2,Sim,Sim,Não,5,6,Sim,Não
AL00819,25,Desenvolvimento de Sistemas,Noturno,Presencial,Pomerode,,10.3,100,6.6,52,100,7.1,5,Sim,Não,Sim,9,10,Sim,Não
AL00820,32,Desenvolvimento de Sistemas,Matutino,Presencial,Pomerode,3127,3.4,81.3,4.5,41,67.4,7.4,9.5,Sim,Sim,Não,5,4.8,Não,Não
AL00821,37,Automação Industrial,Matutino,Híbrido,Blumenau,1386,4.2,74.1,5.7,37,90.3,6.1,21,Sim,Sim,Não,6,6.5,Não,Sim
AL00822,30,Eletromecânica,Noturno,Presencial,Timbó,4821,0.5,79,7.4,23,90.3,7.8,7.4,Sim,Sim,Sim,7,6.8,Sim,Não
AL00823,16,Administração,Matutino,Presencial,Timbó,4382,5.6,75.6,7.5,35,80.8,6,3.2,Sim,Sim,Não,7,5.9,Não,Não
AL00824,27,Administração,Matutino,Presencial,Indaial,1011,1.4,89.5,6.7,42,62.2,6.9,3,Sim,Sim,Não,7,6.3,Sim,Não
AL00825,33,Eletromecânica,Matutino,Presencial,Indaial,3078,5.2,94.9,4.7,32,65.5,7.5,13.4,Sim,Não,Não,5,5.5,Não,Não
AL00826,32,Eletromecânica,Matutino,Presencial,Timbó,6681,21.9,76.7,10,51,100,9.3,4.4,Sim,Sim,Não,8,8,Sim,Não
AL00827,28,Eletromecânica,Noturno,Presencial,Blumenau,1565,11,71,7.1,42,90.7,8.3,2.2,Sim,Não,Não,6,7.7,Não,Não
AL00828,16,Eletromecânica,Matutino,Presencial,Blumenau,2154,12.5,84.2,8.6,44,100,4.9,4.9,Sim,Sim,Não,4,6.7,Sim,Não
AL00829,23,Administração,Matutino,Presencial,Indaial,6605,2.6,82.9,5.6,22,64.1,5.2,4.8,Não,Sim,Não,9,4.5,Não,Não
AL00830,46,Eletromecânica,Matutino,Híbrido,Pomerode,1632,6.9,65.8,7.4,56,70.7,6.8,12.7,Sim,Sim,Não,4,6.4,Não,Sim
AL00831,16,Automação Industrial,Matutino,Híbrido,Timbó,5116,5.4,92.5,6.4,41,79.3,6.7,8.3,Sim,Sim,Sim,7,7,Sim,Não
AL00832,24,Automação Industrial,Matutino,Presencial,Brusque,1370,6.2,78.9,2.2,0,85.7,5,7.8,Sim,Sim,Não,4,6.3,Sim,Sim
AL00833,31,Desenvolvimento de Sistemas,Noturno,Presencial,Indaial,3478,6.2,83.4,6.6,37,94.6,5.9,5.1,Sim,Sim,Não,5,6.6,Sim,Não
AL00834,20,Desenvolvimento de Sistemas,Matutino,Presencial,Timbó,2073,10.4,93.5,6.1,31,94.4,5.9,8.4,Sim,Não,Não,8,7.3,Sim,Sim
AL00835,24,Desenvolvimento de Sistemas,Matutino,Híbrido,Blumenau,2111,3.5,70.2,4.9,44,81.6,8.9,7,Sim,Sim,Não,8,4.9,Não,Não
AL00836,35,Desenvolvimento de Sistemas,Noturno,Presencial,Indaial,5539,15.1,73.9,7.9,65,77.7,5,6.4,Sim,Sim,Sim,6,7.5,Não,Sim
AL00837,38,Automação Industrial,Matutino,Presencial,Timbó,1297,9.8,91.7,8.8,42,100,5.8,11.8,Sim,Não,Não,5,10,Sim,Não
AL00838,23,Administração,Noturno,Presencial,Timbó,2929,0.2,86.8,4.1,25,36.2,5.7,3.2,Sim,Sim,Não,6,4.9,Não,Sim
AL00839,36,Automação Industrial,Matutino,Presencial,Timbó,2343,0,80.9,4.8,18,45.3,6.8,3.8,Sim,Sim,Não,8,5.4,Não,Não
AL00840,42,Desenvolvimento de Sistemas,Noturno,Híbrido,Timbó,6081,10.7,90.5,6.6,26,68.7,6.7,7.3,Sim,Não,Não,6,5.9,Não,Não
AL00841,17,Administração,Noturno,Presencial,Gaspar,2700,12,83.2,,45,93.6,8.6,6.6,Sim,Não,Não,4,7.6,Sim,Sim
AL00842,29,Automação Industrial,Matutino,Presencial,Timbó,6775,9.4,80.7,6.5,40,97.9,6.6,14,Sim,Sim,Não,5,6,Sim,Não
AL00843,18,Eletromecânica,Matutino,Presencial,Pomerode,3811,12.7,68.6,9.1,73,82.8,8,9.7,Não,Sim,Não,7,7.6,Não,Sim
AL00844,20,Automação Industrial,Matutino,Presencial,Timbó,1563,7.2,85.2,,33,65.9,8.2,14.7,Não,Sim,Não,8,6.6,Sim,Não
AL00845,27,desenv. sistemas,Noturno,Presencial,Pomerode,1348,8.2,72.4,8.5,77,64.9,7.4,18.2,Não,Não,Não,6,6.8,Não,Não
AL00846,32,Desenvolvimento de Sistemas,Matutino,Presencial,Brusque,2471,7.2,96.3,3.7,43,100,5.5,6,Sim,Sim,Não,5,7.2,Sim,Não
AL00847,19,Administração,Matutino,Presencial,Indaial,3095,20.4,85.7,6.8,51,100,7.7,10.9,Sim,Não,Não,7,7.4,Sim,Não
AL00848,16,Automação Industrial,Matutino,Presencial,Pomerode,1970,13.5,76.3,6.1,31,82,8.4,3.6,Sim,Não,Não,9,6.2,Sim,Não
AL00849,24,Administração,Noturno,Presencial,Indaial,3972,13,86.8,6.8,29,100,6.3,15.6,Sim,Não,Não,6,8.8,Sim,Não
AL00850,37,Desenvolvimento de Sistemas,Matutino,Presencial,Timbó,4667,1.4,66.8,7.1,19,47.8,4.6,9.2,Sim,Sim,Sim,7,5.2,Não,Não
AL00851,18,Automação Industrial,Noturno,Presencial,Brusque,10602,17.3,80.3,5.8,50,100,6.3,2.4,Sim,Não,Não,7,6,Sim,Não
AL00852,30,Desenvolvimento de Sistemas,Noturno,Presencial,Indaial,2420,7.5,83.7,9.1,30,67.9,6.7,15.7,Não,Sim,Não,9,6.6,Sim,Não
AL00853,16,Desenvolvimento de Sistemas,Noturno,Presencial,Timbó,3137,7.5,69.2,5.4,30,90.9,8.7,11.6,Sim,Não,Não,7,7.2,Não,Não
AL00854,16,Automação Industrial,Noturno,Presencial,Blumenau,9317,16.4,75.4,7,37,100,6.6,4.6,Sim,Não,Sim,10,6.8,Sim,Não
AL00855,32,Automação Industrial,Noturno,Presencial,Gaspar,1869,7,80.3,7.9,44,68.1,5.3,8.9,Não,Não,Não,9,5.8,Não,Não
AL00856,34,Administração,Noturno,Híbrido,Indaial,2251,11.9,83.6,6.5,30,82.6,7.9,8.9,Sim,Sim,Não,9,6.9,Sim,Sim
AL00857,16,Administração,Noturno,Presencial,Timbó,4057,8.3,76.3,6.9,20,90,6,4.1,Sim,Sim,Não,8,6.1,Sim,Não
AL00858,37,Administração,Noturno,Presencial,Indaial,2293,9.3,87.7,4.6,31,85,7.7,7.1,Sim,Não,Não,10,6.4,Sim,Não
AL00859,28,Administração,Noturno,Presencial,Indaial,2000,16.3,82.8,8.8,50,100,7.8,10.4,Não,Não,Não,6,6.4,Sim,Não
AL00860,33,Desenvolvimento de Sistemas,Matutino,Presencial,Brusque,4115,6.5,77.8,6.9,57,100,7.7,6.6,Sim,Sim,Não,6,7.3,Sim,Não
AL00861,31,Eletromecânica,Noturno,Presencial,Gaspar,5309,3.7,73.5,8.7,17,88,7.4,19.4,Sim,Não,Sim,6,7.5,Não,Não
AL00862,22,Administração,Noturno,Presencial,Blumenau,3994,3.7,87.4,6.4,31,80.4,5.3,2.2,Não,Sim,Não,8,5.9,Não,Não
AL00863,27,Eletromecânica,Matutino,Presencial,Pomerode,2289,10.9,91.8,8.2,38,100,7.4,2.5,Sim,Não,Não,5,9,Sim,Não
AL00864,17,Automação Industrial,Noturno,Presencial,Indaial,2808,11.1,73,7,50,100,6.4,8,Sim,Sim,Não,4,5.5,Não,Sim
AL00865,16,Desenvolvimento de Sistemas,Noturno,Híbrido,Indaial,2092,8.6,75.6,7,40,58.4,8,14.8,Sim,Não,Não,6,6,Sim,Não
AL00866,26,Eletromecânica,Matutino,Presencial,Brusque,2661,8.1,80.2,6.2,21,85,4.5,11.4,Sim,Sim,Não,5,6.1,Sim,Não
AL00867,21,Administração,Matutino,Presencial,Pomerode,8508,11.7,89.7,6,41,88.2,8.2,1.7,Sim,Não,Não,5,7,Sim,Não
AL00868,34,Automação Industrial,Noturno,Híbrido,Brusque,1490,7.5,83.3,6,8,70.2,5.5,7.2,Sim,Sim,Sim,8,7,Sim,Não
AL00869,32,Eletromecânica,Noturno,Presencial,Blumenau,1835,5.5,74.6,6.8,38,100,5.7,11.5,Sim,Sim,Sim,6,6.3,Não,Não
AL00870,28,Eletromecânica,Noturno,Presencial,Indaial,3511,11.1,93.1,4.2,42,100,6.9,3.8,Sim,Não,Sim,9,7,Sim,Sim
AL00871,18,Desenvolvimento de Sistemas,Noturno,Presencial,Brusque,1457,11.4,81.1,3.7,33,69.9,7.7,3.5,Não,Não,Não,7,4.7,Não,Não
AL00872,39,Desenvolvimento de Sistemas,Noturno,Presencial,Timbó,1021,4.5,89,5.7,62,56.7,5.8,11.6,Não,Sim,Não,5,6,Sim,Sim
AL00873,25,Desenvolvimento de Sistemas,Matutino,Presencial,Pomerode,3629,0.9,89.2,7.6,26,54.6,6,5.2,Sim,Sim,Não,5,5.9,Não,Sim
AL00874,22,Desenvolvimento de Sistemas,Matutino,Híbrido,Brusque,5501,5,83.5,8.5,3,52.4,4.6,7.1,Sim,Sim,Não,6,6.2,Sim,Sim
AL00875,16,Automação Industrial,Matutino,Presencial,Blumenau,3015,10.5,82,6.4,36,100,6.6,2.6,Sim,Sim,Não,9,8.8,Sim,Não
AL00876,20,Administração,Matutino,Presencial,Blumenau,5823,12.3,84.7,6.5,32,80.6,8.2,8.5,Sim,Não,Sim,7,7.5,Sim,Não
AL00877,27,Automação Industrial,Noturno,Presencial,Gaspar,3070,12.2,89.9,6.6,32,91.6,6.7,4.7,Sim,Sim,Não,5,6.6,Sim,Não
AL00878,24,Eletromecânica,Noturno,Híbrido,Blumenau,1506,4.1,82.3,6.5,23,97.9,4.9,4,Sim,Sim,Não,6,5.9,Não,Não
AL00879,26,Automação Industrial,Noturno,Presencial,Blumenau,1262,8.6,91.9,10,50,100,6.7,6,Sim,Sim,Sim,8,8.1,Sim,Não
AL00880,16,Desenvolvimento de Sistemas,Matutino,Presencial,Gaspar,2706,7,75.7,6.4,44,100,5.2,14.4,Sim,Sim,Não,5,6.4,Sim,Sim
AL00881,18,Desenvolvimento de Sistemas,Noturno,Presencial,Gaspar,2889,12.7,89.5,5.6,51,100,8.4,6,Sim,Não,Não,8,6.3,Sim,Não
AL00882,34,Eletromecânica,Noturno,Presencial,Pomerode,2603,5.5,74.5,4.1,20,76.2,6.1,9.2,Sim,Sim,Não,6,5.4,Não,Não
AL00883,16,Administração,Noturno,Híbrido,Brusque,3306,10,64.2,4.9,38,100,4.4,3.8,Sim,Sim,Não,4,5.7,Não,Não
AL00884,36,Automação Industrial,Noturno,Presencial,Timbó,1723,11.9,88,5.5,17,100,6.5,2.9,Não,Sim,Não,5,6.3,Sim,Sim
AL00885,22,Desenvolvimento de Sistemas,Matutino,Presencial,Blumenau,,2.6,78.9,6.8,18,52.8,7.3,8.3,Sim,Sim,Não,10,5,Não,Não
AL00886,26,Automação Industrial,Noturno,Presencial,Gaspar,5450,15.2,94.6,5.7,79,86.2,8,4.7,Sim,Sim,Sim,7,7.8,Sim,Não
AL00887,32,Desenvolvimento de Sistemas,Matutino,Presencial,Indaial,2918,6.2,71.9,3.6,28,67,7.1,17.7,Sim,Sim,Não,6,5.3,Não,Sim
AL00888,28,Desenvolvimento de Sistemas,Noturno,Presencial,Brusque,1925,8.2,76.8,3.1,41,64.5,5.7,23.9,Não,Não,Não,9,4.5,Não,Não
AL00889,28,Eletromecânica,Noturno,Presencial,Brusque,2157,8.5,62.5,8.9,36,86.7,5.9,10.7,Sim,Sim,Não,6,6.4,Não,Sim
AL00890,25,Eletromecânica,Noturno,Presencial,Indaial,5620,4.5,76.9,6.2,38,75.8,7.2,4.6,Sim,Não,Sim,7,5.5,Não,Não
AL00891,26,Desenvolvimento de Sistemas,Matutino,Híbrido,Pomerode,2261,5.9,65.4,7.3,53,88.3,8.4,4.9,Não,Não,Não,7,6.7,Não,Sim
AL00892,20,Desenvolvimento de Sistemas,Noturno,Presencial,Brusque,2374,12.8,94.6,7.7,45,94.7,5.7,9.8,Não,Não,Não,6,6.1,Sim,Não
AL00893,17,Desenvolvimento de Sistemas,Noturno,Presencial,Timbó,2569,14.4,77.4,7.6,45,100,7.4,6.4,Sim,Não,Não,9,5.7,Não,Não
AL00894,19,Eletromecânica,Noturno,Híbrido,Blumenau,1515,14.4,72.3,5.5,58,88,8.1,4.8,Sim,Sim,Não,8,6,Não,Não
AL00895,35,Administração,Noturno,Presencial,Pomerode,3640,10.5,78.7,4.7,40,91.2,7.3,7,Sim,Sim,Não,6,5.7,Não,Não
AL00896,27,Eletromecânica,Noturno,Presencial,Pomerode,2632,0,88.7,7.5,32,91.8,7.1,16.9,Sim,Sim,Não,5,6.5,Sim,Não
AL00897,41,Desenvolvimento de Sistemas,Matutino,Híbrido,Timbó,1854,11.3,71,6.1,28,97.4,5.4,9.9,Não,Sim,Não,6,5.2,Não,Não
AL00898,35,Eletromecânica,Noturno,Híbrido,Timbó,2685,13.4,82.4,6.8,51,83.2,6.8,14.7,Não,Sim,Não,6,6.2,Sim,Sim
AL00899,16,Eletromecânica,Noturno,Presencial,Pomerode,2582,12.3,92.3,5.9,34,96.5,7.3,8.1,Não,Sim,Não,7,7.1,Sim,Não
AL00900,40,Automação Industrial,Matutino,Presencial,Gaspar,3609,3.9,76.9,8.4,35,92.5,6.5,8.9,Sim,Sim,Não,4,6.4,Sim,Sim
AL00901,26,Desenvolvimento de Sistemas,Matutino,Híbrido,Timbó,4821,9.5,84.9,6.9,33,88.5,5.6,18,Sim,Sim,Sim,7,8.4,Sim,Não
AL00902,30,Automação Industrial,Matutino,Presencial,Pomerode,2134,8,95.9,6.2,40,82.3,7.4,24.3,Sim,Não,Não,3,7.2,Sim,Não
AL00903,53,Automação Industrial,Matutino,Presencial,Brusque,3195,15,79.8,6.1,37,100,8.1,17.5,Sim,Não,Não,7,8.2,Sim,Não
AL00904,31,Eletromecânica,Matutino,Híbrido,Brusque,2194,0.8,95.8,4.7,28,78.3,7.9,13.1,Sim,Sim,Sim,7,5.5,Não,Não
AL00905,23,Administração,Noturno,Presencial,Pomerode,7792,7,81.5,9.1,45,78.1,8.3,6.8,Sim,Sim,Não,7,6.5,Sim,Não
AL00906,30,Administração,Matutino,Presencial,Timbó,4291,3.3,72.4,8.4,30,54.6,7.4,8.8,Sim,Sim,Não,7,5.7,Não,Não
AL00907,25,Administração,Matutino,Presencial,Pomerode,8024,13.7,92.8,6.7,64,99.6,6,10.4,Sim,Sim,Sim,6,6.4,Sim,Não
AL00908,45,Eletromecânica,Matutino,Presencial,Timbó,4135,13.5,85.8,5.5,30,89.2,9.9,10.7,Sim,Não,Não,4,6.3,Sim,Não
AL00909,27,Administração,Noturno,Híbrido,Brusque,6138,4.7,83.5,6.5,44,72.8,6.3,8.3,Sim,Sim,Não,5,6.2,Sim,Não
AL00910,34,Desenvolvimento de Sistemas,Noturno,Híbrido,Blumenau,6554,1.5,70.1,7.9,15,81,8.2,14.9,Sim,Sim,Não,6,5,Não,Não
AL00911,24,Desenvolvimento de Sistemas,Matutino,Híbrido,Indaial,3310,17.5,84.4,7.1,51,100,6.8,10.1,Sim,Sim,Não,8,7.4,Sim,Não
AL00912,31,Desenvolvimento de Sistemas,Noturno,Híbrido,Gaspar,,7.7,74,7.2,50,94.1,5.6,9.7,Não,Sim,Não,6,6.3,Não,Não
AL00913,35,Automação Industrial,Noturno,Presencial,Gaspar,4586,13.1,78.7,7.8,32,86.6,8.1,22.9,Sim,Não,Não,5,7,Sim,Sim
AL00914,26,Desenvolvimento de Sistemas,Matutino,Presencial,Timbó,3482,8.2,91.8,4.9,31,100,4.5,7.7,Sim,Sim,Não,6,6.7,Sim,Não
AL00915,40,Eletromecânica,Noturno,Presencial,Gaspar,1736,6.6,90.4,5.4,14,88,7,11.9,Não,Sim,Não,8,5.6,Não,Sim
AL00916,30,Automação Industrial,Matutino,Presencial,Blumenau,3217,2.6,99.8,6,28,68.3,9.2,8.9,Sim,Sim,Sim,9,6.8,Sim,Não
AL00917,22,Automação Industrial,Matutino,Presencial,Indaial,2614,3.7,84.3,6,11,81.4,5,8.7,Sim,Sim,Sim,6,7.5,Sim,Não
AL00918,38,Eletromecânica,Matutino,Presencial,Brusque,4553,13.1,65.9,8.1,33,100,5.3,3.6,Sim,Sim,Sim,7,7.8,Não,Não
AL00919,25,Desenvolvimento de Sistemas,Noturno,Presencial,Blumenau,3740,12.1,72.6,5.1,31,95.9,6.3,16.9,Sim,Sim,Sim,8,7.5,Não,Sim
AL00920,22,Desenvolvimento de Sistemas,Matutino,Presencial,Blumenau,,12.3,91.1,6,55,100,8.4,2.6,Sim,Não,Não,4,6.5,Sim,Sim
AL00921,29,Automação Industrial,Noturno,Presencial,Blumenau,5955,10.6,92.9,8.2,42,100,6.8,5.9,Sim,Sim,Sim,8,8.2,Sim,Não
AL00922,27,Eletromecânica,Matutino,Hibrido,Indaial,3408,10.6,74.9,6.5,39,71.2,8.4,9.5,Sim,Não,Sim,7,6.5,Não,Não
AL00923,27,Automação Industrial,Noturno,Presencial,Pomerode,4222,4.2,76,4.3,33,100,5.4,12.6,Sim,Sim,Não,6,6.3,Sim,Não
AL00924,20,Desenvolvimento de Sistemas,Noturno,Presencial,Indaial,900,8.9,81.8,5.9,32,84.7,6.4,4.8,Sim,Não,Não,8,7.1,Sim,Não
AL00925,16,Automação Industrial,Noturno,Presencial,Indaial,2259,9.6,94.2,8.8,46,97.2,7.4,6.6,Sim,Sim,Não,6,8.2,Sim,Não
AL00926,33,Desenvolvimento de Sistemas,Matutino,Presencial,Blumenau,2757,6.5,89.2,6.8,45,69.3,6,4.7,Sim,Não,Não,5,6.5,Sim,Não
AL00927,33,Automação Industrial,Noturno,Presencial,Indaial,1464,12.4,94.6,6.7,33,78.4,6.7,8.7,Sim,Sim,Não,10,5.3,Não,Não
AL00928,32,Automação Industrial,Noturno,Presencial,Gaspar,2633,6.4,70.9,8.2,32,98.5,6.6,7.8,Sim,Sim,Não,7,7.3,Não,Não
AL00929,16,Administração,Noturno,Presencial,Timbó,2035,11.9,87.6,4.5,39,100,6.8,7.9,Sim,Não,Não,7,6.8,Sim,Não
AL00930,16,Desenvolvimento de Sistemas,Noturno,Presencial,Timbó,1567,10.8,76.3,6.8,39,98.6,5.9,2.3,Sim,Sim,Não,7,8,Sim,Não
AL00931,23,Eletromecânica,Matutino,Híbrido,Blumenau,9010,15.8,85.6,6.5,21,100,7.9,16.5,Sim,Sim,Não,6,7.1,Sim,Não
AL00932,16,Desenvolvimento de Sistemas,Noturno,Presencial,Pomerode,2417,18.7,80.8,8,24,100,8.3,10.3,Sim,Não,Não,5,8.3,Sim,Não
AL00933,22,Administração,Matutino,Presencial,Pomerode,1433,3.9,67.2,5.7,23,91.1,6.7,4.3,Sim,Sim,Não,7,6,Não,Sim
AL00934,17,Automação Industrial,Matutino,Presencial,Blumenau,1405,5.3,100,6.5,13,65.4,6.9,3.9,Sim,Sim,Sim,9,7.3,Sim,Não
AL00935,16,Automação Industrial,Matutino,Híbrido,Gaspar,3374,9.9,84.4,8,15,88.8,7.9,12.6,Sim,Sim,Não,7,7,Sim,Não
AL00936,16,Administração,Noturno,Híbrido,Indaial,2676,13.6,87.7,5.3,61,80.5,4.5,8,Não,Sim,Não,8,6.2,Sim,Não
AL00937,26,Automação Industrial,Matutino,Presencial,Pomerode,13134,9.1,78.6,8.7,27,71,4.7,7.1,Sim,Sim,Não,8,6.5,Sim,Não
AL00938,33,Eletromecânica,Matutino,Presencial,Gaspar,3725,9.1,74.3,3.1,14,93.5,8.9,9.1,Sim,Sim,Não,7,6.3,Não,Não
AL00939,21,Administração,Matutino,Presencial,Pomerode,1923,10.4,81.4,5.6,29,67.8,6.7,7.7,Sim,Sim,Não,6,7.3,Sim,Sim
AL00940,26,Automação Industrial,Matutino,Presencial,Gaspar,5542,6.4,70.9,6.2,23,73.2,7.1,5.1,Sim,Sim,Não,7,5.8,Não,Não
AL00941,26,Desenvolvimento de Sistemas,Noturno,Presencial,Blumenau,3178,6.4,78.3,6.8,12,66.4,6.9,10.9,Sim,Sim,Não,7,6.2,Sim,Não
AL00942,29,Eletromecânica,Noturno,Presencial,Pomerode,2189,8.8,85.2,7.8,36,88.2,8.7,5.5,Sim,Sim,Sim,6,8.4,Sim,Não
AL00943,36,Administração,Noturno,Presencial,Gaspar,3248,10.5,70.8,4.2,45,100,6.2,13.5,Sim,Não,Não,7,6,Não,Não
AL00944,36,Desenvolvimento de Sistemas,Matutino,Presencial,Pomerode,4315,1.8,92.7,4.7,34,77.6,7.6,4.6,Sim,Sim,Não,5,6.7,Sim,Não
AL00945,33,Automação Industrial,Matutino,Presencial,Pomerode,2901,5.9,80.1,4.1,11,81,8,5.2,Sim,Sim,Não,9,5.9,Não,Não
AL00946,48,Desenvolvimento de Sistemas,Noturno,Presencial,Brusque,1641,10.3,98.3,7,39,87.9,6.4,10.6,Sim,Sim,Não,7,6.7,Sim,Não
AL00947,26,Eletromecânica,Noturno,Híbrido,Brusque,2792,7.4,82.5,5.7,32,100,6.1,12.1,Sim,Sim,Não,5,7.7,Sim,Não
AL00948,28,Administração,Noturno,Presencial,Blumenau,1711,5.9,66.1,5,53,46,5.8,6.2,Sim,Sim,Não,7,4.2,Não,Sim
AL00949,39,Eletromecânica,Matutino,Presencial,Pomerode,5941,6.8,86.2,8.3,41,77.1,6.7,7.3,Sim,Não,Não,8,6.4,Sim,Não
AL00950,36,Administração,Noturno,Presencial,Timbó,3573,5.3,83.4,6.3,26,90.4,7.4,8,Sim,Sim,Não,6,6.9,Sim,Não
AL00951,26,Automação Industrial,Noturno,Presencial,Indaial,4820,9.9,72.5,6.4,45,76.2,6.4,14.8,Sim,Sim,Sim,8,5.4,Não,Não
AL00952,21,Administração,Matutino,Híbrido,Blumenau,1608,7.3,67.2,4.1,25,86.2,6.3,19.8,Sim,Não,Sim,9,6,Não,Sim
AL00953,30,Eletromecânica,Noturno,Híbrido,Blumenau,3910,14.6,86.9,5.5,56,66.5,6.1,6.7,Sim,Não,Não,7,5,Não,Não
AL00954,37,Automação Industrial,Noturno,Presencial,Gaspar,3226,2.7,64.2,1.9,38,76.8,6.3,7.8,Sim,Sim,Não,10,2.8,Não,Sim
AL00955,26,Administração,Noturno,Presencial,Pomerode,4514,1.5,82.4,5.7,33,54.2,7.2,18.1,Sim,Sim,Não,8,6.1,Sim,Sim
AL00956,34,Desenvolvimento de Sistemas,Noturno,Presencial,Brusque,1476,6.4,66.9,5.6,34,63.1,6.6,6.9,Sim,Não,Não,8,5.6,Não,Não
AL00957,20,Eletromecânica,Matutino,Presencial,Timbó,2112,3.5,86.6,10,32,77.5,10,5.9,Sim,Não,Sim,3,7.4,Sim,Sim
AL00958,34,Administração,Matutino,Presencial,Blumenau,3614,12.5,76.1,8.3,31,100,5.4,39.2,Não,Sim,Não,7,7.3,Sim,Não
AL00959,28,Automação Industrial,Matutino,Presencial,Brusque,2541,6,99.9,4.9,28,100,6.7,47.2,Sim,Sim,Sim,8,6.6,Sim,Não
AL00960,39,Administração,Noturno,Presencial,Timbó,4816,5.5,81.2,5.3,42,81.9,6.5,5,Sim,Sim,Não,5,6.1,Sim,Não
AL00961,34,Desenvolvimento de Sistemas,Noturno,Presencial,Gaspar,2544,11.7,75.7,5.5,55,86.9,5.7,6.8,Sim,Não,Não,8,5.5,Não,Não
AL00962,27,Automação Industrial,Matutino,Presencial,Gaspar,1672,12.7,88.5,8.3,47,48.3,6.3,10.4,Sim,Sim,Não,7,7.7,Sim,Sim
AL00963,25,Automação Industrial,Noturno,Presencial,Indaial,2014,13,76.9,7.2,43,96.1,5.6,12.5,Não,Não,Não,7,7.6,Sim,Não
AL00964,25,Administração,Matutino,Presencial,Indaial,7643,0.6,84.8,3.7,29,61.7,6.7,3.5,Sim,Sim,Não,6,5.2,Não,Não
AL00965,20,Desenvolvimento de Sistemas,Matutino,Presencial,Gaspar,2615,11.8,67.7,8.6,29,98.2,8.7,16.1,Sim,Não,Não,9,7.7,Não,Não
AL00966,24,Administração,Noturno,Presencial,Pomerode,5353,1.3,78.8,5.5,26,89.4,5.7,27.7,Sim,Sim,Não,7,5.5,Não,Não
AL00967,16,Automação Industrial,Noturno,Presencial,Timbó,2692,12.2,81.3,5.4,19,88,6.8,15.1,Não,Não,Não,3,5.9,Não,Sim
AL00968,34,Administração,Matutino,Presencial,Brusque,,9.4,59.5,4.6,35,83.9,5.7,5,Sim,Sim,Não,5,5.4,Não,Sim
AL00969,16,Eletromecânica,Matutino,Presencial,Indaial,2820,13.1,74.7,4.9,38,100,7.7,11.9,Sim,Sim,Não,8,6.7,Não,Sim
AL00970,29,Automação Industrial,Noturno,Presencial,Indaial,1897,1.2,,6.6,15,61.3,5.6,7.6,Sim,Sim,Não,10,3.5,Não,Não
AL00971,25,Automação Industrial,Noturno,Presencial,Indaial,5327,14.9,85.7,6.9,34,100,8.2,12.9,Sim,Sim,Não,10,7.3,Sim,Não
AL00972,25,Desenvolvimento de Sistemas,Matutino,Presencial,Brusque,1994,4.9,88.6,5.7,37,73.4,6.3,19,Sim,Sim,Sim,7,5.4,Não,Não
AL00973,33,Administração,Noturno,Híbrido,Gaspar,1273,4.8,79.1,7.5,28,68.2,5.7,3.9,Sim,Sim,Não,5,6.9,Sim,Sim
AL00974,23,Administração,Noturno,Presencial,Timbó,3535,13,70.5,6.5,28,80.7,7.1,4.5,Sim,Não,Não,8,7.3,Não,Não
AL00975,35,Eletromecânica,Noturno,Presencial,Brusque,1413,4.1,72.2,6.9,33,71.9,7,8.5,Sim,Sim,Não,7,3.9,Não,Não
AL00976,31,Eletromecânica,Matutino,Presencial,Pomerode,3619,4,76.6,6.9,27,73,8,9.7,Sim,Sim,Não,7,6.5,Sim,Não
AL00977,33,Administração,Noturno,Presencial,Brusque,9259,9.9,90.1,6.6,31,100,7.1,1,Sim,Não,Não,7,6.8,Sim,Não
AL00978,25,Eletromecânica,Noturno,Presencial,Indaial,1387,6.8,70.2,7.1,60,100,5.3,10.9,Sim,Sim,Sim,8,6.2,Não,Não
AL00979,32,Automação Industrial,Noturno,Presencial,Blumenau,2280,8.1,74.7,6.2,52,60.4,6,4.9,Sim,Sim,Não,7,4.9,Não,Não
AL00980,16,Desenvolvimento de Sistemas,Noturno,Presencial,Gaspar,6783,12.1,80.3,8.7,48,80.8,7.9,9.3,Não,Não,Não,10,7.5,Sim,Não
AL00981,25,Desenvolvimento de Sistemas,Matutino,Presencial,Timbó,2411,6.5,89.9,3.9,24,82.6,5.1,8,Sim,Sim,Não,7,4.6,Não,Não
AL00982,16,Eletromecânica,Matutino,Presencial,Pomerode,2110,11.7,75.3,6.9,34,79.5,7.1,2.9,Sim,Sim,Não,7,5.1,Não,Sim
AL00983,30,Administração,Noturno,Presencial,Gaspar,2400,13.8,68.6,3.4,38,96.1,6.4,7.1,Sim,Sim,Sim,7,5.2,Não,Não
AL00984,21,Eletromecânica,Noturno,Híbrido,Pomerode,1263,20.5,71.6,6.9,40,98.7,5.6,15.1,Sim,Não,Não,5,8.5,Não,Não
AL00985,29,Automação Industrial,Noturno,Presencial,Indaial,3775,5.1,79.4,6.6,26,91.4,5.1,8.9,Sim,Sim,Não,6,6.8,Sim,Não
AL00986,20,Automação Industrial,Matutino,Presencial,Timbó,1255,6.5,84.6,4.5,46,100,8.1,13.1,Sim,Não,Não,9,6.4,Sim,Não
AL00987,35,Administração,Noturno,Presencial,Pomerode,8746,7.6,81.8,4.3,25,100,4,18.3,Sim,Sim,Não,6,7.1,Sim,Sim
AL00988,26,Administração,Noturno,Presencial,Blumenau,2147,9.4,97.9,5.9,42,72.3,4.5,17,Não,Não,Sim,9,6.1,Sim,Não
AL00989,32,Automação Industrial,Matutino,Presencial,Gaspar,2586,10.1,91.5,4.7,41,80.2,5.1,4.9,Sim,Sim,Sim,7,5.4,Não,Não
AL00990,30,Administração,Matutino,Presencial,Timbó,,8,78.3,7.2,38,79,5.8,4.9,Sim,Não,Não,6,6.3,Sim,Não
AL00991,37,Administração,Noturno,Presencial,Indaial,2516,21.2,,6.1,31,88.8,6.5,8.5,Sim,Não,Não,7,8.6,Sim,Não
AL00992,24,Desenvolvimento de Sistemas,Matutino,Presencial,Timbó,1872,2.7,78.6,9.6,19,68.9,6.3,7.6,Não,Não,Não,6,6.1,Sim,Não
AL00993,23,Automação Industrial,Matutino,Híbrido,Pomerode,2752,13.8,85.7,6.3,40,94.5,4.5,5.3,Sim,Sim,Não,6,8.1,Sim,Não
AL00994,35,Automação Industrial,Matutino,Híbrido,Gaspar,6671,5.9,86.8,5.3,21,78.2,6.1,4.1,Sim,Não,Não,10,6.7,Sim,Não
AL00995,26,Automação Industrial,Matutino,Presencial,Indaial,1575,14.3,70.5,5.3,33,93.7,8.8,2.5,Sim,Não,Não,4,4.1,Não,Sim
AL00996,18,Eletromecânica,Noturno,Híbrido,Gaspar,4469,7.6,79.7,6.8,53,86.4,7.2,4.3,Sim,Não,Não,8,6.8,Sim,Não
AL00997,38,Automação Industrial,Matutino,Presencial,Blumenau,3374,12.5,67.8,6.3,36,100,6.5,5.1,Sim,Sim,Não,7,6.3,Não,Não
AL00998,26,Administração,Noturno,Presencial,Pomerode,2998,2.4,87.6,5.2,38,100,7.8,15.1,Sim,Sim,Não,7,8.3,Sim,Não
AL00999,17,Automação Industrial,Noturno,Presencial,Blumenau,1367,6.7,94.9,8.7,44,80.2,9.3,3.4,Sim,Não,Não,7,7.5,Sim,Não
AL01000,27,Desenvolvimento de Sistemas,Matutino,Presencial,Pomerode,3465,8.5,78.9,9.5,17,72.6,6.1,5,Sim,Não,Não,6,6.9,Sim,Não
AL01001,38,Eletromecânica,Matutino,Presencial,Pomerode,4013,17.4,79.6,6.6,32,100,8.2,4.4,Sim,Não,Sim,8,7.7,Sim,Não
AL01002,26,Eletromecânica,Matutino,Híbrido,Brusque,1397,10.4,66.6,6.3,38,97.2,6.8,12,Sim,Não,Sim,7,6.3,Não,Não
AL01003,20,Administração,Noturno,Presencial,Indaial,900,15.5,96.9,3.6,51,100,6.9,1.6,Sim,Não,Sim,9,7.6,Sim,Não
AL01004,18,Desenvolvimento de Sistemas,Matutino,Presencial,Blumenau,4554,11.3,83.7,7,55,100,5.5,3.9,Sim,Não,Não,9,7.9,Sim,Não
AL01005,16,Desenvolvimento de Sistemas,Noturno,Presencial,Indaial,2588,4,84.3,5.3,31,97.5,7.6,1.8,Não,Não,Não,6,7.6,Sim,Não
AL01006,18,Administração,Noturno,Presencial,Brusque,2958,10.8,88.2,6.1,35,98.8,6.5,7.3,Sim,Não,Sim,4,7.1,Sim,Não
AL01007,41,Eletromecânica,Noturno,Presencial,Timbó,4811,8.3,87.5,6.6,40,78.1,4.7,6.7,Sim,Sim,Não,9,6.6,Sim,Não
AL01008,31,Administração,Matutino,Presencial,Brusque,4310,9.7,81.3,5.2,24,100,5.7,4.7,Sim,Não,Sim,7,6.9,Sim,Não
AL01009,29,Eletromecânica,Noturno,Presencial,Pomerode,4643,6.4,53.5,4.2,17,82.9,6.8,15.4,Sim,Sim,Não,8,6.1,Não,Não
AL01010,19,Eletromecânica,Noturno,Híbrido,Timbó,2276,13.1,77.5,5.9,46,73.4,7.3,5.1,Sim,Não,Não,9,6.3,Sim,Sim
AL01011,28,Desenvolvimento de Sistemas,Matutino,Presencial,Brusque,8621,0,73.4,6.2,52,71.5,7.6,5.7,Sim,Sim,Sim,7,5.3,Não,Não
AL01012,33,Eletromecânica,Matutino,Presencial,Brusque,6164,5.5,98.9,8.1,30,85.3,8.2,9,Sim,Sim,Não,7,8,Sim,Não
AL01013,16,Automação Industrial,Noturno,Presencial,Timbó,7643,9.6,76.2,3.6,53,100,7.6,4.3,Sim,Não,Não,6,5.3,Não,Não
AL01014,29,Eletromecânica,Matutino,Presencial,Timbó,2578,4.7,69.1,6.5,17,96.6,5.8,5.9,Não,Sim,Não,10,5.3,Não,Sim
AL01015,28,Administração,Matutino,Presencial,Blumenau,4986,9.3,82.1,4.8,48,81.9,6.9,3.2,Sim,Sim,Não,7,6.4,Sim,Não
AL01016,35,Administração,Matutino,Presencial,Pomerode,4294,8.7,100,6.6,8,100,6.3,3,Sim,Sim,Não,,8.7,Sim,Não
AL01017,20,Automação Industrial,Noturno,Presencial,Timbó,1535,19.1,80.6,,47,100,6,3.4,Sim,Não,Não,6,7.5,Sim,Não
AL01018,35,Eletromecânica,Matutino,Presencial,Timbó,1726,6.3,77.9,3.2,44,80.5,5.8,2.8,Não,Sim,Não,7,6.5,Sim,Não
AL01019,34,Administração,Noturno,Presencial,Blumenau,2237,0,87.5,4.4,10,55,4.8,6,Sim,Sim,Não,8,5,Não,Não
AL01020,23,Administração,Noturno,Presencial,Pomerode,5558,7,85.3,6.5,16,73.5,3.5,8.8,Sim,Sim,Não,7,5.5,Não,Não
AL01021,16,Desenvolvimento de Sistemas,Noturno,Presencial,Blumenau,4254,13.2,85.5,8.4,48,72.1,6,26.1,Sim,Sim,Não,7,8,Sim,Não
AL01022,26,Administração,Matutino,Presencial,Blumenau,4219,8.9,74.5,6.5,43,100,7.6,4.5,Sim,Sim,Não,7,5.9,Não,Não
AL01023,42,Administração,Matutino,Híbrido,Indaial,3046,9.1,75.9,5.9,49,69.1,6.1,20.7,Sim,Sim,Não,6,6.4,Sim,Não
AL01024,37,Administração,Noturno,Híbrido,Timbó,7936,9,91.7,7.4,40,64.5,8.5,11,Sim,Sim,Não,5,5.2,Não,Não
AL01025,16,Desenvolvimento de Sistemas,Noturno,Presencial,Timbó,5772,11.6,80.5,7,62,66.3,6.1,12.6,Sim,Sim,Não,8,6.2,Sim,Sim
AL01026,18,Desenvolvimento de Sistemas,Matutino,Presencial,Gaspar,2472,6.9,85.4,2.9,8,87.2,5.2,6.7,Sim,Sim,Não,4,5.2,Não,Não
AL01027,31,Eletromecânica,Matutino,Presencial,Blumenau,3075,3.2,80.9,7.7,14,62.8,6,11.6,Sim,Sim,Não,8,6.7,Sim,Não
AL01028,31,Eletromecânica,Matutino,Presencial,Timbó,2428,1.6,89.2,7.1,33,66.8,6.2,8.7,Não,Sim,Não,9,5.5,Não,Não
AL01029,32,Administração,Noturno,Presencial,Timbó,2244,9,94.4,5,53,100,6.8,12.2,Sim,Sim,Não,6,6.2,Sim,Não
AL01030,20,Eletromecânica,Noturno,Presencial,Timbó,3654,8.6,80.1,6.4,33,100,5.3,5.1,Sim,Não,Não,7,7.7,Sim,Não
AL01031,21,Desenvolvimento de Sistemas,Noturno,Presencial,Indaial,3629,7,89.4,6.1,26,82.3,8.2,13.1,Sim,Não,Não,4,6.1,Sim,Não
AL01032,33,Desenvolvimento de Sistemas,Matutino,Presencial,Indaial,1914,4.1,78,7.6,29,81.4,6.7,6.5,Não,Sim,Sim,6,7,Sim,Não
AL01033,43,Desenvolvimento de Sistemas,Noturno,Presencial,Brusque,4333,4.3,89.4,7.5,28,64.5,7.6,3.9,Sim,Sim,Não,6,6.9,Sim,Não
AL01034,24,Eletromecânica,Noturno,Híbrido,Brusque,1614,6.6,79,6.8,34,94.9,6,3.9,Sim,Sim,Sim,7,7.2,Sim,Não
AL01035,16,Eletromecânica,Matutino,Presencial,Indaial,4354,12.4,75,7,47,94.3,5.3,6.3,Sim,Não,Não,6,7.8,Sim,Não
AL01036,29,Automação Industrial,Noturno,Presencial,Indaial,2253,6.7,78.3,6.5,6,73.1,7.7,16.5,Não,Sim,Não,9,5.7,Não,Não
AL01037,19,Automação Industrial,Matutino,Presencial,Timbó,4877,12.6,87.8,5.5,31,81.6,5.8,6.4,Sim,Sim,Não,9,7,Sim,Não
AL01038,24,Desenvolvimento de Sistemas,Noturno,Presencial,Brusque,1844,6.6,89.2,5.3,21,100,7.2,3.7,Sim,Sim,Não,6,6.5,Sim,Não
AL01039,29,Administração,Noturno,Híbrido,Gaspar,4508,5,95.2,7.7,18,86.2,6.5,20.6,Sim,Sim,Não,8,6.7,Sim,Não
AL01040,22,Automação Industrial,Noturno,Presencial,Brusque,1490,7.2,81.6,8.2,20,64.5,7.9,4.7,Sim,Sim,Sim,8,6.7,Sim,Não
AL01041,46,Administração,Noturno,Presencial,Indaial,1302,8.2,75.3,8.3,42,65,8.7,3.4,Sim,Sim,Sim,8,5.3,Não,Não
AL01042,42,Administração,Noturno,Presencial,Timbó,1100,15.8,100,7.8,56,100,7.8,3.4,SIM,Não,Não,7,7.6,Sim,Não
AL01043,29,Eletromecânica,Noturno,Presencial,Blumenau,1410,9.4,85.5,7,43,100,4.3,6.1,Sim,Sim,Não,8,9.1,Sim,Não
AL01044,16,Desenvolvimento de Sistemas,Matutino,Presencial,Blumenau,1271,14.5,100,9.2,22,71.9,6.7,8.5,Não,Não,Não,10,7.8,Sim,Não
AL01045,16,Administração,Noturno,Presencial,Timbó,1677,5.9,76.9,4.6,45,89.7,7.2,11.7,Não,Não,Sim,6,6,Sim,Não
AL01046,22,Administração,Noturno,Presencial,Brusque,1818,0.8,100,8.6,26,89.3,6.6,23.5,Não,Sim,Não,7,7.4,Sim,Não
AL01047,37,Automação Industrial,Matutino,Presencial,Brusque,2636,7.1,96.3,5.9,33,90.5,6.1,5.2,Não,Sim,Não,5,7.1,Sim,Sim
AL01048,16,Eletromecânica,Noturno,Presencial,Blumenau,5315,15,67.1,7.6,51,97.1,5.6,24,Sim,Sim,Sim,4,8.4,Não,Sim
AL01049,21,Desenvolvimento de Sistemas,Matutino,Presencial,Gaspar,2973,0,100,5.9,25,39.4,7,10.1,Sim,Sim,Sim,7,4.6,Não,Não
AL01050,21,Desenvolvimento de Sistemas,Matutino,Presencial,Gaspar,2692,14.7,67.6,7.9,49,89.1,9.3,7.5,Sim,Não,Não,7,6,Não,Sim
AL01051,17,Eletromecânica,Matutino,Presencial,Brusque,4033,8.9,79.7,6.9,37,100,5.6,7.9,Sim,Sim,Não,9,5.9,Não,Não
AL01052,34,Desenvolvimento de Sistemas,Matutino,Híbrido,Gaspar,4082,13.2,96.7,5.9,52,93.1,6.7,2.9,Sim,Não,Não,7,7.3,Sim,Não
AL01053,17,Automação Industrial,noturno ,Presencial,Pomerode,3603,3.9,78.2,9.2,41,50,6.9,6,Sim,Não,Não,8,5.6,Não,Não
AL01054,27,Desenvolvimento de Sistemas,Noturno,Híbrido,Brusque,2315,5.5,89.8,4.9,22,85.1,4.6,5.1,Não,Sim,Não,8,6.1,Sim,Sim
AL01055,46,Eletromecânica,Matutino,Presencial,Brusque,3262,10.3,79.3,7.7,49,82.5,6.8,2.4,Sim,Sim,Não,3,8.3,Sim,Sim
AL01056,16,desenv. sistemas,Matutino,Híbrido,Pomerode,2431,3.7,68.6,7.6,21,80,4.1,5.1,Sim,Sim,Não,4,5.6,Não,Sim
AL01057,24,Automação Industrial,Matutino,Presencial,Blumenau,4190,7.6,80.4,8,33,79.5,6,9.1,Não,Sim,Não,8,7.3,Sim,Não
AL01058,33,Administração,Noturno,Presencial,Timbó,7112,6.7,70.5,5.3,34,95.6,7.5,6.7,Sim,Sim,Não,5,5.2,Não,Não
AL01059,26,Automação Industrial,Noturno,Presencial,Indaial,,6.1,83.5,6.3,28,86.2,6.2,14.9,Sim,Sim,Não,7,6.3,Sim,Não
AL01060,31,Desenvolvimento de Sistemas,Noturno,Presencial,Brusque,4811,7,82.8,5,37,100,6.1,4,Sim,Sim,Não,7,6.8,Sim,Não
AL01061,23,Desenvolvimento de Sistemas,Noturno,Presencial,Timbó,5912,3.3,94.6,4.6,42,79,4.8,4.3,Sim,Sim,Sim,6,6.3,Sim,Não
AL01062,23,Desenvolvimento de Sistemas,Matutino,Presencial,Brusque,2775,9.6,77.6,6.3,17,100,8.3,21,Sim,Sim,Não,6,7.6,Sim,Sim
AL01063,37,Eletromecânica,Noturno,Presencial,Brusque,4733,11.1,58.1,8.6,53,79.7,6.8,3.8,Sim,Sim,Não,4,6.3,Não,Sim
AL01064,23,Administração,Noturno,Presencial,Indaial,3444,6.9,95.3,6.7,21,93,6,7.3,Não,Sim,Não,7,6,Sim,Sim
AL01065,20,Desenvolvimento de Sistemas,Noturno,Presencial,Indaial,4470,9.8,77,7.2,45,88.9,7.3,11.4,Sim,Não,Não,8,7.3,Sim,Não
AL01066,32,Automação Industrial,Matutino,Presencial,Brusque,4018,6.1,89.1,6.3,39,50.4,8,7.4,Sim,Sim,Não,7,5.1,Não,Não
AL01067,25,Automação Industrial,Noturno,Presencial,Indaial,4458,5.7,65.2,3.6,50,66.3,6.6,15.5,Sim,Sim,Não,6,4.1,Não,Não
AL01068,16,Administração,Noturno,Presencial,Timbó,3599,19.4,66.3,6.3,51,100,6.3,7.2,Sim,Não,Sim,9,7.5,Não,Não
AL01069,32,Administração,Noturno,Presencial,Blumenau,5786,6.3,75.9,9.7,45,75.3,6.2,7.5,Sim,Sim,Não,7,6.5,Sim,Não
AL01070,23,Administração,Noturno,Híbrido,Gaspar,1033,13.9,78.4,4.5,28,86,5.6,14.8,Sim,Não,Não,10,5.9,Não,Não
AL01071,22,Automação Industrial,Noturno,Híbrido,Timbó,4614,11,84.4,4.2,33,91.2,6.7,3.4,Sim,Sim,Não,6,6,Sim,Não
AL01072,20,Administração,Matutino,Presencial,Brusque,5718,6.9,82.3,5.4,24,94,6.8,13.5,Sim,Sim,Não,7,6,Sim,Não
AL01073,36,Automação Industrial,Noturno,Presencial,Pomerode,4380,6.3,94.4,,30,82.8,6.5,12.7,Sim,Sim,Sim,10,6.2,Sim,Não
AL01074,35,Automação Industrial,Matutino,Presencial,Timbó,1384,7.5,74.9,5.9,17,93.8,6,5.9,Sim,Sim,Não,7,5.4,Não,Não
AL01075,40,Administração,Noturno,Presencial,Indaial,5611,5.2,83.4,4.5,34,99.4,7.5,6.6,Sim,Sim,Não,6,6,Sim,Não
AL01076,31,Automação Industrial,Noturno,Presencial,Blumenau,1035,13.9,92.2,6.4,27,96.6,6.7,12.8,Não,Sim,Sim,4,7.5,Sim,Sim
AL01077,21,Administração,Noturno,Híbrido,Brusque,3334,4.5,95.8,6.2,15,96.5,6.5,12.7,Sim,Sim,Sim,8,7.7,Sim,Não
AL01078,33,Eletromecânica,Noturno,Híbrido,Gaspar,8807,6.3,66.1,6.7,32,88,7.1,8.3,Sim,Sim,Não,7,5.8,Não,Não
AL01079,38,Automação Industrial,Noturno,Presencial,Blumenau,2761,11.3,89.3,6.1,24,100,7,16.9,Sim,Não,Sim,8,6.8,Sim,Não
AL01080,32,Automação Industrial,Noturno,Presencial,Gaspar,1773,10.6,84.3,7.4,31,70.5,7.8,5.7,Sim,Sim,Não,10,7.6,Sim,Não
AL01081,17,Administração,Matutino,Presencial,Brusque,2183,9.1,89.2,5.7,27,77.5,6.6,3.8,Não,Sim,Não,7,5.9,Não,Não
AL01082,32,Automação Industrial,Matutino,Presencial,Indaial,4862,17.9,76.4,9.1,44,100,6.7,9.9,Sim,Não,Não,10,8.1,Sim,Não
AL01083,23,Eletromecânica,Noturno,Presencial,Blumenau,5093,2,91.9,6,49,64.3,8.5,12.2,Sim,Sim,Não,9,7,Sim,Não
AL01084,23,Desenvolvimento de Sistemas,Noturno,Presencial,Gaspar,2409,9.1,76.7,6.9,25,78.9,5.4,5.1,Sim,Sim,Não,8,5.3,Não,Não
AL01085,35,Eletromecânica,Noturno,Presencial,Blumenau,3687,7.4,87.6,,21,70.4,8.8,13.9,Sim,Sim,Não,9,4.7,Não,Sim
AL01086,40,Administração,Matutino,Presencial,Pomerode,2734,11.2,80.7,7.9,45,100,8.7,12.5,Sim,Não,Não,7,9.2,Sim,Não
AL01087,21,Automação Industrial,Matutino,Presencial,Brusque,974,4.9,96.1,5.3,31,100,7,2.7,Sim,Não,Não,7,6.7,Sim,Não
AL01088,24,Desenvolvimento de Sistemas,Matutino,Presencial,Pomerode,3971,9.3,66.1,5,44,95.4,4.8,8.8,Sim,Sim,Não,4,6.8,Não,Não
AL01089,22,Desenvolvimento de Sistemas,Noturno,Presencial,Timbó,1991,8.4,97.6,8.9,64,79.1,6.8,3.1,Sim,Não,Não,7,8.1,Sim,Não
AL01090,42,Desenvolvimento de Sistemas,Matutino,Presencial,Timbó,7374,5.2,75.6,5.6,28,98.6,7.1,25,Sim,Sim,Não,10,5.6,Não,Não
AL01091,27,Automação Industrial,Noturno,Presencial,Gaspar,5864,7.9,84.3,5.8,39,100,6.6,6.7,Sim,Sim,Não,7,7.4,Sim,Não
AL01092,16,Automação Industrial,Noturno,Presencial,Brusque,3104,6.2,88,5.8,37,58.1,7.2,12.4,Sim,Sim,Não,8,4.4,Não,Não
AL01093,31,Desenvolvimento de Sistemas,Noturno,Presencial,Indaial,2984,4.1,82,7.3,20,100,5.9,5.8,Sim,Sim,Não,8,6.7,Sim,Não
AL01094,25,Administração,Matutino,Presencial,Blumenau,5219,16.4,78.7,4.5,47,100,7.8,6.4,Sim,Sim,Não,10,6.1,Sim,Não
AL01095,23,Administração,Noturno,Presencial,Timbó,2905,0.4,100,5.6,35,67.8,5.4,2,Sim,Sim,Não,8,7.5,Sim,Não
AL01096,31,Automação Industrial,Noturno,Híbrido,Pomerode,1764,8.1,76.9,6.3,54,79.5,6.7,4.7,Sim,Sim,Não,9,6.8,Sim,Não
AL01097,27,Eletromecânica,Noturno,Presencial,Brusque,3283,1.7,79.1,7,37,94.7,6.3,5.8,Sim,Sim,Não,10,6.8,Sim,Não
AL01098,23,Automação Industrial,Noturno,Híbrido,Indaial,3779,12.5,86.6,,30,100,7.2,6.9,Sim,Sim,Não,6,8.8,Sim,Não
AL01099,16,Eletromecânica,Matutino,Híbrido,Pomerode,1684,11,81.3,4.5,14,66.1,7.4,8.3,Sim,Não,Não,9,5.2,Não,Não
AL01100,26,Administração,Matutino,Presencial,Brusque,3026,12.5,94.8,6.7,14,86.4,5.7,11,Sim,Sim,Não,8,6.8,Sim,Não
AL01101,41,Eletromecânica,Noturno,Presencial,Pomerode,3409,6.4,75.9,6.2,40,81.5,7.2,8.7,Sim,Sim,Não,7,7.3,Sim,Não
AL01102,35,Administração,Noturno,Híbrido,Indaial,2982,7.7,84.8,5.5,38,100,5.9,5.3,Sim,Sim,Sim,9,7.7,Sim,Não
AL01103,40,Automação Industrial,Matutino,Presencial,Gaspar,5635,12.9,81.2,9.3,45,85.2,7.8,4.1,Não,Não,Não,5,8,Sim,Não
AL01104,26,Automação Industrial,Matutino,Híbrido,Blumenau,2488,4.9,75.9,7,65,90.7,5.8,2.7,Sim,Sim,Não,6,6.5,Sim,Não
AL01105,16,Desenvolvimento de Sistemas,Noturno,Presencial,Pomerode,960,10.7,89,8.8,50,90.2,6.1,2,Não,Não,Não,8,6.7,Sim,Não
AL01106,24,Eletromecânica,Noturno,Presencial,Blumenau,4504,3.7,78,6.8,25,100,4.5,23.4,Sim,Sim,Não,6,8.4,Sim,Sim
AL01107,30,Administração,Noturno,Presencial,Blumenau,2483,0,82.2,7,19,89.1,5.8,6.6,Não,Sim,Sim,8,7.2,Sim,Não
AL01108,22,Administração,Noturno,Presencial,Gaspar,3897,0,74.8,9,54,81.2,7.8,18.3,Sim,Sim,Sim,7,8.3,Não,Não
AL01109,16,Desenvolvimento de Sistemas,Matutino,Híbrido,Brusque,11759,13.9,100,5,38,100,7.1,2,Sim,Sim,Não,7,8.4,Sim,Não
AL01110,34,Desenvolvimento de Sistemas,Matutino,Presencial,Gaspar,3610,6.9,90.8,7.2,54,82,8,9.1,Sim,Sim,Sim,8,7.5,Sim,Não
AL01111,30,Eletromecânica,Noturno,Presencial,Blumenau,1901,4.9,62.3,6.8,30,91.5,6,7.4,Sim,Sim,Não,7,7.7,Não,Sim
AL01112,29,Administração,Noturno,Presencial,Timbó,6655,6.7,77.3,5.9,36,89.8,5.3,8.7,Sim,Sim,Não,8,6.2,Sim,Sim
AL01113,28,Eletromecânica,Matutino,Presencial,Timbó,1876,6.1,100,5.3,28,100,7.6,7.5,Sim,Sim,Sim,9,7.8,Sim,Não
AL01114,16,Administração,Matutino,Presencial,Indaial,920,6.6,77,6.4,19,100,5.5,3.3,Sim,Sim,Não,6,6.2,Sim,Não
AL01115,20,Administração,Noturno,Híbrido,Indaial,4629,3.5,66.1,6.8,39,71.4,6.2,8.7,Não,Sim,Não,8,6.1,Não,Sim
AL01116,26,Eletromecânica,Noturno,Presencial,Gaspar,2769,6.6,78.6,7,2,73.2,4.4,7.2,Sim,Sim,Não,8,6.3,Sim,Não
AL01117,16,Automação Industrial,Matutino,Presencial,Timbó,3517,6,70.5,6,15,37.4,7.1,6.6,Sim,Sim,Não,7,5.6,Não,Não
AL01118,16,Eletromecânica,Noturno,Híbrido,Indaial,5441,1.2,79,6.9,8,88.5,7.6,7.4,Sim,Sim,Não,6,5.7,Não,Não
AL01119,29,Eletromecânica,Matutino,Presencial,Pomerode,3187,6.5,80.9,7.3,29,75.4,8.3,3.7,Sim,Não,Não,10,5,Não,Não
AL01120,26,Administração,Noturno,Presencial,Pomerode,2899,11.9,100,6.7,52,83.7,5.8,4.1,Sim,Sim,Não,8,6.4,Sim,Não
AL01121,21,Desenvolvimento de Sistemas,Noturno,Presencial,Brusque,5278,8.2,97.7,7.7,41,66.6,6.9,1.3,Sim,Sim,Sim,6,6.6,Sim,Não
AL01122,17,Administração,Noturno,Presencial,Timbó,3787,6.4,82.5,6.3,24,93.3,8.3,31.9,Sim,Sim,Não,9,6.7,Sim,Não
AL01123,34,Eletromecânica,Noturno,Presencial,Blumenau,2136,0.7,78.9,5.1,25,89.7,6.4,5.9,Não,Sim,Sim,8,5.9,Não,Não
AL01124,29,Administração,Noturno,Presencial,Brusque,1554,9.7,95.1,4.2,26,75.8,7.5,18.7,Sim,Sim,Não,5,6.8,Sim,Sim
AL01125,25,Administração,Matutino,Presencial,Indaial,4147,15.3,79.5,7.2,58,100,5.4,4.7,Sim,Sim,Sim,6,7.3,Sim,Não
AL01126,34,Automação Industrial,Noturno,Presencial,Blumenau,2042,3.7,89.2,4.4,19,66.8,7.5,2.8,Não,Sim,Não,10,3.7,Não,Não
AL01127,41,Administração,Matutino,Híbrido,Indaial,6442,0.7,74.2,6.8,22,68.5,9.6,6.9,Sim,Não,Sim,5,6.1,Não,Não
AL01128,17,Automação Industrial,Noturno,Presencial,Pomerode,1673,10.3,92.8,7.1,36,82,6.9,5.7,Sim,Não,Não,7,7.8,Sim,Sim
AL01129,38,Administração,Noturno,Presencial,Gaspar,2206,6.6,71.9,3.7,33,88.9,7.6,7.3,Sim,Sim,Não,9,6.9,Não,Não
AL01130,40,Automação Industrial,Matutino,Híbrido,Indaial,3019,6.3,83.4,7.1,41,100,6.5,6.9,Sim,Sim,Não,7,6.1,Sim,Não
AL01131,27,Desenvolvimento de Sistemas,Noturno,Presencial,Brusque,1370,12,94.3,7.9,27,100,6.3,4.7,Sim,Não,Sim,8,7.3,Sim,Não
AL01132,40,Desenvolvimento de Sistemas,Noturno,Híbrido,Timbó,3393,7.2,75.7,7.2,28,63.9,6.2,2.8,Sim,Sim,Não,4,5.2,Não,Não
AL01133,34,Administração,Noturno,Presencial,Blumenau,2845,6,77.3,4.7,49,100,7.8,7.4,Sim,Sim,Não,4,7.2,Sim,Não
AL01134,41,Desenvolvimento de Sistemas,Matutino,Presencial,Blumenau,2712,13.4,79.9,8.4,63,84.4,4.8,7.8,Sim,Sim,Não,5,8.6,Sim,Sim
AL01135,32,Administração,Noturno,Presencial,Brusque,8147,8.3,90,5.4,28,65.6,7.3,5.7,Sim,Sim,Não,10,3.5,Não,Não
AL01136,26,Administração,Noturno,Presencial,Brusque,2035,9.3,91,6.4,45,83.3,5.9,5.6,Sim,Não,Não,7,6.8,Sim,Não
AL01137,32,Desenvolvimento de Sistemas,Matutino,Presencial,Brusque,900,12.5,86.6,5.2,39,96.9,6.1,13.2,Não,Não,Não,6,6.7,Sim,Não
AL01138,16,Eletromecânica,Noturno,Presencial,Timbó,13961,14.3,84.5,7.1,53,89,5,17,Sim,Não,Não,10,8,Sim,Não
AL01139,21,Automação Industrial,Noturno,Híbrido,Indaial,1215,20.1,67.5,7.5,45,100,7.2,6.7,Não,Não,Não,6,6.4,Não,Não
AL01140,18,Administração,Noturno,Presencial,Gaspar,5843,5.1,81,7.1,15,86.7,6.6,10.9,Sim,Sim,Não,5,7.2,Sim,Não
AL01141,35,Desenvolvimento de Sistemas,Matutino,Presencial,Gaspar,4554,7.9,84,6.4,57,84.1,7.6,4,Sim,Não,Não,8,5.7,Não,Não
AL01142,22,Automação Industrial,Matutino,Presencial,Timbó,4204,9.3,85.8,5.9,30,100,7.2,13.1,Sim,Sim,Sim,5,6.9,Sim,Não
AL01143,33,Eletromecânica,Noturno,Presencial,Timbó,2907,9.9,67.7,7,34,86.9,7.2,8,Não,Sim,Sim,7,5.3,Não,Não
AL01144,27,Automação Industrial,Noturno,Híbrido,Gaspar,2299,10.4,78.4,6.4,10,100,7.9,10.6,Sim,Sim,Sim,8,7,Sim,Não
AL01145,31,Administração,Matutino,Presencial,Pomerode,6068,12.2,77,7.3,42,83.7,7.6,11.7,Sim,Sim,Não,6,6.5,Sim,Não
AL01146,21,Administração,Matutino,Híbrido,Brusque,2953,13.5,77.7,8.4,43,100,6.1,7.6,Sim,Não,Não,10,7.9,Sim,Não
AL01147,20,Automação Industrial,Matutino,Presencial,Gaspar,4109,6.8,71.5,6.3,53,67.2,6.8,15.5,Sim,Não,Não,6,6.8,Não,Não
AL01148,16,Automação Industrial,Matutino,Presencial,Gaspar,2418,16.3,72.6,6.8,22,84.1,7.5,8.7,Não,Não,Não,7,6.9,Não,Não
AL01149,28,Eletromecânica,Matutino,Híbrido,Timbó,3206,7.8,96.2,6.3,38,100,6.3,26,Sim,Sim,Sim,9,7.4,Sim,Sim
AL01150,28,Administração,Noturno,Presencial,Gaspar,5655,5,91.9,8.5,49,77.5,6.7,8.1,Sim,Não,Não,8,6.6,Sim,Não
AL01151,33,Automação Industrial,Noturno,Híbrido,Blumenau,2003,6.6,91.1,9,26,63.3,6.3,5.6,Não,Sim,Não,7,6,Sim,Não
AL01152,20,Automação Industrial,Noturno,Híbrido,Timbó,2827,15.7,79.8,6.3,52,91,4.2,20.6,Sim,Sim,Não,7,9.1,Sim,Não
AL01153,27,Eletromecânica,Noturno,Presencial,Timbó,1692,8.5,81.1,6.9,39,90.7,7.6,5.4,Não,Sim,Não,6,6.2,Sim,Não
AL01154,32,Eletromecânica,Matutino,Presencial,Timbó,2234,3.1,86.4,8.8,25,76.7,6.4,3.3,Sim,Sim,Sim,7,6.9,Sim,Não
AL01155,28,Automação Industrial,Noturno,Presencial,Brusque,2571,6,72.6,8.8,33,68.7,6.5,6.1,Sim,Sim,Não,4,6.7,Não,Não
AL01156,41,Administração,Noturno,Híbrido,Brusque,6072,2.6,77.8,6.2,35,59.5,6.9,15.8,Sim,Sim,Não,9,5.9,Não,Não
AL01157,16,Automação Industrial,Noturno,Híbrido,Pomerode,5801,11,91,7.5,54,100,5.1,9.7,Sim,Não,Sim,8,7.6,Sim,Não
AL01158,37,Automação Industrial,Noturno,Presencial,Indaial,4136,7.7,81.2,5.2,48,90.7,9.1,5.3,Sim,Sim,Não,6,7.4,Sim,Não
AL01159,33,Automação Industrial,Noturno,Presencial,Blumenau,2714,16.2,87.8,7.8,51,92.1,7.6,6.3,Sim,Sim,Não,9,7.2,Sim,Não
AL01160,38,Eletromecânica,Matutino,Híbrido,Pomerode,2314,2.2,74.8,6.9,17,77.7,5.5,7,Sim,Sim,Não,7,4.6,Não,Não
AL01161,16,Eletromecânica,Noturno,Presencial,Brusque,5660,0,96.8,7,20,58,5.2,18.5,Sim,Sim,Não,5,6.2,Sim,Não
AL01162,37,Administração,Matutino,Presencial,Blumenau,3281,7.8,58.9,8.5,29,71.4,5.4,5.2,Sim,Sim,Não,6,7.2,Não,Sim
AL01163,39,Eletromecânica,Matutino,Presencial,Pomerode,4210,2.4,70.2,3.4,29,66.1,6.6,9.4,Sim,Sim,Não,2,4.8,Não,Não
AL01164,41,Administração,Noturno,Presencial,Gaspar,1907,7,76.9,5.2,31,100,7.9,11.8,Sim,Sim,Não,7,8.1,Sim,Não
AL01165,16,Eletromecânica,Matutino,Presencial,Timbó,3017,9.8,76.1,6.4,41,83,7.4,12.5,Sim,Não,Não,9,6.7,Sim,Não
AL01166,23,Automação Industrial,Noturno,Presencial,Pomerode,1454,4,77.3,6.8,12,82.7,5.8,10.4,Sim,Sim,Não,9,5.7,Não,Não
AL01167,16,Desenvolvimento de Sistemas,Noturno,Presencial,Blumenau,2314,4.3,96,10,17,85.7,6.7,8.5,Sim,Não,Sim,8,7.6,Sim,Não
AL01168,27,Automação Industrial,Matutino,Presencial,Gaspar,2751,9.8,82.3,5.7,31,90,7.3,9.5,Não,nao,Sim,10,4.9,Não,Não
AL01169,22,Desenvolvimento de Sistemas,Noturno,Presencial,Gaspar,,10.1,75.7,5.6,34,90.7,5.2,7.1,Sim,Sim,Não,6,5.2,Não,Não
AL01170,20,Eletromecânica,Noturno,Presencial,Indaial,2571,8.6,70.2,7.5,28,100,7.6,19.2,Sim,Não,Não,9,6,Não,Não
AL01171,21,Eletromecânica,Noturno,Presencial,Brusque,2257,2.3,93.9,9.4,32,65.8,6.6,7,Sim,Sim,Não,5,6.6,Sim,Sim
AL01172,37,Eletromecânica,Noturno,Híbrido,Brusque,5546,4.4,76.4,6.8,28,73.9,7.9,5.5,Sim,Sim,Não,10,6.7,Sim,Não
AL01173,27,Eletromecânica,Noturno,Híbrido,Brusque,4843,5.9,91.1,6.8,35,55.1,6.4,6.9,Sim,Sim,Sim,6,5.6,Não,Não
AL01174,44,Administração,Noturno,Presencial,Timbó,3081,2.3,82.9,7.5,41,56.6,5.9,3.3,Sim,Sim,Sim,9,6.3,Sim,Não
AL01175,33,Automação Industrial,Matutino,Presencial,Timbó,5639,7.1,78.6,5.4,18,83,6.9,12.8,Sim,Sim,Não,6,6.8,Sim,Não
AL01176,29,Desenvolvimento de Sistemas,Matutino,Híbrido,Blumenau,4942,0.9,93,7.1,30,83.5,6.4,17.5,Sim,Sim,Não,7,5.8,Não,Não
AL01177,19,Eletromecânica,Noturno,Híbrido,Timbó,4061,12.5,84.9,5.6,31,85.3,5.4,10.1,Sim,Sim,Sim,8,6.8,Sim,Não
AL01178,20,Desenvolvimento de Sistemas,Matutino,Presencial,Timbó,7665,12.6,82.4,6,26,73.7,6.5,15.7,Sim,Não,Não,10,6,Sim,Não
AL01179,37,Eletromecânica,Noturno,Presencial,Pomerode,3263,8.1,80.2,6.3,27,87.6,6.2,9.8,Sim,Sim,Não,5,6.1,Sim,Não
AL01180,19,Eletromecânica,Matutino,Presencial,Timbó,3542,6.5,76.4,8.2,25,94.5,5.6,14.5,Sim,Sim,Sim,8,7.6,Sim,Não
AL01181,37,Desenvolvimento de Sistemas,Noturno,Presencial,Pomerode,1460,1.4,90.4,4.9,40,84.1,7.1,19.8,Não,Sim,Não,5,5.1,Não,Sim
AL01182,27,Eletromecânica,Noturno,Presencial,Pomerode,2968,2.2,79.3,6.1,31,88.5,8.2,9.1,Não,Não,Sim,7,5.4,Não,Sim
AL01183,23,Eletromecânica,Noturno,Presencial,Indaial,7488,8.9,81.4,5.9,44,76.4,7.2,3.4,Sim,Sim,Não,4,6.1,Sim,Não
AL01184,26,Eletromecânica,Matutino,Presencial,Timbó,3977,7.7,85.9,5,44,100,6.8,3.9,Sim,Sim,Não,6,6.1,Sim,Não
AL01185,24,Automação Industrial,Noturno,Presencial,Gaspar,4093,10,95.8,5.9,66,100,7.6,1.9,Sim,Não,Sim,3,7.1,Sim,Não
AL01186,16,Administração,Matutino,Híbrido,Timbó,6537,6.7,85.2,9.2,33,89.5,8.3,5.8,Sim,Não,Não,7,8,Sim,Não
AL01187,40,Administração,Noturno,Híbrido,Blumenau,2659,4.5,98.8,7,24,72.8,8.3,8.7,Sim,Sim,Não,10,7.4,Sim,Sim
AL01188,41,Automação Industrial,Matutino,Presencial,Timbó,2256,2.4,91.9,7.2,21,83.9,7,6.6,Não,Sim,Não,7,5.3,Não,Não
AL01189,17,Administração,Noturno,Presencial,Gaspar,2144,14.8,82.3,4.3,24,100,8.2,4.5,Sim,Não,Não,7,5.8,Não,Não
AL01190,29,Desenvolvimento de Sistemas,Matutino,Presencial,Pomerode,2006,7,65.6,4.8,17,69.5,8,3.5,Não,Sim,Sim,9,6.1,Não,Não
AL01191,29,Administração,Noturno,Presencial,Brusque,2379,4.3,77,8.1,29,77.8,5.6,9.7,Não,Sim,Não,10,5.5,Não,Sim
AL01192,27,Desenvolvimento de Sistemas,Matutino,Presencial,Indaial,1121,4.6,91.9,7.4,50,80,7.9,4.6,Sim,Sim,Não,9,6.4,Sim,Não
AL01193,16,Eletromecânica,Noturno,Presencial,Blumenau,6895,7.2,84.3,8,35,100,6.7,14.1,Não,Não,Não,7,8.3,Sim,Não
AL01194,24,Automação Industrial,Matutino,Presencial,Pomerode,2306,4.8,93.2,8.5,22,85.9,7.8,15.9,Sim,Não,Sim,8,7.8,Sim,Não
AL01195,25,Desenvolvimento de Sistemas,Noturno,Híbrido,Gaspar,2224,3.6,82.5,4.8,52,71.5,8.1,27.3,Sim,Sim,Não,4,4.6,Não,Sim
AL01196,16,Administração,Matutino,Híbrido,Pomerode,2477,11.7,75,4.7,43,98,6.9,6.5,Sim,Não,Não,8,6.6,Sim,Não
AL01197,16,Eletromecânica,Noturno,Presencial,Indaial,3479,5.2,78,7,11,73.9,7.9,15.6,Sim,Não,Não,6,5.9,Não,Não
AL01198,18,Automação Industrial,Matutino,Presencial,Pomerode,5230,5.4,82.3,6.1,36,81.6,6.3,9.4,Sim,Não,Não,8,6.2,Sim,Não
AL01199,42,Eletromecânica,Noturno,Híbrido,Blumenau,1767,9.2,79.2,3.9,28,85.7,7.8,4,Não,Não,Não,9,5.9,Não,Não
AL01200,55,Administração,Noturno,Presencial,Blumenau,2681,11.6,75.9,8.4,23,92,8.2,2.8,Não,Sim,Não,7,7,Sim,Não
AL01201,16,Eletromecânica,Matutino,Presencial,Blumenau,2793,1.8,88.8,5.9,53,86.3,7.4,13.3,Sim,Não,Não,5,6.4,Sim,Não
AL01202,33,Administração,Noturno,Presencial,Gaspar,2985,12.9,86.3,6.9,41,87.4,7.2,14.4,Sim,Não,Não,7,7.2,Sim,Não
AL01203,16,Eletromecânica,Noturno,Presencial,Indaial,1684,13.4,69.6,5,31,100,7.3,2.8,Não,Não,Não,6,6.3,Não,Sim
AL01204,37,Desenvolvimento de Sistemas,Matutino,Presencial,Timbó,2277,5.3,94.3,6.1,30,78.5,4.9,4.2,Sim,Sim,Não,7,5.4,Não,Não
AL01205,21,Desenvolvimento de Sistemas,Noturno,Presencial,Brusque,2607,15.6,93.7,8,35,86.5,6.9,10.6,Não,Não,Não,6,7.9,Sim,Não
AL01206,22,Eletromecânica,Noturno,Presencial,Indaial,2926,-4,94.3,5.8,31,77.3,7.5,9,Sim,Sim,Não,7,6,Sim,Não
AL01207,33,Eletromecânica,Noturno,Presencial,Indaial,6195,9,65.3,7.7,20,100,7,6.2,Sim,Não,Não,5,5.4,Não,Não
AL01208,16,Desenvolvimento de Sistemas,Matutino,Híbrido,Indaial,1446,10.3,67.6,5.5,44,79.8,6.9,4.7,Sim,Sim,Não,9,6.5,Não,Não
AL01209,42,Administração,Noturno,Presencial,Brusque,2784,9.6,92.4,9,39,90.2,6.8,16,Sim,Sim,Sim,8,6.7,Sim,Não
AL01210,24,Eletromecânica,Noturno,Presencial,Indaial,6024,2.3,71.2,6.7,48,81.5,7.4,8.9,Sim,Sim,Não,5,6.1,Não,Não
AL01211,26,Automação Industrial,Matutino,Presencial,Timbó,4895,8.8,86.3,7.1,21,100,6.7,5.5,Sim,Sim,Não,7,6.3,Sim,Não
AL01212,16,Automação Industrial,Matutino,Presencial,Timbó,10763,6.9,73.5,7.5,41,44.2,8,14,Sim,Não,Não,6,5,Não,Sim
AL01213,43,Automação Industrial,Noturno,Presencial,Gaspar,4580,4.7,69.3,7.2,14,84,7.4,4.4,Sim,Sim,Não,10,6.9,Não,Não
AL01214,32,Desenvolvimento de Sistemas,Noturno,Presencial,Indaial,1592,10.5,89.5,4.7,20,100,6.8,10.8,Sim,Sim,Sim,5,7.3,Sim,Não
AL01215,16,Eletromecânica,Noturno,Presencial,Blumenau,4523,8,80.4,5.7,47,78.3,6.3,4.3,Não,Não,Sim,7,4.5,Não,Não
AL01216,32,Administração,Matutino,Presencial,Timbó,2690,7.6,82.3,4.8,19,68.6,5.4,11.7,Sim,Sim,Sim,8,5.2,Não,Não
AL01217,16,Eletromecânica,Noturno,Presencial,Timbó,1756,4.4,92.9,4.9,33,84.9,6.8,3.4,Sim,Sim,Não,7,6.1,Sim,Não
AL01218,32,Eletromecânica,Noturno,Presencial,Blumenau,2521,7.2,74.3,7.7,37,66.8,7.4,13.8,Sim,Sim,Não,7,6.1,Não,Sim
AL01219,23,Administração,Noturno,Presencial,Brusque,5825,9.7,89.2,7.7,43,81.1,7,3.3,Sim,Sim,Não,8,7,Sim,Não
AL01220,39,Desenvolvimento de Sistemas,Matutino,Híbrido,Timbó,1840,1.8,73.8,5.1,32,89.8,5.8,13.2,Sim,Sim,Não,5,5.9,Não,Não
AL01221,37,Desenvolvimento de Sistemas,Matutino,Presencial,Indaial,3008,6.2,79.9,7.8,18,83.1,7.9,4.5,Sim,Sim,Não,7,6.6,Sim,Não
AL01222,19,Eletromecânica,Matutino,Presencial,Gaspar,2308,6.9,91.3,6.2,27,76.6,6.8,18.1,Sim,Não,Não,7,5.6,Não,Não
AL01223,26,Desenvolvimento de Sistemas,Noturno,Presencial,Brusque,,20,76.7,3.8,58,84.7,4.7,7.6,Sim,Sim,Não,8,5.3,Não,Não
AL01224,24,Automação Industrial,Matutino,Presencial,Pomerode,5512,11.2,78.2,7.1,22,100,7.7,18.8,Sim,Sim,Não,6,7.5,Sim,Não
AL01225,32,Desenvolvimento de Sistemas,Noturno,Presencial,Pomerode,2903,8.5,84.1,7.1,28,74.2,6.9,19.3,Sim,Sim,Não,8,6.2,Sim,Não
AL01226,16,Administração,Noturno,Híbrido,Blumenau,1666,10.3,90.5,8.2,43,97.7,5.6,11.8,Não,Sim,Não,6,7.2,Sim,Sim
AL01227,29,Administração,Noturno,Presencial,Pomerode,930,12,77.1,6.8,46,93.6,6.3,6.5,Sim,Sim,Não,8,6.5,Sim,Não
AL01228,16,Administração,Noturno,Presencial,Indaial,2773,10.7,86.1,6.2,22,84.1,6.8,3.6,Sim,Não,Não,5,6,Sim,Não
AL01229,24,Eletromecânica,Matutino,Hibrido,Blumenau,3250,10.6,72.3,5.8,54,99.1,5.5,7.1,Sim,Sim,Não,8,8.4,Não,Sim
AL01230,21,Desenvolvimento de Sistemas,Matutino,Presencial,Indaial,3830,13.3,72.6,7.3,45,84.4,6.7,2.9,Sim,Não,Não,5,6,Não,Não
AL01231,18,Administração,Noturno,Presencial,Indaial,10634,10.7,84.6,5.9,38,73.8,6.7,2.6,Sim,Não,Não,5,6,Sim,Não
AL01232,21,Automação Industrial,Matutino,Presencial,Timbó,3400,8.6,74.2,7.4,44,90.3,7.5,15.2,Sim,Não,Não,5,5.6,Não,Não
AL01233,16,Desenvolvimento de Sistemas,Noturno,Híbrido,Brusque,6411,6.8,76.4,7.7,26,53.8,7.8,7.7,Sim,Não,Não,6,4.9,Não,Sim
AL01234,19,Eletromecânica,Noturno,Híbrido,Gaspar,4163,10.3,81.8,5,27,88.7,6.9,17.7,Sim,Não,Não,10,7.6,Sim,Não
AL01235,26,Eletromecânica,Noturno,Presencial,Gaspar,3371,10.6,79.8,8,36,97,6.5,8.2,Sim,Não,Não,9,8.2,Sim,Não
AL01236,29,Eletromecânica,Matutino,Presencial,Indaial,5937,2.7,,4.9,8,59.4,7.5,11.7,Sim,Sim,Sim,6,6.5,Sim,Não
AL01237,16,Desenvolvimento de Sistemas,Matutino,Presencial,Brusque,2672,14,88.3,4.2,42,97.5,7.2,4.7,Sim,Não,Sim,9,6.6,Sim,Não
AL01238,18,Eletromecânica,Matutino,Híbrido,Brusque,2200,12.2,66.8,4.6,35,87.6,6.4,16.6,Sim,Sim,Não,6,5.3,Não,Não
AL01239,27,Automação Industrial,Noturno,Presencial,Timbó,6249,8.2,70.7,4.8,41,100,6.2,10.2,Sim,Sim,Não,4,5.3,Não,Não
AL01240,45,Eletromecânica,Noturno,Presencial,Pomerode,2065,7,76.9,7.3,24,86.1,4.3,4.6,Sim,Sim,Sim,4,6.7,Sim,Sim
AL01241,16,Eletromecânica,Matutino,Híbrido,Gaspar,1642,19.6,95,7.7,39,100,8.9,3.7,Não,Não,Não,9,8.5,Sim,Não
AL01242,24,Automação Industrial,Matutino,Presencial,Brusque,1015,11.2,87.9,6.9,36,74.7,5.7,4.1,Sim,Não,Não,9,6.5,Sim,Não
AL01243,38,Automação Industrial,Matutino,Presencial,Pomerode,1825,11.6,81.3,5.8,55,78.5,6.8,4.8,Sim,Não,Sim,8,6.6,Sim,Não
AL01244,16,Desenvolvimento de Sistemas,Noturno,Presencial,Gaspar,2607,4.6,69.5,7,40,72.4,6.2,8.3,Não,Sim,Não,10,5.2,Não,Sim
AL01245,43,Automação Industrial,Noturno,Presencial,Gaspar,6461,8.7,85.3,5,45,94.4,4.3,10.1,Sim,Sim,Não,6,8.1,Sim,Não
AL01246,22,Desenvolvimento de Sistemas,Matutino,Híbrido,Gaspar,3294,11.8,78.5,3.3,40,83.8,8.9,3.2,Sim,Não,Não,8,6.1,Sim,Não
AL01247,33,Administração,Matutino,Presencial,Gaspar,2987,12.2,77.2,4.7,45,88.6,7.8,30.6,Sim,Não,Não,4,5.7,Não,Sim
AL01248,29,Administração,Noturno,Presencial,Indaial,906,13.3,84.8,7.8,52,80.2,7.8,2.3,Sim,Não,Não,8,6.2,Sim,Não
AL01249,16,Desenvolvimento de Sistemas,Matutino,Presencial,Blumenau,4726,11,75.2,8.4,39,88.2,6.1,9.5,Sim,Sim,Não,7,7.5,Sim,Não
AL01250,21,Eletromecânica,Noturno,Presencial,Timbó,3677,10.5,76.5,5.9,24,77.9,6.5,9.3,Sim,Não,Não,8,6.1,Sim,Não
AL01251,21,Desenvolvimento de Sistemas,Matutino,Presencial,Blumenau,1345,11.5,76.8,6.7,45,98,6,10.5,Sim,Sim,Não,,6.1,Sim,Não
AL01252,23,Desenvolvimento de Sistemas,Noturno,Presencial,Gaspar,6024,6.7,79.9,6.8,62,86.9,6,6.2,Sim,Sim,Não,7,5.4,Não,Não
AL01253,16,Administração,Matutino,Presencial,Gaspar,1624,4.6,93.1,4.3,39,58.3,4.6,5.5,Sim,Sim,Sim,7,4.8,Não,Não
AL01254,28,Eletromecânica,Noturno,Presencial,Gaspar,2092,16.6,92.9,5.9,59,88,5.1,5.4,Não,Sim,Não,5,8.1,Sim,Sim
AL01255,25,Desenvolvimento de Sistemas,Noturno,Presencial,Gaspar,3055,0,96.7,6.5,24,94.8,7,55,Sim,Sim,Não,9,7.4,Sim,Não
AL01256,17,Desenvolvimento de Sistemas,Noturno,Híbrido,Brusque,2092,13.6,72.1,6.6,11,100,6.4,5.1,Sim,Não,Sim,6,7.5,Não,Sim
AL01257,20,Administração,Noturno,Presencial,Timbó,3308,9.2,83.8,8.1,41,93.8,6.2,7.8,Sim,Não,Não,8,6.7,Sim,Não
AL01258,39,Administração,Noturno,Presencial,Blumenau,4790,3.2,88.5,9.1,32,75.8,3.5,16.4,Sim,Sim,Não,6,7,Sim,Não
AL01259,22,Automação Industrial,Matutino,Presencial,Pomerode,2398,15.7,89.5,5.5,56,97.3,5.3,13,Sim,Sim,Não,5,8.1,Sim,Sim
AL01260,34,Administração,Matutino,Presencial,Gaspar,2362,12.7,84.9,8.9,29,65.2,4.2,7.4,Sim,Sim,Não,8,7.5,Sim,Não
AL01261,24,Automação Industrial,Matutino,Presencial,Pomerode,1895,11.1,100,6.7,40,83.3,6.3,5,Sim,Sim,Não,6,7.2,Sim,Não
AL01262,25,Automação Industrial,Noturno,Híbrido,Blumenau,2997,3.4,71.2,7.2,48,64,5.8,8.6,Sim,Sim,Não,5,4.3,Não,Sim
AL01263,20,Desenvolvimento de Sistemas,Matutino,Híbrido,Indaial,2943,7.1,81.4,5.8,29,100,4.3,3.2,Sim,Sim,Não,8,6.3,Sim,Não
AL01264,21,Administração,Matutino,Presencial,Gaspar,3133,11.8,78.7,6.6,31,94.2,7.8,5.8,Sim,Não,Não,5,8,Sim,Não
AL01265,27,Desenvolvimento de Sistemas,Noturno,Presencial,Timbó,3730,13.9,93.9,5.1,55,92.7,6.6,4.9,Sim,Não,Não,8,6.9,Sim,Não
AL01266,35,Automação Industrial,Noturno,Presencial,Indaial,6900,9.9,100,6.1,37,96,7.8,29.9,Sim,Não,Não,7,7.3,Sim,Sim
AL01267,35,desenv. sistemas,Matutino,Híbrido,Indaial,3786,16.3,81.9,8.9,24,90.9,5.9,4.9,Sim,Não,Sim,10,8.1,Sim,Não
AL01268,34,Automação Industrial,Matutino,Presencial,Gaspar,3784,2.4,96.2,4.3,47,82.8,6.4,10.2,Sim,Sim,Não,10,7.3,Sim,Não
AL01269,16,Administração,Matutino,Presencial,Indaial,4467,4.9,76.4,4.3,33,73.4,6,7.3,Sim,Sim,Sim,6,6.1,Sim,Não
AL01270,16,Administração,Noturno,Presencial,Pomerode,1329,10.4,57.7,6.7,30,84.8,6.1,4.5,Sim,Não,Não,9,6.4,Não,Não
AL01271,34,Automação Industrial,Noturno,Presencial,Brusque,3056,3.8,75.6,8.8,28,96.8,7,5.1,Sim,Sim,Não,5,7.8,Sim,Não
AL01272,16,Eletromecânica,Matutino,Presencial,Blumenau,3480,7.6,71.7,7.5,31,100,6,10.3,Sim,Não,Sim,5,6.5,Não,Não
AL01273,20,Automação Industrial,Noturno,Presencial,Blumenau,2549,12.6,91.8,6.9,19,92.6,6.7,17.8,Não,Não,Sim,7,5.9,Não,Não
AL01274,34,Administração,Noturno,Presencial,Gaspar,4558,5.8,74.4,4.7,37,82.1,6.7,11.3,Sim,Sim,Não,9,5.3,Não,Não
AL01275,18,Eletromecânica,Matutino,Presencial,Indaial,7193,6.6,95.6,8.6,31,85.4,5.1,14.7,Sim,Sim,Sim,9,6.7,Sim,Não
AL01276,28,Eletromecânica,Noturno,Presencial,Gaspar,3399,6,80.3,5.2,26,91.9,7.1,5.3,Não,Sim,Sim,8,6.6,Sim,Não
AL01277,45,Automação Industrial,Noturno,Presencial,Gaspar,2553,8.3,63,5.8,24,100,5.5,4.8,Não,Sim,Sim,7,6.3,Não,Sim
AL01278,35,Desenvolvimento de Sistemas,Matutino,Presencial,Indaial,2224,12.6,100,8.9,54,100,6.3,7.5,Não,Sim,Sim,9,8.1,Sim,Não
AL01279,28,Automação Industrial,Matutino,Presencial,Pomerode,2776,7,95.7,5.9,36,87.5,5.7,12.4,Sim,Sim,Não,8,7.6,Sim,Não
AL01280,27,Desenvolvimento de Sistemas,Matutino,Híbrido,Gaspar,4019,3.6,82.9,4,36,89.8,6.6,3.7,Sim,Sim,Sim,7,5.1,Não,Não
AL01281,22,Desenvolvimento de Sistemas,Matutino,Presencial,Blumenau,2962,4.4,93.6,6.1,17,94.3,8.3,4.2,Sim,Sim,Não,7,6.4,Sim,Não
AL01282,36,Automação Industrial,Noturno,Presencial,Brusque,3617,9.4,81.4,7.1,31,90.2,6.6,17.8,Sim,Sim,Sim,7,7.5,Sim,Não
AL01283,18,Administração,Matutino,Presencial,Pomerode,3315,11.2,93.2,4.2,20,100,8.3,6.9,Sim,Não,Não,4,7.3,Sim,Não
AL01284,20,Administração,Matutino,Presencial,Timbó,3130,5.8,67.9,6.5,42,93.9,6.1,7.8,Sim,Sim,Sim,8,7.6,Não,Sim
AL01285,21,Administração,Noturno,Presencial,Gaspar,1881,3.9,57.5,7.5,25,100,7.1,11.6,Sim,Sim,Não,8,6.4,Não,Não
AL01286,44,Eletromecânica,Noturno,Presencial,Brusque,1556,2.6,91.9,4,34,90.4,8.6,8.1,Sim,Sim,Sim,6,5.1,Não,Não
AL01287,28,Desenvolvimento de Sistemas,Matutino,Presencial,Gaspar,6295,2,76.1,6.2,30,98.5,6.8,2.6,Sim,Sim,Não,9,6.7,Sim,Não
AL01288,21,Eletromecânica,Matutino,Híbrido,Timbó,1686,7.6,82.3,5.6,17,100,6.4,8,Não,Não,Sim,7,6,Sim,Não
AL01289,28,Eletromecânica,Matutino,Presencial,Brusque,2696,13.1,93.2,9.6,28,100,8.4,4.9,Não,Não,Não,7,10,Sim,Não
AL01290,16,Eletromecânica,Noturno,Presencial,Pomerode,1899,2,85.9,5.7,17,67.2,6.6,5.4,Sim,Não,Não,8,4.6,Não,Não
AL01291,27,Eletromecânica,Noturno,Presencial,Brusque,1961,8.2,97.7,7.7,31,71.8,7,14.1,Não,Não,Não,10,6.3,Sim,Não
AL01292,20,Automação Industrial,Noturno,Presencial,Brusque,7375,7.6,74.1,6.4,65,96.9,6.1,10.1,Sim,Não,Sim,7,7.1,Não,Não
AL01293,26,Eletromecânica,Noturno,Presencial,Gaspar,2478,4.6,80.7,8.2,9,81.6,5.2,0.7,Sim,Sim,Não,8,6.2,Sim,Não
AL01294,25,Automação Industrial,Matutino,Presencial,Timbó,2768,6.9,88.7,6.9,26,87.5,5.7,2.9,Sim,Sim,Não,5,5.9,Não,Sim
AL01295,42,Desenvolvimento de Sistemas,Noturno,Presencial,Brusque,3526,9.7,86.7,3.5,7,100,6.4,2.7,Sim,Sim,Não,7,5.2,Não,Não
AL01296,24,Desenvolvimento de Sistemas,Matutino,Híbrido,Blumenau,1280,9.5,83.2,7.2,33,100,6.9,5.4,Sim,Sim,Sim,8,7.8,Sim,Não
AL01297,16,Administração,Matutino,Presencial,Blumenau,4026,14.5,79.6,6.8,38,100,5.2,9.2,Sim,Não,Não,7,6.9,Sim,Não
AL01298,16,Automação Industrial,Noturno,Presencial,Indaial,6019,8.9,,6.2,28,75,8.6,19.3,Sim,Não,Não,6,7.6,Sim,Não
AL01299,16,Automação Industrial,Matutino,Presencial,Brusque,2950,3.1,89.2,7.5,29,82.9,8.1,16.9,Sim,Não,Não,5,6.3,Sim,Não
AL01300,16,Eletromecânica,Noturno,Presencial,Blumenau,1620,7.1,67,6.6,20,73.1,6.7,4.5,Sim,Sim,Não,9,5.3,Não,Não
AL01301,20,Automação Industrial,Noturno,Presencial,Indaial,4357,7.6,70.7,6.4,52,58.9,6.3,8,Sim,Não,Não,8,5.6,Não,Não
AL01302,39,Administração,Matutino,Presencial,Gaspar,5013,9.3,71.7,3.4,42,72.2,7.3,3.1,Sim,Sim,Não,9,4.2,Não,Não
AL01303,29,Automação Industrial,Matutino,Presencial,Gaspar,5160,5.5,95.1,3.6,38,96.4,6.9,4.4,Sim,Sim,Sim,5,5.9,Não,Não
AL01304,28,Eletromecânica,Matutino,Presencial,Timbó,4039,8.8,63.6,7.9,27,100,7.7,18.4,Sim,Sim,Não,5,6,Não,Não
AL01305,29,Desenvolvimento de Sistemas,Noturno,Presencial,Blumenau,7720,13,88,2.2,39,90.1,5.1,6.2,Não,Sim,Não,10,4.4,Não,Não
AL01306,16,Eletromecânica,Noturno,Presencial,Indaial,4680,3.6,80.2,8.7,41,70.6,5.8,10.1,Não,Não,Não,9,7,Sim,Sim
AL01307,26,Administração,Noturno,Presencial,Blumenau,1214,8.6,86.9,6.1,24,87.2,6.4,7.4,Sim,Sim,Sim,7,6.3,Sim,Sim
AL01308,20,Eletromecânica,Noturno,Presencial,Brusque,5172,8.1,80,8,38,85.9,5.5,11.4,Sim,Não,Sim,8,5.9,Não,Não
AL01309,19,Eletromecânica,Matutino,Híbrido,Brusque,2763,7.4,76.1,9.1,39,91.4,8.8,2.3,Sim,Não,Não,8,7.9,Sim,Sim
AL01310,25,Desenvolvimento de Sistemas,Matutino,Presencial,Indaial,3766,8.8,82.9,4.7,19,72.2,5.8,4.5,Sim,Não,Não,5,7.3,Sim,Não
AL01311,23,Eletromecânica,Noturno,Presencial,Blumenau,3216,13.6,80.7,8.3,30,57.5,6.7,11.9,Sim,Não,Não,7,4.3,Não,Não
AL01312,19,Automação Industrial,Noturno,Presencial,Indaial,1418,0.1,79.4,6.8,39,59.4,6.8,8.5,Sim,Sim,Não,10,4.1,Não,Não
AL01313,22,Administração,Matutino,Presencial,Brusque,5235,10,81,4.5,31,67.4,7.5,7.8,Sim,Sim,Sim,9,6,Sim,Não
AL01314,23,Eletromecânica,Matutino,Presencial,Gaspar,1938,10.3,84.2,8,24,94.9,8.1,10.5,Sim,Não,Sim,6,8.4,Sim,Não
AL01315,51,Desenvolvimento de Sistemas,Matutino,Híbrido,Blumenau,1690,2.5,74.3,8.4,19,73.8,6.8,4.2,Não,Sim,Não,7,4.6,Não,Sim
AL01316,16,Administração,noturno ,Presencial,Gaspar,1938,7.5,,8.3,43,83,6.3,7.1,Não,Sim,Não,6,5.9,Não,Sim
AL01317,28,Desenvolvimento de Sistemas,Matutino,Presencial,Blumenau,2485,10.7,71.7,4.4,34,86.7,7.6,16.8,Sim,Sim,Não,6,5.7,Não,Sim
AL01318,16,Automação Industrial,Noturno,Híbrido,Gaspar,3064,7.5,70.7,5.8,35,81.9,6.5,6.8,Sim,Sim,Não,5,4.7,Não,Não
AL01319,48,Administração,Noturno,Híbrido,Indaial,2649,4.7,77.5,6.2,48,90.5,7.5,22.3,Sim,Sim,Não,10,5.9,Não,Não
AL01320,40,Administração,Noturno,Presencial,Blumenau,2296,7.6,90.3,6.1,26,90.6,7.3,15.1,Sim,Sim,Não,8,6.7,Sim,Não
AL01321,38,Desenvolvimento de Sistemas,Matutino,Presencial,Gaspar,5435,7.6,71.3,5.5,24,82.6,5.7,5.5,Não,Não,Sim,6,6.5,Não,Não
AL01322,17,Administração,Matutino,Híbrido,Pomerode,4655,6.4,70.5,7.8,43,72.9,7.1,5.4,Sim,Não,Não,8,6.9,Não,Não
AL01323,22,Desenvolvimento de Sistemas,Noturno,Presencial,Timbó,5073,8.7,83,4.7,23,89.7,5.9,6.8,Não,Não,Não,8,5.7,Não,Sim
AL01324,21,Eletromecânica,Matutino,Híbrido,Timbó,3405,6.6,97,7.6,43,80.4,7.8,14.1,Sim,Não,Não,5,6.7,Sim,Não
AL01325,32,Eletromecânica,Matutino,Presencial,Blumenau,2594,10.2,88.6,3.8,56,93.4,6.6,20.3,Sim,Não,Não,9,6.3,Sim,Não
AL01326,30,Automação Industrial,Matutino,Híbrido,Blumenau,2744,9.8,89.2,4.9,50,100,7.6,6.7,Sim,Sim,Não,9,6.3,Sim,Não
AL01327,38,Desenvolvimento de Sistemas,Noturno,Presencial,Timbó,2203,8.9,74.1,6.2,36,68.3,6.6,17.3,Sim,Sim,Não,8,6,Não,Não
AL01328,20,Administração,Matutino,Presencial,Pomerode,1480,1.5,83.4,5.9,33,56.6,8.1,10.2,Sim,Sim,Não,6,5.6,Não,Não
AL01329,26,Automação Industrial,Noturno,Presencial,Timbó,2279,4.8,73.8,4.8,30,91.7,7.5,3.8,Não,Não,Sim,10,5.4,Não,Não
AL01330,38,Automação Industrial,Matutino,Híbrido,Pomerode,3485,0,92.9,7.9,33,69.9,5.3,4.5,Sim,Sim,Não,5,4.9,Não,Sim
AL01331,22,Desenvolvimento de Sistemas,Noturno,Híbrido,Blumenau,6704,6.7,78.8,4.5,46,81.5,5.6,8.2,Não,Sim,Sim,8,5.6,Não,Sim
AL01332,17,Eletromecânica,Matutino,Presencial,Brusque,3621,12.8,82.6,6.4,27,100,7.2,10.1,Sim,Não,Sim,7,6.8,Sim,Não
AL01333,21,Automação Industrial,Matutino,Híbrido,Blumenau,2415,3.2,81,5.5,22,74.1,7.8,3.2,Não,Não,Não,8,4.2,Não,Sim
AL01334,32,Eletromecânica,Matutino,Presencial,Pomerode,4330,11.3,81,7.3,57,100,7.2,2.9,Sim,Não,Sim,9,6.7,Sim,Não
AL01335,29,Desenvolvimento de Sistemas,Matutino,Presencial,Brusque,2776,5,80.2,4.6,28,84.3,5.7,12.4,Sim,Sim,Não,7,5.5,Não,Não
AL01336,32,Desenvolvimento de Sistemas,Noturno,Presencial,Gaspar,1862,0.7,95.9,3.9,21,88.4,4.9,4,Sim,Sim,Não,10,6.1,Sim,Sim
AL01337,24,Automação Industrial,Noturno,Presencial,Timbó,2179,0,89.1,8.1,38,90.3,6.5,11.5,Sim,Sim,Não,6,7.8,Sim,Não
AL01338,16,Desenvolvimento de Sistemas,Noturno,Híbrido,Indaial,3557,10.1,79.3,4,52,78.3,7.1,12.1,Sim,Não,Sim,7,6.8,Sim,Não
AL01339,16,Administração,Matutino,Presencial,Gaspar,2732,10.5,73.9,7.7,54,100,5.7,7.9,Não,Não,Não,9,7.7,Não,Sim
AL01340,29,Automação Industrial,Matutino,Presencial,Brusque,3126,4.7,76.3,6.1,32,76.8,6.8,20,Sim,Sim,Não,8,4.3,Não,Não
AL01341,32,Automação Industrial,Noturno,Presencial,Gaspar,3376,12.2,98.9,8,45,81.9,6.2,7.6,Sim,Não,Não,6,6.4,Sim,Não
AL01342,16,Administração,Noturno,Híbrido,Pomerode,4222,4.3,81.8,5.4,19,76.1,8.8,9.6,Sim,Não,Sim,8,6.5,Sim,Não
AL01343,28,Eletromecânica,Matutino,Presencial,Indaial,4344,8.9,83.2,8,56,82.2,5.9,7.8,Sim,Sim,Sim,7,7.5,Sim,Sim
AL01344,28,Eletromecânica,Matutino,Presencial,Timbó,3705,20.3,84.2,6.2,32,82.8,6.2,10.2,Sim,Sim,Não,5,6.8,Sim,Não
AL01345,40,Automação Industrial,Matutino,Híbrido,Pomerode,1757,12.3,73,5,42,87.8,7.2,12.4,Não,Sim,Não,5,5.3,Não,Não
AL01346,32,Administração,Noturno,Presencial,Pomerode,2181,12.3,76.2,7.3,34,92.9,6.1,8.7,Sim,Sim,Sim,9,6.5,Sim,Não
AL01347,25,Automação Industrial,Matutino,Híbrido,Indaial,2949,10.6,87.4,4.6,44,100,7.8,7.9,Sim,Não,Não,9,7.8,Sim,Não
AL01348,38,Desenvolvimento de Sistemas,Noturno,Presencial,Blumenau,3469,8.9,75.1,7.6,47,100,4.9,6.9,Sim,Sim,Não,7,5.7,Não,Não
AL01349,43,Desenvolvimento de Sistemas,Noturno,Híbrido,Blumenau,5421,9,83.1,6.7,33,100,5.9,2.8,Sim,Sim,Não,8,6.7,Sim,Não
AL01350,21,Administração,Noturno,Presencial,Blumenau,2048,6.2,84.2,4,26,68.1,6.8,10.8,Sim,Não,Não,7,4.6,Não,Sim
AL01351,31,Eletromecânica,Noturno,Híbrido,Brusque,9165,13.2,82.3,7.6,45,75,5.8,11.3,Sim,Sim,Não,7,7.3,Sim,Não
AL01352,29,Administração,Noturno,Presencial,Timbó,8963,11.8,77.3,9.6,42,95.2,8.2,15.3,Sim,Não,Não,7,8.6,Sim,Sim
AL01353,35,Desenvolvimento de Sistemas,Noturno,Presencial,Gaspar,3027,11.4,80.6,6.6,57,97.1,6.6,10.2,Sim,Sim,Não,8,7,Sim,Não
AL01354,32,Administração,Matutino,Híbrido,Gaspar,4166,12.6,77.2,6.6,45,100,6.3,11.1,Sim,Não,Não,7,6.3,Sim,Não
AL01355,33,Automação Industrial,Noturno,Presencial,Pomerode,4603,9.9,86.5,8.3,49,72.6,6.3,6.7,Sim,Sim,Não,9,6.6,Sim,Não
AL01356,21,Eletromecânica,Noturno,Presencial,Brusque,1751,6.6,94.2,4.6,38,69.8,8.2,7.6,Sim,Sim,Sim,5,6.4,Sim,Não
AL01357,19,Eletromecânica,Noturno,Presencial,Brusque,3884,13.4,72.5,3.2,24,85.2,8.3,5.5,Sim,Não,Não,7,6.6,Não,Não
AL01358,32,Desenvolvimento de Sistemas,Matutino,Presencial,Brusque,6865,6.2,86.5,4.8,25,100,6.2,18.7,Sim,Não,Não,9,7.7,Sim,Não
AL01359,16,Automação Industrial,Matutino,Presencial,Brusque,2953,11.1,70.3,5.4,38,85.1,7.4,16.7,Sim,Não,Não,6,7.1,Não,Não
AL01360,30,Automação Industrial,Noturno,Presencial,Pomerode,1605,5.5,91.4,6.5,43,83.5,6.6,21.3,Não,Sim,Não,9,6,Sim,Sim
AL01361,42,Desenvolvimento de Sistemas,Matutino,Presencial,Pomerode,1278,12.4,100,5.1,41,100,7,1.6,Sim,Sim,Não,8,7.8,Sim,Não
AL01362,27,Eletromecânica,Matutino,Híbrido,Timbó,4012,6.3,84,5.3,16,95.9,6.8,12.2,Sim,Sim,Não,8,8.3,Sim,Não
AL01363,47,Desenvolvimento de Sistemas,Noturno,Híbrido,Timbó,4569,10.1,86.7,7.7,35,100,7.5,15.2,Sim,Sim,Sim,8,8.3,Sim,Não
AL01364,16,Automação Industrial,Matutino,Presencial,Gaspar,4434,11.4,88.3,4.4,14,90.4,7.2,7,Sim,Sim,Sim,8,6,Sim,Não
AL01365,16,Eletromecânica,Matutino,Presencial,Pomerode,3066,13,63.3,6,27,73.3,5.2,5.2,Sim,Sim,Não,3,5,Não,Não
AL01366,35,Automação Industrial,Matutino,Presencial,Timbó,8083,6.8,88.6,5.8,54,73.5,6.3,5.8,Sim,Sim,Não,9,6.1,Sim,Não
AL01367,16,Eletromecânica,Noturno,Presencial,Indaial,1135,9.6,94.2,9,58,97.7,5.7,15.5,Não,Sim,Sim,6,9.2,Sim,Não
AL01368,16,Administração,Noturno,Presencial,Brusque,1520,7,72.1,7.1,38,82.8,5.7,12.6,Sim,Sim,Não,10,7,Não,Não
AL01369,16,Administração,Noturno,Presencial,Brusque,4859,4.9,77.8,7.3,7,72.8,6.4,2.3,Sim,Não,Sim,8,6.1,Sim,Não
AL01370,30,Desenvolvimento de Sistemas,Matutino,Presencial,Indaial,4790,8.1,76.9,6.1,43,68.7,7.9,4.6,Sim,Não,Sim,6,6.7,Sim,Não
AL01371,20,Desenvolvimento de Sistemas,Noturno,Híbrido,Pomerode,,15.1,57.2,7.3,81,99,6.4,4.8,Sim,Não,Não,8,6.3,Não,Não
AL01372,34,Automação Industrial,Noturno,Presencial,Timbó,2073,7.8,100,7.5,15,47.7,6.4,19,Sim,Sim,Não,6,7.4,Sim,Sim
AL01373,16,Eletromecânica,Matutino,Presencial,Timbó,4330,12.2,98.6,7.8,20,79.5,6.7,6.5,Sim,Sim,Não,7,7.1,Sim,Não
AL01374,17,Administração,Noturno,Híbrido,Timbó,2122,9.7,92.1,6.9,37,83.6,3.9,20.4,Sim,Sim,Não,8,7.2,Sim,Não
AL01375,16,Eletromecânica,Noturno,Presencial,Blumenau,2288,12.4,71.1,7.4,28,77.5,7.9,9.3,Não,Não,Não,10,6,Não,Não
AL01376,21,Desenvolvimento de Sistemas,Noturno,Presencial,Timbó,2652,7,69.8,6.5,18,94.3,5.9,5,Sim,Não,Não,9,6.4,Não,Não
AL01377,21,Administração,Matutino,Presencial,Timbó,3844,8,79.1,5.7,46,83.7,4.2,6.8,Sim,Sim,Não,6,6.2,Sim,Não
AL01378,18,Eletromecânica,Noturno,Presencial,Blumenau,900,4,100,9,34,84.8,5.9,2.6,Sim,Sim,Sim,5,8.7,Sim,Não
AL01379,35,Automação Industrial,Matutino,Presencial,Pomerode,2550,13.6,68.6,7.7,47,93.2,7.1,11.4,Sim,Não,Não,9,5.9,Não,Não
AL01380,21,Eletromecânica,Matutino,Presencial,Blumenau,2741,8.2,77.5,6.4,33,91.4,7.1,7.5,Sim,Não,Não,8,7.1,Sim,Sim
AL01381,24,Desenvolvimento de Sistemas,Matutino,Presencial,Pomerode,3626,6.4,88.5,4.5,38,80.5,7.4,28.6,Sim,Sim,Sim,6,5.7,Não,Não
AL01382,19,Desenvolvimento de Sistemas,Noturno,Presencial,Brusque,2239,9.6,73.7,5.6,34,68.3,8.3,7.4,Não,Não,Não,5,4.4,Não,Sim
AL01383,16,Administração,Matutino,Presencial,Timbó,4206,6.6,65.9,7.9,4,89.8,6.3,8.1,Sim,Sim,Não,9,6.1,Não,Sim
AL01384,22,Administração,Matutino,Presencial,Gaspar,2873,19.5,72.3,7,49,83.3,8.6,13.7,Sim,Não,Sim,9,6.5,Não,Não
AL01385,21,Automação Industrial,Matutino,Híbrido,Brusque,2141,6.9,74.9,6.8,31,82.2,5.7,17.8,Sim,Sim,Não,9,6.4,Não,Não
AL01386,52,Automação Industrial,Matutino,Presencial,Pomerode,1730,7.3,95.1,6.2,30,92.2,6.8,7,Sim,Não,Sim,9,8,Sim,Não
AL01387,22,Eletromecânica,Noturno,Presencial,Blumenau,6482,10.9,67.6,8,38,100,6.5,9.3,Sim,Não,Sim,7,8.5,Não,Não
AL01388,20,Administração,Matutino,Presencial,Timbó,5180,8.7,82.3,5.2,21,77,5.8,12.4,Não,Não,Não,7,4.7,Não,Não
AL01389,17,Eletromecânica,Matutino,Presencial,Indaial,7284,19.7,86.9,4,37,100,8.6,14.2,SIM,Não,Sim,7,6.8,Sim,Sim
AL01390,23,Automação Industrial,Matutino,Presencial,Timbó,7347,11.9,95.8,7.8,57,92.4,6.1,3.5,Sim,Não,Sim,3,9,Sim,Não
AL01391,22,Administração,Noturno,Híbrido,Blumenau,,6,72.5,4.7,22,80.6,6.1,8.7,Não,Sim,Não,6,5.2,Não,Não
AL01392,32,Desenvolvimento de Sistemas,Noturno,Presencial,Timbó,4883,9.5,77.6,8.7,30,72.6,6,5.2,Sim,Sim,Sim,8,8.2,Sim,Não
AL01393,26,Automação Industrial,Noturno,Presencial,Gaspar,5054,2.6,85.4,5.9,26,98.4,6.4,32.3,Sim,Sim,Sim,7,8,Sim,Não
AL01394,30,Eletromecânica,Matutino,Presencial,Brusque,6288,12,93.3,3.9,27,58.9,6.2,29.4,Sim,Sim,Sim,10,6.5,Sim,Sim
AL01395,18,Desenvolvimento de Sistemas,Noturno,Presencial,Gaspar,6128,9.9,62.5,6.2,36,100,6.6,18.8,Sim,Sim,Não,9,7.5,Não,Não
AL01396,33,Automação Industrial,Noturno,Presencial,Pomerode,2400,10.4,87.5,8.6,41,100,8.7,3.2,Sim,Sim,Não,8,5.9,Não,Não
AL01397,33,Automação Industrial,Noturno,Presencial,Gaspar,1575,11.2,84.2,7,45,79.3,7.7,8.8,Sim,Sim,Não,6,6.5,Sim,Não
AL01398,16,Eletromecânica,Noturno,Presencial,Blumenau,1934,0.5,85,5,9,64,5.6,6.3,Não,Sim,Sim,8,4.7,Não,Não
AL01399,32,Administração,Noturno,Presencial,Indaial,4543,13,76.3,8.2,46,99.2,4.4,7.2,Sim,Sim,Não,6,7.5,Sim,Não
AL01400,16,Automação Industrial,Noturno,Híbrido,Gaspar,1795,8.6,100,8.2,36,92,7.9,3.6,Sim,Não,Sim,10,8.4,Sim,Não
AL01401,36,Eletromecânica,Noturno,Híbrido,Indaial,2167,5.4,80.1,6.6,17,66.7,3.8,5.3,Sim,Sim,Não,7,5.2,Não,Não
AL01402,27,Eletromecânica,Matutino,Presencial,Blumenau,3636,7.6,86.4,5.1,35,95.2,7.9,19.9,Não,Sim,Sim,7,6,Sim,Sim
AL01403,16,Eletromecânica,Noturno,Presencial,Blumenau,2068,9.5,61.7,3.9,43,86.7,8.1,4.2,Sim,Não,Não,9,4.8,Não,Não
AL01404,17,Automação Industrial,Noturno,Presencial,Indaial,1793,15.1,89.8,6.2,59,92.9,8.2,2,Sim,Não,Não,7,8,Sim,Sim
AL01405,16,Eletromecânica,Matutino,Presencial,Indaial,2569,9.6,92.2,7.3,29,70.9,5.7,6.3,Não,Sim,Sim,6,6.9,Sim,Sim
AL01406,32,Eletromecânica,Noturno,Presencial,Blumenau,2166,7.1,90.3,8.1,31,69.6,7.6,6.9,Não,Sim,Não,4,7.1,Sim,Sim
AL01407,36,Administração,Matutino,Presencial,Timbó,4051,16.3,80.6,7.3,65,100,7,3.2,Não,Não,Sim,9,9,Sim,Não
AL01408,43,Administração,Noturno,Presencial,Timbó,2226,12.4,86.6,6.7,44,80.4,7.5,1.9,Sim,Não,Não,8,7,Sim,Não
AL01409,19,Eletromecânica,Matutino,Presencial,Brusque,2017,12.5,75.8,4.5,54,100,6.1,8.5,Sim,Sim,Não,6,7.2,Sim,Não
AL01410,31,Automação Industrial,Matutino,Presencial,Blumenau,2279,0,88.2,6.4,16,75.7,4.9,3.2,Não,Sim,Sim,9,4.6,Não,Sim
AL01411,21,Automação Industrial,Noturno,Presencial,Pomerode,8503,8.1,76.3,6.8,32,56.8,6.8,3.6,Sim,Sim,Sim,7,7,Sim,Não
AL01412,38,Automação Industrial,Noturno,Presencial,Timbó,3643,16.1,97.5,4.7,69,94.6,6.2,5.1,Sim,Sim,Sim,10,7.4,Sim,Não
AL01413,21,Eletromecânica,Matutino,Presencial,Gaspar,3732,10.6,79.6,6.7,49,66.3,7.2,16.5,Sim,Não,Não,10,6,Sim,Não
AL01414,41,Desenvolvimento de Sistemas,Noturno,Presencial,Brusque,3624,3.9,72.6,8.2,37,73.6,10,1.8,Sim,Sim,Não,6,5.6,Não,Não
AL01415,25,Automação Industrial,Noturno,Presencial,Blumenau,6429,15.9,60.8,8.7,18,100,6.7,9.9,Sim,Sim,Não,7,7.2,Não,Sim
AL01416,44,Eletromecânica,Noturno,Presencial,Timbó,2800,10.5,77.3,7,38,88.5,7,8.7,Sim,Sim,Sim,7,6.5,Sim,Não
AL01417,32,Eletromecânica,Matutino,Híbrido,Indaial,3276,0,73.9,6.9,30,48.9,8.2,5.9,Sim,Sim,Não,8,5.1,Não,Não
AL01418,34,Administração,Matutino,Presencial,Brusque,1211,12.2,81.1,6.6,54,96.9,4.9,6.7,Não,Não,Não,5,6.2,Sim,Sim
AL01419,39,Automação Industrial,Noturno,Presencial,Gaspar,1994,1.9,70.1,8.3,40,64.6,6.6,2.9,Sim,Sim,Não,7,5.2,Não,Não
AL01420,34,Automação Industrial,Noturno,Presencial,Blumenau,2153,8.1,74.8,4.9,29,59.4,7.2,5.2,Sim,Sim,Não,7,5.6,Não,Sim
AL01421,33,Automação Industrial,Matutino,Presencial,Pomerode,4807,5.7,100,5.5,24,100,5.2,1.9,Sim,Sim,Não,8,6.8,Sim,Não
AL01422,34,Automação Industrial,Noturno,Presencial,Brusque,1844,9.9,79.2,4.4,33,82.6,6.9,3.5,Não,Sim,Não,7,4.9,Não,Sim
AL01423,36,Desenvolvimento de Sistemas,Matutino,Presencial,Blumenau,12595,7.8,80,5.1,28,100,7.1,7.6,Sim,Sim,Sim,6,6.5,Sim,Não
AL01424,16,Administração,Matutino,Presencial,Brusque,,7.5,80.8,4,38,92.8,7.6,5.7,Sim,Sim,Sim,10,6.3,Sim,Não
AL01425,30,Administração,Matutino,Presencial,Gaspar,6878,5.9,78.1,7.3,20,77.4,8.3,19.2,Sim,Sim,Não,8,7,Sim,Não
AL01426,36,Automação Industrial,Noturno,Presencial,Indaial,3008,6.6,97.9,7,53,55.3,7.4,8.4,Sim,Sim,Sim,8,7,Sim,Não
AL01427,23,Desenvolvimento de Sistemas,Noturno,Presencial,Blumenau,1287,13,95.1,5.4,28,100,7,3.6,Não,Sim,Não,4,6.1,Sim,Não
AL01428,23,Eletromecânica,Matutino,Presencial,Gaspar,2130,5.8,89.9,6.8,25,67.3,5.8,4.9,Não,Sim,Sim,5,4.7,Não,Não
AL01429,35,Eletromecânica,Noturno,Presencial,Gaspar,2330,2,82.7,8.6,20,59.3,5.3,2.5,Não,Sim,Não,9,6,Sim,Não
AL01430,29,Eletromecânica,Matutino,Híbrido,Brusque,2812,11.4,96.7,6.3,39,83.9,6.8,5.3,Sim,Sim,Sim,7,5.1,Não,Não
AL01431,31,Desenvolvimento de Sistemas,Noturno,Presencial,Blumenau,3107,8.3,71.7,7.8,50,72.9,6.7,2.5,Sim,Sim,Não,10,6,Não,Sim
AL01432,23,Desenvolvimento de Sistemas,Matutino,Presencial,Indaial,2503,5.9,100,7.8,35,70.7,5.2,13,Sim,Sim,Não,6,7,Sim,Não
AL01433,19,Desenvolvimento de Sistemas,Matutino,Presencial,Blumenau,7326,10.6,83.1,7.6,39,70.9,7.3,13.4,Sim,Não,Não,7,6.1,Sim,Não
AL01434,20,Administração,Matutino,Presencial,Gaspar,5167,10.8,74.3,10,42,88.6,7.3,13.9,Sim,Não,Não,7,7.3,Não,Não
AL01435,30,Administração,Noturno,Presencial,Gaspar,1991,4.1,90.4,7.5,8,91.2,7,3.8,Sim,Sim,Sim,7,6.2,Sim,Não
AL01436,18,Automação Industrial,Noturno,Presencial,Gaspar,6332,2,79.6,7.6,11,69.4,6.7,15.5,Sim,Sim,Não,7,7.4,Sim,Sim
AL01437,30,Automação Industrial,Noturno,Presencial,Gaspar,4030,0.1,88.8,6.2,24,55.2,6.6,1.7,Sim,Sim,Sim,7,5.6,Não,Não
AL01438,16,Eletromecânica,Matutino,Presencial,Indaial,6446,10.5,70.9,4.9,30,83.4,6.2,9.6,Sim,Sim,Não,7,5.8,Não,Não
AL01439,16,Automação Industrial,Noturno,Presencial,Brusque,1905,13.7,93.7,6.6,66,100,8.2,7.6,Sim,Não,Não,5,6.4,Sim,Sim
AL01440,16,Automação Industrial,Matutino,Presencial,Blumenau,900,5,84.7,6.5,21,82.3,6.9,7.8,Sim,Sim,Não,8,6,Sim,Não
AL01441,30,Administração,Matutino,Presencial,Indaial,1157,9.3,71.1,4.6,26,76.7,6.2,7.1,Sim,Sim,Não,3,5.9,Não,Não
AL01442,39,Automação Industrial,Matutino,Presencial,Brusque,8707,8.5,85,3.1,39,86.6,5.3,9.5,Sim,Sim,Sim,8,6.3,Sim,Não
AL01443,29,Desenvolvimento de Sistemas,Noturno,Presencial,Pomerode,1569,9.1,100,7.9,44,41.4,8.2,11.4,Sim,Não,Sim,7,6.4,Sim,Não
AL01444,32,Eletromecânica,Matutino,Híbrido,Blumenau,1588,12.6,100,4.9,34,75.7,7.8,5.1,Não,Sim,Não,6,6.2,Sim,Não
AL01445,31,Automação Industrial,Noturno,Presencial,Blumenau,4720,11.1,68.3,6.5,50,98.1,5.7,4.3,Sim,Sim,Não,7,7,Não,Sim
AL01446,19,Eletromecânica,Noturno,Presencial,Blumenau,4070,11,84.5,5.8,52,96.6,6.6,13.1,Sim,Sim,Não,8,6.3,Sim,Não
AL01447,28,Desenvolvimento de Sistemas,Noturno,Presencial,Pomerode,2406,0.8,67.3,4.7,31,91.4,6.4,11.9,Não,Sim,Sim,8,5.2,Não,Não
AL01448,18,Administração,Matutino,Presencial,Blumenau,4076,13,87.2,4.6,55,100,7,9.4,Sim,Não,Não,7,7.7,Sim,Não
AL01449,20,Administração,Noturno,Presencial,Blumenau,1705,7.6,77.6,7.7,41,73,5,4,Não,Sim,Não,7,6.4,Sim,Não
AL01450,38,Eletromecânica,Matutino,Presencial,Gaspar,2324,7.3,86.1,7.8,23,74.9,6.1,4.1,Sim,Não,Não,10,7.1,Sim,Sim
AL01451,30,Automação Industrial,Noturno,Presencial,Indaial,2757,10.6,82.2,6.2,30,83.1,4.5,9.6,Sim,Sim,Sim,8,8.6,Sim,Não
AL01452,42,Automação Industrial,Matutino,Presencial,Indaial,2628,13.9,81,6.2,52,88.5,7.7,7.9,Sim,Sim,Não,9,8,Sim,Não
AL01453,28,Administração,Matutino,Presencial,Indaial,3055,15.5,93.7,7.7,39,89.7,5,13.4,Sim,Sim,Não,6,8,Sim,Não
AL01454,26,Automação Industrial,Matutino,Presencial,Brusque,1421,12.7,79.4,5,53,100,7.2,11.8,Não,Sim,Sim,8,6.9,Sim,Não
AL01455,16,Eletromecânica,Noturno,Híbrido,Indaial,1794,15.6,92.8,7.3,47,85.3,5.7,8.6,Sim,Não,Sim,10,9.2,Sim,Não
AL01456,38,Administração,Noturno,Híbrido,Brusque,1579,8.6,88.5,5.6,70,88.1,6.8,5,Sim,Sim,Sim,7,6.6,Sim,Não
AL01457,39,Automação Industrial,Noturno,Híbrido,Pomerode,,8.1,95.7,9.4,64,100,4.9,7.4,Sim,Sim,Não,9,8.6,Sim,Não
AL01458,16,Automação Industrial,Noturno,Presencial,Pomerode,4613,8.8,82.3,6.3,35,81.6,6.9,7.4,Sim,Sim,Não,7,6.4,Sim,Não
AL01459,16,Administração,Noturno,Presencial,Pomerode,1229,8.4,79,5.1,46,62.9,7.9,3.4,Sim,Não,Não,10,5.9,Não,Não
AL01460,25,Eletromecânica,Noturno,Presencial,Blumenau,2901,10.1,72.9,3.7,25,100,7.1,6.2,Sim,Sim,Sim,8,6.9,Não,Não
AL01461,29,Desenvolvimento de Sistemas,Noturno,Presencial,Gaspar,3300,10.5,81.3,7.7,42,72.4,4.5,3.5,Sim,Sim,Não,10,6.6,Sim,Não
AL01462,20,Automação Industrial,Matutino,Híbrido,Pomerode,,11.4,94.1,5.4,52,84.8,7.8,14.6,Sim,Não,Sim,7,6.6,Sim,Não
AL01463,31,Desenvolvimento de Sistemas,Matutino,Presencial,Timbó,2530,9.9,91.5,4.2,23,69.7,7.5,11.8,Sim,Sim,Não,8,5.9,Não,Não
AL01464,29,Eletromecânica,Matutino,Presencial,Timbó,4163,8.9,92.9,5.4,17,100,7.8,5.7,Sim,Sim,Não,10,8,Sim,Sim
AL01465,34,Eletromecânica,Noturno,Híbrido,Brusque,2551,7.7,74.8,3.7,43,57.1,5.6,3.3,Não,Sim,Não,7,5.5,Não,Não
AL01466,24,Administração,Noturno,Presencial,Pomerode,1055,15.2,100,8.3,49,93.5,6.4,3.7,Sim,Sim,Sim,8,7.9,Sim,Não
AL01467,27,Eletromecânica,Matutino,Presencial,Gaspar,2619,17.6,74.7,6.4,46,78,6.6,2.5,Sim,Não,Sim,5,5.6,Não,Não
AL01468,25,Desenvolvimento de Sistemas,Noturno,Presencial,Timbó,2958,14.3,83.1,7.2,33,100,6.8,5.2,Não,Sim,Não,10,6.1,Sim,Não
AL01469,18,Eletromecânica,Noturno,Presencial,Indaial,2581,0,83.6,4.8,10,69.1,5.6,8.2,Sim,Sim,Sim,6,5.2,Não,Não
AL01470,16,Eletromecânica,Noturno,Presencial,Timbó,1437,9.8,82,4.9,16,79,5.4,2.7,Sim,Sim,Não,5,6.6,Sim,Não
AL01471,30,Automação Industrial,Noturno,Presencial,Blumenau,4362,12.6,76.8,5.5,39,100,8.8,5.2,Sim,Sim,Não,7,6.6,Sim,Não
AL01472,32,Automação Industrial,Noturno,Presencial,Indaial,3422,4.5,86.2,8.2,43,75.6,5.5,4.4,Sim,Sim,Sim,6,6,Sim,Não
AL01473,39,Eletromecânica,Matutino,Presencial,Brusque,1495,5.7,73.8,6,20,69.6,6.8,9.9,Não,Sim,Não,6,4.6,Não,Não
AL01474,21,Administração,Noturno,Presencial,Brusque,3729,9.2,83.2,6.7,53,79.8,6.9,13.2,Sim,Sim,Não,9,6.4,Sim,Não
AL01475,36,Automação Industrial,Noturno,Presencial,Gaspar,2584,15.6,72.6,2.5,63,100,7.1,2.2,Não,Não,Não,7,5.6,Não,Não
AL01476,34,Eletromecânica,Noturno,Híbrido,Gaspar,1960,7.6,85.3,6.2,44,56.9,7.1,11.8,Não,Sim,Sim,4,5.8,Não,Não
AL01477,18,Automação Industrial,Matutino,Presencial,Blumenau,2539,11.3,69.7,6.4,29,97.4,4.2,7.3,Sim,Sim,Sim,7,5.2,Não,Não
AL01478,22,desenv. sistemas,Noturno,Presencial,Gaspar,1610,16.9,77,5.1,58,95.5,8,23.2,Sim,Sim,Não,5,7.9,Sim,Sim
AL01479,40,Administração,Noturno,Presencial,Timbó,3096,1.3,82.5,6.9,15,88.7,6.5,17.6,Sim,Sim,Não,7,6.4,Sim,Não
AL01480,23,Desenvolvimento de Sistemas,Noturno,Presencial,Brusque,3515,4.5,77,7.7,26,100,4.3,7.1,Sim,Sim,Não,6,7.2,Sim,Não
AL01481,16,Automação Industrial,Matutino,Presencial,Pomerode,1764,4.3,94.6,6.6,67,81.1,7.9,6.7,Sim,Sim,Não,10,7.7,Sim,Não
AL01482,36,Administração,Noturno,Híbrido,Pomerode,2577,6.2,87.2,6.4,27,60.4,6.3,8.5,Sim,Não,Não,7,5.6,Não,Não
AL01483,32,Desenvolvimento de Sistemas,Noturno,Presencial,Brusque,1782,9.6,89,5.9,34,100,5.3,8.1,Sim,Sim,Não,5,7.4,Sim,Não
AL01484,23,Administração,Matutino,Presencial,Indaial,2809,7.6,81.6,5.2,48,81.1,6.7,11.8,Sim,Não,Não,7,6.3,Sim,Não
AL01485,27,Automação Industrial,Matutino,Presencial,Brusque,8258,5.2,81.9,6,41,62.7,8.5,11.7,Sim,Não,Não,2,6,Sim,Não
AL01486,18,Automação Industrial,Matutino,Presencial,Brusque,1310,4,66.1,7.9,25,49.6,8.5,6.5,Não,Sim,Não,6,5.1,Não,Não
AL01487,16,Administração,Noturno,Presencial,Pomerode,2187,8,73.8,6.4,36,87.3,6.4,14.3,Não,Sim,Não,10,7,Não,Não
AL01488,24,Eletromecânica,Noturno,Presencial,Timbó,2876,13.3,83.9,7.8,46,86.6,7.3,4.7,Sim,Sim,Não,7,7.2,Sim,Não
AL01489,36,Eletromecânica,Noturno,Presencial,Indaial,2357,1.7,79.1,7.4,40,68.3,6.1,5.4,Não,Sim,Não,6,5.5,Não,Não
AL01490,21,Administração,Noturno,Híbrido,Pomerode,2918,2.2,83.7,7.6,32,69,7.6,6.6,Sim,Sim,Não,7,5.6,Não,Não
AL01491,27,Desenvolvimento de Sistemas,Noturno,Híbrido,Gaspar,2958,15.9,81.1,4.4,62,100,7.5,7.8,Sim,Não,Sim,7,7.6,Sim,Não
AL01492,32,Eletromecânica,Noturno,Híbrido,Indaial,1459,13.7,81.2,7.2,57,98.7,7.8,5.1,Sim,Sim,Não,8,7.3,Sim,Não
AL01493,23,Administração,Noturno,Presencial,Timbó,3190,3.1,95.7,4.3,0,63.6,6.7,3.8,Sim,Sim,Sim,9,6,Sim,Não
AL01494,35,Administração,Matutino,Presencial,Blumenau,6765,10.9,86.4,8.7,44,96.2,5.7,7.2,Sim,Não,Sim,7,8.1,Sim,Não
AL01495,27,Administração,Matutino,Presencial,Indaial,4407,8,76.7,7.1,43,80.1,6,11.9,Sim,Sim,Não,8,6.8,Sim,Não
AL01496,52,Eletromecânica,Noturno,Presencial,Timbó,2590,9,88.5,5.3,36,95.6,4.9,4.1,Sim,Sim,Sim,7,7.8,Sim,Não
AL01497,24,Automação Industrial,Noturno,Híbrido,Indaial,1745,4.3,89.7,4.8,39,85.8,6,12.1,Sim,Sim,Sim,9,7,Sim,Não
AL01498,21,Automação Industrial,Matutino,Presencial,Brusque,2841,11.5,72.3,6.7,38,100,7.9,4,Sim,Não,Sim,7,7.8,Não,Não
AL01499,25,Desenvolvimento de Sistemas,Matutino,Presencial,Pomerode,1857,7.2,82.4,7.3,51,85.7,6.7,7.6,Sim,Não,Não,5,5.6,Não,Não
AL01500,25,Administração,Matutino,Presencial,Gaspar,6502,10.1,71.6,8.4,48,67.2,4.5,9,Não,Sim,Não,8,5.6,Não,Sim
AL01501,23,Eletromecânica,Matutino,Presencial,Pomerode,1638,12.8,80.7,7.1,33,94.1,5.7,5,Sim,Sim,Não,4,7.5,Sim,Não
AL01502,26,Eletromecânica,Noturno,Presencial,Indaial,1749,13.3,77.6,7.5,54,96.2,7.2,10,Não,Sim,Não,8,6.4,Sim,Não
AL01503,16,Automação Industrial,Matutino,Presencial,Gaspar,1747,2.1,87.3,4.7,48,48.8,9.3,16.3,Não,Não,Não,6,4.9,Não,Não
AL01504,18,Eletromecânica,Matutino,Presencial,Pomerode,5136,14.9,82.4,8.5,31,100,8.7,5.4,Sim,Não,Sim,6,7.3,Sim,Não
AL01505,16,Automação Industrial,Matutino,Presencial,Timbó,2011,7.1,86.9,6,54,89,6.5,9.1,Sim,Sim,Sim,9,6.9,Sim,Não
AL01506,38,Eletromecânica,Noturno,Presencial,Timbó,2483,11.5,100,5.7,25,88.2,8,9.3,Não,Sim,Não,7,5.9,Não,Não
AL01507,40,Eletromecânica,Noturno,Presencial,Brusque,1693,6.3,72.8,5.9,47,63.4,8,5.1,Não,Sim,Não,10,5.9,Não,Não
AL01508,16,Administração,Noturno,Híbrido,Gaspar,2272,8.2,85.4,5.7,52,94.6,5,13.4,Não,Sim,Não,7,6.3,Sim,Não
AL01509,23,Administração,Matutino,Híbrido,Gaspar,4640,6.2,80.6,7.3,29,78.5,5.2,15.8,Sim,Sim,Não,10,6.6,Sim,Não
AL01510,16,Desenvolvimento de Sistemas,Matutino,Presencial,Pomerode,3562,6.6,81.9,7.9,28,56.9,5.3,3.1,Sim,Sim,Não,9,6.2,Sim,Não
AL01511,36,Desenvolvimento de Sistemas,Noturno,Presencial,Pomerode,2503,7.9,71.1,7,27,95.5,5.8,6.7,Não,Sim,Não,5,6,Não,Não
AL01512,36,Administração,Matutino,Presencial,Gaspar,4447,5.4,84.9,8.2,16,76.2,6.1,9.3,Sim,Sim,Não,8,6.6,Sim,Não
AL01513,26,Automação Industrial,Noturno,Presencial,Indaial,2191,11.9,80.8,5.6,50,77.1,5.4,3.9,Sim,Não,Sim,7,6.7,Sim,Não
AL01514,34,Eletromecânica,Noturno,Híbrido,Brusque,1272,7.2,79.1,8.5,32,49.6,6.3,5,Sim,Sim,Não,7,7,Sim,Não
AL01515,21,Eletromecânica,Noturno,Presencial,Blumenau,1787,12.7,86.1,7.1,43,100,6,11.6,Sim,Não,Sim,5,7.4,Sim,Sim
AL01516,36,Eletromecânica,Matutino,Presencial,Timbó,4827,9,59.8,5.8,23,100,5.2,3.8,Não,Não,Não,6,5.7,Não,Não
AL01517,32,Administração,Matutino,Presencial,Gaspar,2739,20.2,87.8,6.3,47,100,7.4,1.7,Sim,Não,Não,10,8.2,Sim,Não
AL01518,16,Eletromecânica,Matutino,Presencial,Indaial,3200,9.6,78.7,6.5,30,87.9,8,8.6,Sim,Não,Sim,6,7.8,Sim,Não
AL01519,33,Eletromecânica,Noturno,Híbrido,Blumenau,2076,19.9,66.9,5.6,53,100,6.3,3.6,Não,Não,Sim,7,7,Não,Sim
AL01520,24,Administração,Matutino,Presencial,Timbó,3696,11.8,71.1,7.4,43,90.4,8.5,8.7,Sim,Não,Não,6,7.3,Não,Não
AL01521,32,Desenvolvimento de Sistemas,Noturno,Presencial,Blumenau,3426,8,93,7.8,19,84.4,6.7,9.7,Sim,Sim,Sim,5,6.2,Sim,Não
AL01522,25,Eletromecânica,Noturno,Presencial,Pomerode,5390,4.5,74,7.5,34,100,9.1,5.6,Sim,Sim,Sim,5,8,Não,Sim
AL01523,20,Automação Industrial,Noturno,Presencial,Blumenau,1502,5.9,88.1,5.6,37,50.4,7.1,2.7,Sim,Sim,Não,6,5.2,Não,Sim
AL01524,31,Desenvolvimento de Sistemas,Matutino,Híbrido,Gaspar,4132,11.4,100,5.8,46,100,6.1,13.7,Sim,Sim,Não,10,6.3,Sim,Não
AL01525,26,Administração,Noturno,Híbrido,Pomerode,2744,5.1,80.6,4.5,23,68.9,8.8,8.9,Não,Sim,Não,10,5.5,Não,Não
AL01526,30,Eletromecânica,Noturno,Presencial,Brusque,6004,11.9,78.2,3.6,49,88.5,7.3,29.9,Não,Não,Não,8,6.2,Sim,Não
AL01527,23,Eletromecânica,Noturno,Híbrido,Gaspar,3733,5.3,96.4,6.1,43,50.8,6,3.3,Sim,Sim,Não,4,6.8,Sim,Sim
AL01528,27,Eletromecânica,Matutino,Presencial,Blumenau,1239,6.1,67.6,6.1,49,86.5,6.8,9.8,Não,Sim,Sim,6,7.5,Não,Sim
AL01529,17,Administração,Matutino,Presencial,Blumenau,3558,5.6,68.6,8.9,9,63.5,8.2,4.6,Sim,Sim,Sim,8,4.9,Não,Não
AL01530,43,Eletromecânica,Matutino,Híbrido,Gaspar,3941,3.9,75.6,9,34,92.7,5.6,23.2,Sim,Não,Não,9,5.8,Não,Não
AL01531,30,Eletromecânica,Noturno,Presencial,Blumenau,2177,3.1,78.6,4.5,46,79.4,8.2,13.6,Não,Sim,Não,10,5.2,Não,Sim
AL01532,33,Administração,Matutino,Presencial,Indaial,1764,3.1,71.8,6.3,55,72.1,5.1,3.7,Sim,Sim,Sim,8,6.9,Não,Não
AL01533,16,Eletromecânica,Matutino,Híbrido,Blumenau,1500,8.7,94.9,6.1,43,87.2,7.6,13,Não,Sim,Não,5,6.7,Sim,Não
AL01534,24,Eletromecânica,Noturno,Presencial,Brusque,3888,5.5,85.3,4.2,27,78.5,5.7,7.8,Sim,Sim,Sim,8,4.2,Não,Não
AL01535,39,Desenvolvimento de Sistemas,Matutino,Presencial,Blumenau,1146,7.1,78.9,6.5,27,98.1,7.7,8.4,Sim,Sim,Não,5,6.5,Sim,Não
AL01536,16,Desenvolvimento de Sistemas,Matutino,Hibrido,Gaspar,3386,11.1,88.8,6.1,42,100,7.8,6.8,Sim,Sim,Não,6,7.5,Sim,Não
AL01537,27,Eletromecânica,Matutino,Presencial,Pomerode,4373,6.7,79.8,5.6,36,90.9,5.6,12.8,Sim,Sim,Não,7,6.7,Sim,Não
AL01538,31,Eletromecânica,Matutino,Presencial,Brusque,4401,3.7,80.1,7.7,17,94.8,7.1,3.4,Sim,Sim,Não,7,7.3,Sim,Não
AL01539,18,Administração,Noturno,Presencial,Pomerode,1442,10.2,100,7.5,34,95.2,6.5,40,Sim,Não,Sim,8,8.6,Sim,Não
AL01540,32,Desenvolvimento de Sistemas,Noturno,Presencial,Indaial,3055,10.1,72.3,6.2,46,62.8,6.3,19,Sim,Sim,Não,8,5.3,Não,Não
AL01541,23,Administração,Matutino,Presencial,Brusque,5140,5.6,91.2,7.9,39,59.9,5.6,6.5,Sim,Sim,Não,8,6.9,Sim,Não
AL01542,32,Administração,Matutino,Presencial,Brusque,3988,8.4,80.9,6.8,36,71.1,6.3,22.8,Sim,Sim,Sim,6,7.2,Sim,Não
AL01543,33,Eletromecânica,Noturno,Presencial,Pomerode,1530,12.4,76.8,9.8,36,97,5.4,3.5,Sim,Sim,Não,6,7.3,Sim,Sim
AL01544,16,Desenvolvimento de Sistemas,Noturno,Presencial,Indaial,1610,4.6,78.5,5.7,42,58.4,6.4,3.2,Sim,Sim,Não,7,5.9,Não,Não
AL01545,26,Desenvolvimento de Sistemas,Matutino,Presencial,Blumenau,2498,2.4,85.3,5.9,29,69.1,8.2,4.5,Sim,Não,Não,7,4.9,Não,Não
AL01546,27,Automação Industrial,Matutino,Presencial,Brusque,2281,9.1,91.3,7.2,40,81.4,8.1,5.2,Sim,Sim,Não,8,7.6,Sim,Não
AL01547,23,Desenvolvimento de Sistemas,Matutino,Presencial,Pomerode,4085,8,91.8,6.9,41,61.5,6.4,17.7,Sim,Não,Não,10,5.1,Não,Não
AL01548,18,Administração,Matutino,Presencial,Timbó,6070,9.9,82.3,8,36,100,7.2,7.1,Sim,Sim,Não,6,8.1,Sim,Sim
AL01549,23,Administração,Noturno,Presencial,Gaspar,2254,7.3,90.7,7.1,34,96.5,6.1,9.3,Sim,Não,Sim,7,8.5,Sim,Não
AL01550,23,Desenvolvimento de Sistemas,Matutino,Presencial,Indaial,920,11.5,92,8.5,40,85.3,5.7,7.9,Não,Sim,Não,6,6.8,Sim,Não
AL01551,34,Administração,Noturno,Presencial,Timbó,2181,6.6,,5.1,33,96.3,6.6,3.4,Sim,Sim,Não,9,5.7,Não,Não
AL01552,23,Administração,Noturno,Presencial,Timbó,3845,0,70.2,6.7,26,77.9,7.9,6,Sim,Sim,Não,10,6.2,Não,Sim
AL01553,31,Desenvolvimento de Sistemas,Matutino,Híbrido,Timbó,2907,3,74.9,5.1,38,59.9,5.4,14.8,Sim,Sim,Não,8,4.7,Não,Sim
AL01554,32,Eletromecânica,Noturno,Presencial,Gaspar,4154,4.9,97.6,7.9,21,73.8,6.3,10.2,Não,Sim,Não,7,6,Sim,Não
AL01555,43,Desenvolvimento de Sistemas,Matutino,Presencial,Brusque,3970,16.6,91.9,6.7,42,100,5.7,8.4,Sim,Sim,Sim,9,6.2,Sim,Não
AL01556,42,Eletromecânica,Noturno,Presencial,Blumenau,4027,9.1,99.8,5.4,36,93,7.7,9.2,Sim,Sim,Não,7,7.9,Sim,Não
AL01557,16,Automação Industrial,Noturno,Presencial,Pomerode,1917,18.1,89,6.5,37,87.8,8.2,5.1,Sim,nao,Não,9,6.7,Sim,Não
AL01558,29,Desenvolvimento de Sistemas,Noturno,Híbrido,Blumenau,4184,6.8,74.7,6.4,19,83.2,5.5,14.3,Sim,Sim,Não,7,6.9,Não,Não
AL01559,37,Eletromecânica,Noturno,Presencial,Gaspar,7931,0,87.4,7,42,69.6,4.8,9.3,Sim,Sim,Não,8,6,Sim,Não
AL01560,16,Administração,Matutino,Híbrido,Blumenau,1678,6.5,80.8,4.4,37,86.4,6.6,9.3,Não,Não,Não,3,5.7,Não,Não
AL01561,24,Eletromecânica,Noturno,Presencial,Timbó,1856,13.4,80.3,7,44,80.1,5.9,5.1,Não,Sim,Não,8,7.1,Sim,Não
AL01562,26,Eletromecânica,Noturno,Presencial,Pomerode,3907,9.2,88.2,3.6,48,74.4,6.4,4.2,Sim,Sim,Não,6,4.7,Não,Não
AL01563,29,Desenvolvimento de Sistemas,Noturno,Presencial,Timbó,2191,7.7,91.7,4.9,37,91.8,7,12,Sim,Sim,Não,9,6.7,Sim,Não
AL01564,29,Eletromecânica,Noturno,Presencial,Brusque,4534,7.2,81.8,8.7,52,78.7,9.1,4.8,Sim,Não,Não,8,7.7,Sim,Não
AL01565,45,Desenvolvimento de Sistemas,Matutino,Presencial,Blumenau,5453,11.3,95.9,4.2,45,77.8,5.5,7,Sim,Não,Sim,7,7.1,Sim,Não
AL01566,27,Eletromecânica,Matutino,Presencial,Pomerode,2315,4.5,74.4,5,20,79.7,7.8,13.6,Não,Sim,Não,6,4.7,Não,Não
AL01567,25,Administração,Noturno,Híbrido,Gaspar,2838,5.5,85.9,7.5,40,82.9,6.6,6.8,Sim,Sim,Sim,5,7.1,Sim,Não
AL01568,24,Administração,Noturno,Presencial,Blumenau,5848,16.4,84.2,5.2,38,100,8.3,12.7,Sim,Não,Não,7,6.1,Sim,Não
AL01569,28,Desenvolvimento de Sistemas,Matutino,Presencial,Blumenau,1802,11.4,82.6,5.2,26,100,5.1,5.1,Sim,Sim,Sim,10,6.6,Sim,Não
AL01570,16,Automação Industrial,Noturno,Presencial,Pomerode,1971,11.9,100,7.6,39,100,9.4,10.7,Sim,Não,Não,8,7.9,Sim,Não
AL01571,28,Automação Industrial,Noturno,Presencial,Blumenau,2539,10.3,84,5.6,43,100,6,4.9,Sim,Não,Sim,6,7.6,Sim,Não
AL01572,29,Eletromecânica,Matutino,Presencial,Gaspar,1184,8.6,77.4,5.3,36,81.4,7.7,9.1,Sim,Não,Não,6,4.8,Não,Não
AL01573,26,Administração,Matutino,Híbrido,Pomerode,2073,0,64.9,6.8,33,84.5,4.6,31.1,Sim,Sim,Não,,5.9,Não,Sim
AL01574,23,Automação Industrial,Noturno,Presencial,Pomerode,2221,8.9,74.6,8.1,26,67.7,7.1,9.9,Sim,Sim,Não,10,6.3,Não,Não
AL01575,21,Administração,Noturno,Presencial,Brusque,2563,14.6,81.1,8.1,30,77.4,8,13.8,Sim,Não,Não,8,7.3,Sim,Sim
AL01576,33,Automação Industrial,Matutino,Presencial,Gaspar,3742,7.8,,7.3,23,81.4,7.2,12.8,Sim,Sim,Sim,8,7.6,Sim,Não
AL01577,39,Automação Industrial,Matutino,Presencial,Indaial,5074,0,88.9,6.1,0,79.6,4.9,16.9,Sim,Sim,Sim,7,5.7,Não,Não
AL01578,39,Desenvolvimento de Sistemas,Matutino,Presencial,Indaial,4517,3.2,95,7.2,19,80.8,5.4,4,Sim,Sim,Não,7,7.3,Sim,Não
AL01579,24,Administração,noturno ,Híbrido,Blumenau,8004,5.7,93.2,8.9,40,88,5.3,5.1,Sim,Sim,Sim,8,7.9,Sim,Não
AL01580,19,Automação Industrial,Noturno,Presencial,Blumenau,2457,7.7,77.8,9.4,43,100,6.9,8.8,Sim,Sim,Sim,8,6.5,Sim,Não
AL01581,37,Eletromecânica,Noturno,Presencial,Timbó,2165,8,91.6,8.1,47,59.4,8.2,10.9,Sim,Sim,Sim,7,5.3,Não,Não
AL01582,22,Administração,Noturno,Presencial,Pomerode,2027,3.3,80.1,5,22,80.9,7.1,10.7,Sim,Sim,Não,7,5.5,Não,Não
AL01583,29,Desenvolvimento de Sistemas,Matutino,Presencial,Pomerode,4099,8.2,72.7,5.9,39,93.6,6.5,5.9,Sim,Sim,Não,4,5.7,Não,Não
AL01584,22,Eletromecânica,Matutino,Presencial,Brusque,4792,2.4,72.5,6.2,35,81,5.1,2.9,Não,Sim,Não,4,6.7,Não,Sim
AL01585,25,Desenvolvimento de Sistemas,Noturno,Híbrido,Indaial,3173,7.3,93.9,7.8,26,94,7.4,12.7,Sim,Não,Sim,9,7,Sim,Não
AL01586,21,Automação Industrial,Noturno,Presencial,Brusque,1464,5.7,71.7,5.4,11,92.7,5.6,9.7,Sim,Sim,Sim,8,6,Não,Não
AL01587,24,Eletromecânica,Noturno,Presencial,Indaial,1370,8.8,90.7,7.2,48,74.7,8.2,4.2,Sim,Não,Não,5,5.7,Não,Sim
AL01588,34,Administração,Matutino,Presencial,Timbó,2873,3.1,88.9,6.8,31,69.3,4.3,3.3,Sim,Sim,Não,9,5.4,Não,Não
AL01589,26,Administração,Matutino,Presencial,Brusque,1960,6,71.9,6,28,73.7,8.8,10.5,Sim,Sim,Não,6,6.4,Não,Não
AL01590,19,Desenvolvimento de Sistemas,Noturno,Presencial,Gaspar,3682,9,100,5.6,38,100,8.8,6.9,Sim,Não,Sim,5,7.1,Sim,Não
AL01591,30,Eletromecânica,Noturno,Presencial,Timbó,1846,8.6,83.7,6.4,24,78.8,6.9,4.7,Sim,Sim,Não,7,7.2,Sim,Não
AL01592,22,Automação Industrial,Noturno,Presencial,Blumenau,,16.5,73.2,5.8,34,100,6.1,3.9,Não,Sim,Não,9,6.4,Não,Não
AL01593,34,Desenvolvimento de Sistemas,Matutino,Híbrido,Gaspar,1144,3.4,77.2,,29,76.7,7.1,11,Não,Sim,Não,8,4.6,Não,Não
AL01594,22,Eletromecânica,Matutino,Presencial,Blumenau,4935,5.2,97,5.8,18,88.1,6.3,15.2,Sim,Sim,Não,4,6.3,Sim,Não
AL01595,29,Administração,Matutino,Presencial,Pomerode,2729,0,71,4.8,25,62.2,5.2,9.8,Sim,Sim,Não,6,4.3,Não,Não
AL01596,29,Eletromecânica,Noturno,Presencial,Timbó,4857,0,76.3,8.5,28,57.8,5.8,15.1,Sim,Sim,Não,7,6.3,Sim,Sim
AL01597,39,Eletromecânica,Noturno,Presencial,Timbó,2479,2.9,56.8,5.9,19,91.6,6.9,7.1,Sim,Sim,Não,9,6.1,Não,Sim
AL01598,31,Eletromecânica,Matutino,Híbrido,Indaial,940,4.6,81.3,5.7,47,96.8,6.8,3.3,Sim,Sim,Não,6,6.6,Sim,Não
AL01599,16,Administração,Matutino,Presencial,Gaspar,2317,8.8,75.8,7.4,43,100,6.1,7,Não,Sim,Sim,9,7.7,Sim,Sim
AL01600,16,Automação Industrial,Matutino,Presencial,Brusque,2777,4.3,84.7,6.5,34,62.1,7.5,6.8,Sim,Não,Não,8,6.2,Sim,Não
AL01601,16,Administração,Noturno,Presencial,Indaial,8079,6.8,88.5,2.5,40,72.4,4.4,1,Sim,Sim,Não,6,6.7,Sim,Sim
AL01602,37,Automação Industrial,Noturno,Presencial,Timbó,946,7.3,73,6.7,28,91.2,6,4.1,Sim,Sim,Sim,6,8.4,Não,Não
AL01603,16,Administração,Matutino,Presencial,Gaspar,,3.6,83.5,6.1,23,63.5,4.6,3.9,Não,Sim,Não,8,6.8,Sim,Não
AL01604,16,Administração,Matutino,Presencial,Timbó,5941,14.3,87.3,5.8,48,100,7.8,12.4,Não,Não,Não,6,6.6,Sim,Não
AL01605,40,Automação Industrial,Matutino,Presencial,Gaspar,4044,11.7,79.1,7.7,62,100,5.7,13.7,Sim,Não,Não,8,6.9,Sim,Não
AL01606,44,Administração,Noturno,Presencial,Gaspar,1703,13,74.4,9,35,100,7.1,2.7,Sim,Sim,Não,8,8.5,Não,Não
AL01607,35,Automação Industrial,Noturno,Híbrido,Gaspar,2150,11.1,87.4,6.8,42,85.9,6.2,19.1,Sim,Sim,Não,10,7.7,Sim,Não
AL01608,16,Administração,Matutino,Presencial,Timbó,6928,3.9,70.4,8.2,14,71.7,6.7,8.8,Sim,Sim,Sim,9,6.6,Não,Não
AL01609,33,Eletromecânica,Matutino,Presencial,Gaspar,2726,13.9,98.7,8.7,65,80.9,6.8,4,Não,Não,Sim,5,7.2,Sim,Não
AL01610,27,Desenvolvimento de Sistemas,Noturno,Presencial,Brusque,3664,6.1,85,9.2,34,71.6,7.9,15.3,Sim,Sim,Não,6,6.5,Sim,Não
AL01611,33,Administração,Noturno,Presencial,Indaial,1356,7.8,75.3,5.8,33,100,4.7,8.3,Não,Sim,Não,8,6.1,Sim,Sim
AL01612,29,Administração,Noturno,Presencial,Indaial,2915,8.6,88.1,8.7,54,70.2,7.5,7.6,Não,Sim,Não,7,7.1,Sim,Não
AL01613,16,Eletromecânica,Noturno,Presencial,Timbó,5216,8.2,89.1,4,16,97.7,7.1,14.1,Não,Sim,Sim,3,5,Não,Não
AL01614,24,Eletromecânica,Matutino,Presencial,Pomerode,3845,9.4,80.3,5.5,34,74.8,6.7,24.8,Sim,Não,Não,8,5.7,Não,Não
AL01615,24,Eletromecânica,Noturno,Presencial,Gaspar,2473,9.3,80.6,6.2,47,100,4.9,3.6,Sim,Sim,Sim,6,6.1,Sim,Não
AL01616,16,Eletromecânica,Matutino,Híbrido,Indaial,5756,12.6,78.4,9.3,32,100,8.7,4.9,Não,Sim,Sim,9,8.6,Sim,Sim
AL01617,34,Automação Industrial,Matutino,Presencial,Blumenau,2333,13,83.9,5.7,48,88.2,7,3.7,Sim,Sim,Não,8,6.7,Sim,Não
AL01618,19,Automação Industrial,Noturno,Presencial,Timbó,1367,7.7,92.4,8.8,12,88.4,7.5,5.9,Sim,Sim,Sim,8,7.8,Sim,Sim
AL01619,21,Automação Industrial,Noturno,Híbrido,Timbó,2768,12.7,75.5,9.6,52,100,6.9,6.1,Não,Não,Sim,6,8.4,Sim,Não
AL01620,32,Desenvolvimento de Sistemas,Matutino,Híbrido,Pomerode,5194,9.4,74.1,9.5,30,66.8,6.9,11.3,Sim,Não,Não,10,6.3,Não,Não
AL01621,16,Eletromecânica,Matutino,Presencial,Indaial,5361,8.4,52.4,6.9,41,59.6,7.8,10.4,Sim,Não,Não,8,6.7,Não,Não
AL01622,21,Desenvolvimento de Sistemas,Noturno,Presencial,Brusque,5815,3.1,73.1,5.3,15,65,4.6,5.7,Não,Sim,Não,7,3.6,Não,Não
AL01623,24,Desenvolvimento de Sistemas,Matutino,Presencial,Brusque,4373,3.3,100,,27,74.2,5.9,5.2,Sim,Sim,Não,7,5.7,Não,Não
AL01624,31,Automação Industrial,Matutino,Presencial,Timbó,2260,4.5,81.6,6,26,75.1,6,7.3,Sim,Não,Não,8,5.9,Não,Não
AL01625,28,Eletromecânica,Noturno,Presencial,Gaspar,5252,15,83.8,9.6,23,100,6.2,8.9,Sim,Sim,Não,8,7.5,Sim,Não
AL01626,24,Administração,Matutino,Presencial,Brusque,3339,12.6,78.2,8.5,35,100,6.5,5.2,Sim,Não,Não,7,7.5,Sim,Não
AL01627,22,Desenvolvimento de Sistemas,Noturno,Presencial,Pomerode,3347,8.5,73.1,4.2,39,95.3,5.2,14.7,Sim,Sim,Não,5,6.9,Não,Não
AL01628,18,Automação Industrial,Matutino,Presencial,Pomerode,2115,9,78.4,8.6,24,76.8,6.6,9.3,Sim,Não,Não,10,7.2,Sim,Não
AL01629,21,Automação Industrial,Noturno,Híbrido,Brusque,9771,12.4,83.5,4.8,46,98.1,6.4,9.9,Sim,Não,Não,8,8.1,Sim,Não
AL01630,19,Desenvolvimento de Sistemas,Matutino,Presencial,Blumenau,5812,7,75,10,28,85.6,7.7,6,Sim,Não,Sim,10,7.1,Sim,Não
AL01631,29,Automação Industrial,Matutino,Presencial,Brusque,3726,12,90.5,5.4,40,85.7,8,6.5,Sim,Não,Não,6,7.5,Sim,Não
AL01632,36,Desenvolvimento de Sistemas,Matutino,Híbrido,Pomerode,3567,9.6,83.2,5,36,87.8,9.3,15.2,Sim,Sim,Não,7,6.8,Sim,Não
AL01633,23,Administração,Matutino,Presencial,Blumenau,3070,6.7,73.2,8.5,36,75.3,7.7,4.7,Sim,Não,Sim,8,7.4,Não,Não
AL01634,33,Automação Industrial,Noturno,Presencial,Brusque,2461,10.4,80.3,7.1,16,73.2,6.5,2.5,Sim,Não,Não,5,6.7,Sim,Não
AL01635,22,Desenvolvimento de Sistemas,Matutino,Híbrido,Blumenau,3454,9.8,84.4,6.9,35,70.6,6.2,6.7,Não,Sim,Sim,10,6,Sim,Não
AL01636,25,Automação Industrial,Matutino,Presencial,Gaspar,3426,8.3,65.6,5.8,23,63.8,6.4,6.2,Sim,Sim,Não,3,4.3,Não,Sim
AL01637,23,Automação Industrial,Matutino,Presencial,Pomerode,2890,3.6,91.5,6.7,40,67.5,6.2,9,Sim,Sim,Não,9,5.8,Não,Sim
AL01638,22,Administração,Noturno,Presencial,Indaial,,1.7,79.4,9,42,74.8,5.6,2.9,Sim,Sim,Não,3,6.4,Sim,Sim
AL01639,29,Automação Industrial,Matutino,Presencial,Brusque,1394,14.2,86.4,7.8,36,100,4.9,6.1,Sim,Sim,Não,6,6.6,Sim,Não
AL01640,24,Automação Industrial,Matutino,Presencial,Timbó,2800,5.4,67.8,5.9,0,91.4,6.3,9,Sim,Sim,Não,7,6.5,Não,Não
AL01641,28,Desenvolvimento de Sistemas,Noturno,Presencial,Blumenau,1823,9.7,94.7,7,34,100,7.3,7.4,Sim,Sim,Não,5,6.5,Sim,Sim
AL01642,16,Eletromecânica,Noturno,Presencial,Gaspar,3847,17.5,86.2,8.3,58,84.4,7.3,12.2,Sim,Não,Não,9,6.9,Sim,Não
AL01643,23,Desenvolvimento de Sistemas,Noturno,Presencial,Brusque,2849,10.9,85.6,6.4,32,90.6,4.2,5.8,Sim,Não,Não,5,7.5,Sim,Não
AL01644,33,Automação Industrial,Matutino,Híbrido,Pomerode,7066,7.5,84.9,5.1,19,63.2,8.4,9.1,Sim,Sim,Não,8,4.2,Não,Não
AL01645,33,Eletromecânica,Matutino,Presencial,Indaial,5524,18.5,85.4,4.6,46,83.2,6.8,17.8,Não,Sim,Não,6,6.1,Sim,Sim
AL01646,30,Eletromecânica,Noturno,Presencial,Gaspar,6152,3,63.2,6.1,48,89.9,5.8,1.4,Sim,Sim,Não,10,7.2,Não,Sim
AL01647,30,Eletromecânica,Matutino,Híbrido,Brusque,3640,3.7,65.5,7,13,100,6.2,10.4,Sim,Sim,Não,7,5.7,Não,Não
AL01648,22,Desenvolvimento de Sistemas,Noturno,Híbrido,Pomerode,2085,3.5,75.9,6.8,12,81.9,9,1.6,Não,Sim,Sim,8,7.4,Sim,Não
AL01649,21,Desenvolvimento de Sistemas,Matutino,Presencial,Blumenau,4903,4.5,82.6,8,34,99.5,5.6,10.3,Sim,Sim,Sim,9,7.3,Sim,Não
AL01650,33,Administração,Noturno,Presencial,Timbó,1176,12.4,59.6,6.4,23,91.8,5.9,3.8,Sim,Sim,Não,9,6,Não,Não
AL01651,26,Desenvolvimento de Sistemas,Matutino,Híbrido,Blumenau,1851,5.7,66,6.1,26,76.9,7,6.5,Sim,Sim,Não,8,5.4,Não,Não
AL01652,23,Eletromecânica,Noturno,Presencial,Indaial,4603,9,82.9,3.1,31,81.8,8.5,7.7,Sim,Sim,Não,7,5.4,Não,Não
AL01653,39,Desenvolvimento de Sistemas,Noturno,Presencial,Gaspar,1530,4.7,78,7,22,58.1,5.8,5.6,Sim,Sim,Não,6,5.6,Não,Não
AL01654,25,Administração,Noturno,Presencial,Brusque,2054,7.6,81.4,6.1,39,91.5,5.7,3.7,Sim,Sim,Sim,8,7.2,Sim,Não
AL01655,25,Eletromecânica,Noturno,Híbrido,Timbó,2811,8.8,84.4,6.5,43,90.4,8,8.6,Sim,Não,Não,10,5.7,Não,Não
AL01656,28,Desenvolvimento de Sistemas,Matutino,Presencial,Indaial,3517,4.6,99,8.2,30,52.5,6.5,4.1,Sim,Não,Não,7,5.8,Não,Não
AL01657,34,Automação Industrial,Noturno,Presencial,Blumenau,1077,13.8,91.3,3.2,45,87.3,6.3,8.6,Sim,Sim,Não,8,6.1,Sim,Não
AL01658,28,Administração,Matutino,Presencial,Indaial,1618,9.1,83.7,7.5,36,63.2,5.4,5,Não,Não,Não,8,6.1,Sim,Não
AL01659,16,Eletromecânica,Noturno,Presencial,Pomerode,6028,21.2,89.5,5.5,54,100,7.7,9.1,Sim,Não,Não,8,6.2,Sim,Não
AL01660,33,Eletromecânica,Matutino,Presencial,Brusque,8232,5.6,86,4.6,20,78.6,7.7,10.4,Sim,Sim,Não,9,5.3,Não,Não
AL01661,32,Eletromecânica,Noturno,Presencial,Timbó,2318,6.4,70,8.9,31,70.1,6.1,10.5,Sim,Sim,Não,7,5.6,Não,Não
AL01662,23,Desenvolvimento de Sistemas,Matutino,Presencial,Pomerode,4382,5.1,61.3,7,55,61.8,5.4,3.8,Sim,Sim,Não,9,4.8,Não,Não
AL01663,35,Eletromecânica,Matutino,Presencial,Blumenau,1515,16.2,67.1,5.8,53,59.5,5.7,4.2,Sim,Não,Não,8,4.9,Não,Não
AL01664,28,Automação Industrial,Matutino,Presencial,Pomerode,2477,9.6,71.3,6.4,31,100,8.2,2,Sim,Sim,Não,7,7.4,Não,Não
AL01665,39,Administração,Matutino,Presencial,Indaial,3474,7.7,78.3,4.8,29,92.7,6.4,5.9,Sim,Não,Sim,8,8.2,Sim,Não
AL01666,19,Eletromecânica,Noturno,Presencial,Pomerode,3678,7.2,81.4,7.6,30,68.7,8,10.5,Sim,Não,Não,7,6.7,Sim,Não
AL01667,28,Desenvolvimento de Sistemas,Matutino,Presencial,Indaial,2933,16.1,74,5.5,41,100,7.1,10.5,Sim,Não,Não,4,6.2,Não,Sim
AL01668,26,Eletromecânica,Noturno,Presencial,Brusque,2272,8,72.4,9.2,31,92.4,5.7,24.4,Não,Sim,Não,9,6.4,Não,Sim
AL01669,24,Automação Industrial,Noturno,Híbrido,Timbó,1862,11.1,82.2,6,41,99.3,9.3,8.3,Sim,Não,Não,8,6.9,Sim,Não
AL01670,33,Eletromecânica,Matutino,Presencial,Brusque,3226,3.3,94.8,7,32,77,5.1,16.8,Sim,Sim,Não,6,7.9,Sim,Não
AL01671,32,Administração,Noturno,Presencial,Indaial,2332,17.2,78.9,3.9,68,100,6,7.6,Sim,Não,Não,7,5.7,Não,Não
AL01672,21,Automação Industrial,Noturno,Presencial,Brusque,2372,12.4,73.1,6,42,100,9.4,9,Sim,Não,Sim,6,8.2,Não,Não
AL01673,35,Desenvolvimento de Sistemas,Matutino,Presencial,Timbó,4693,12,90.7,4.4,50,89.2,4.7,7.5,Sim,Sim,Não,6,5.6,Não,Não
AL01674,25,Administração,Noturno,Híbrido,Pomerode,2344,13.3,94.4,7.4,25,100,6.8,8.2,Não,Sim,Não,7,7.1,Sim,Não
AL01675,27,Eletromecânica,Matutino,Presencial,Pomerode,4637,10.8,81.4,7.5,36,93.8,7.3,3,Sim,Sim,Não,6,9.3,Sim,Não
AL01676,21,Automação Industrial,Matutino,Presencial,Pomerode,5772,5.9,96.8,4.7,52,60,5.6,8.9,Sim,Sim,Não,9,5.1,Não,Não
AL01677,16,Eletromecânica,Noturno,Presencial,Brusque,2011,11.8,80.7,7.1,26,100,4.8,5,Sim,Sim,Não,9,8.3,Sim,Sim
AL01678,29,Eletromecânica,Noturno,Presencial,Pomerode,3974,9.6,90.1,5.1,37,100,6.9,7.2,Sim,Sim,Não,8,7.6,Sim,Não
AL01679,30,Eletromecânica,Matutino,Presencial,Brusque,4411,7.3,77.1,7.8,45,90.8,5.6,16.3,Sim,Sim,Não,8,7.9,Sim,Não
AL01680,21,Desenvolvimento de Sistemas,Noturno,Presencial,Pomerode,2630,10.5,84.8,7.7,26,82.4,7.9,6.2,Sim,Sim,Sim,7,7.7,Sim,Não
AL01681,19,Administração,Noturno,Presencial,Pomerode,3381,12.2,88,5.7,46,76,6,6.5,Sim,Não,Sim,7,7,Sim,Sim
AL01682,16,Administração,Matutino,Presencial,Indaial,2030,5.6,90.2,6.9,38,66.7,5.5,3.7,Sim,Não,Não,7,6.4,Sim,Não
AL01683,16,Eletromecânica,Noturno,Presencial,Indaial,8223,9,81.1,4.5,45,39.6,6.7,21.8,Sim,Não,Não,7,3.9,Não,Não
AL01684,37,Administração,Matutino,Híbrido,Indaial,5466,8.7,89.5,9,37,86.6,6.2,1.8,Sim,Sim,Não,7,7.3,Sim,Não
AL01685,21,Eletromecânica,Noturno,Presencial,Blumenau,4888,8.5,100,6.8,49,84.5,6.7,8,Sim,Sim,Não,8,7.1,Sim,Não
AL01686,30,Desenvolvimento de Sistemas,Matutino,Híbrido,Timbó,3342,7,100,4.9,63,66.5,5.6,15,Sim,Sim,Sim,8,7.2,Sim,Não
AL01687,29,Eletromecânica,Matutino,Presencial,Blumenau,2566,14.6,96.1,7.5,38,81.2,9.6,4.2,Não,Não,Não,4,7,Sim,Sim
AL01688,36,Automação Industrial,Noturno,Presencial,Timbó,3084,9.8,91.6,3.8,29,92.1,6.9,7.6,Não,Sim,Não,7,6.7,Sim,Não
AL01689,27,desenv. sistemas,Matutino,Presencial,Brusque,3300,13.6,84.3,5.7,52,93.5,4.5,3.7,Sim,Sim,Não,10,7.3,Sim,Não
AL01690,16,Eletromecânica,Matutino,Híbrido,Timbó,1942,11.1,89.9,7.9,46,100,6.8,9.4,Sim,Não,Sim,8,8.4,Sim,Não
AL01691,28,Desenvolvimento de Sistemas,Matutino,Presencial,Brusque,2864,18.5,84,4.3,33,100,7.5,7.5,Sim,Não,Não,9,6.8,Sim,Não
AL01692,16,Desenvolvimento de Sistemas,Matutino,Presencial,Brusque,2959,0,85.8,5.3,12,86.5,7.8,7.6,Sim,Não,Sim,5,6.4,Sim,Não
AL01693,16,Desenvolvimento de Sistemas,Matutino,Presencial,Indaial,12001,5.6,90.9,6.8,40,98,6.9,23.6,Sim,Sim,Sim,9,7,Sim,Não
AL01694,32,Administração,Noturno,Presencial,Brusque,955,7.1,86.5,5.5,21,66.4,4.9,12.4,Não,Sim,Não,8,4.4,Não,Sim
AL01695,38,Automação Industrial,Matutino,Presencial,Indaial,2067,14.7,71.1,8.7,38,95.2,6.2,4.6,Não,Sim,Não,7,6.7,Não,Não
AL01696,24,Desenvolvimento de Sistemas,Noturno,Híbrido,Blumenau,1998,10.3,77.2,4.8,23,68.7,6.3,6.9,Não,Sim,Não,7,4.3,Não,Não
AL01697,26,Desenvolvimento de Sistemas,Matutino,Presencial,Brusque,3224,15.4,82.6,6.7,52,88.9,6.2,3.1,Sim,Sim,Sim,8,8.3,Sim,Não
AL01698,21,Automação Industrial,Matutino,Híbrido,Blumenau,5387,14,80.6,6.4,31,100,6.5,7.6,Sim,Não,Não,7,7.5,Sim,Não
AL01699,31,Automação Industrial,Noturno,Presencial,Indaial,3821,6.5,87.4,7.6,43,63.2,5.4,16.1,Sim,Sim,Não,10,7.2,Sim,Não
AL01700,16,Desenvolvimento de Sistemas,Matutino,Presencial,Pomerode,5579,7.3,100,7.4,38,71.2,8.1,7.4,Sim,Não,Não,7,7.2,Sim,Não
AL01701,24,Automação Industrial,Matutino,Presencial,Brusque,1879,12,100,7.2,28,70.4,6,2.6,Sim,Sim,Sim,5,5.6,Não,Não
AL01702,21,Desenvolvimento de Sistemas,Noturno,Híbrido,Gaspar,14000,14.2,80.3,7.7,22,99.2,8.6,7.8,Sim,Não,Não,7,6.7,Sim,Não
AL01703,34,Automação Industrial,Noturno,Presencial,Blumenau,3117,4.3,85.1,5.3,43,69.2,6.5,5.2,Sim,Sim,Não,6,6,Sim,Não
AL01704,21,Automação Industrial,Noturno,Presencial,Blumenau,2739,5.1,94.1,4,6,87.7,6.1,9.1,Sim,Sim,Não,8,6,Sim,Não
AL01705,26,Desenvolvimento de Sistemas,Noturno,Presencial,Brusque,6253,5.7,77.6,8.1,43,89.6,5.7,8.9,Sim,Sim,Não,8,6.1,Sim,Não
AL01706,29,Administração,Matutino,Presencial,Timbó,2746,7.6,77.8,6.9,44,100,5.4,9.3,Sim,Sim,Não,9,6.8,Sim,Não
AL01707,20,Eletromecânica,Matutino,Presencial,Brusque,1954,2.4,85.9,5.2,17,50.5,7.1,23.8,Sim,Sim,Não,8,3.5,Não,Não
AL01708,40,Automação Industrial,Matutino,Presencial,Indaial,1950,7.5,78.1,5.3,45,83.4,3.8,2.3,Não,Sim,Não,7,5.4,Não,Não
AL01709,28,Administração,Matutino,Presencial,Pomerode,4973,4.3,80.3,10,17,75.1,5.6,6.6,Sim,Sim,Sim,7,7.6,Sim,Sim
AL01710,20,Eletromecânica,Noturno,Presencial,Indaial,3954,0,78,5.7,43,73.6,8.1,12.8,Sim,Não,Não,10,5.4,Não,Não
AL01711,38,Desenvolvimento de Sistemas,Matutino,Presencial,Brusque,2272,13.2,83.7,4.6,43,93.9,6.6,3.4,Sim,Não,Sim,7,6.7,Sim,Não
AL01712,39,Desenvolvimento de Sistemas,Noturno,Presencial,Indaial,1533,5.1,77.4,9,29,43.5,5.4,2.2,Sim,Sim,Não,9,5.1,Não,Sim
AL01713,29,Desenvolvimento de Sistemas,Noturno,Presencial,Blumenau,2177,8.3,87.9,9.4,46,97,6.3,9,Não,Sim,Não,4,9,Sim,Não
AL01714,22,Automação Industrial,Matutino,Presencial,Brusque,3842,5.1,84.3,4.3,32,65,7.4,20.2,Sim,Não,Não,,3.9,Não,Não
AL01715,27,Automação Industrial,Noturno,Presencial,Gaspar,3774,9.7,89.4,7.9,28,91.1,7.1,6,Sim,Sim,Não,7,6.4,Sim,Não
AL01716,33,Desenvolvimento de Sistemas,Matutino,Presencial,Blumenau,5000,12.4,79.3,7.4,19,86.7,5.4,11.1,Sim,Sim,Não,8,6.8,Sim,Não
AL01717,24,Administração,Matutino,Presencial,Blumenau,4713,8,76.1,4.6,18,72.8,6,6.7,Sim,Sim,Não,7,4.9,Não,Não
AL01718,19,Eletromecânica,Matutino,Presencial,Brusque,1909,2.1,62.9,6.2,34,54.2,6,6.6,Sim,Sim,Sim,8,4.5,Não,Não
AL01719,24,Eletromecânica,Matutino,Presencial,Gaspar,4109,8.9,78.2,7.2,41,84.1,7.3,14.3,Sim,Sim,Sim,6,7.3,Sim,Não
AL01720,20,Administração,Matutino,Presencial,Indaial,4122,5.7,97.4,7.5,18,72.6,5.9,4.2,Sim,Sim,Não,7,6.1,Sim,Não
AL01721,18,Desenvolvimento de Sistemas,Matutino,Presencial,Indaial,2552,14.4,74.8,6.1,34,72.1,8.3,7.9,Sim,Não,Não,6,5,Não,Não
AL01722,22,Automação Industrial,Matutino,Híbrido,Indaial,3295,10.1,82.8,5.8,65,73.2,7,12.2,Sim,Sim,Não,5,5.3,Não,Sim
AL01723,27,Automação Industrial,Matutino,Presencial,Blumenau,1215,6.9,60.4,6.6,11,90.6,7.9,7.6,Sim,Sim,Não,7,6.3,Não,Sim
AL01724,16,Automação Industrial,Noturno,Presencial,Gaspar,3980,13.7,79.4,8,49,100,6.7,11.1,Sim,Sim,Não,7,9.2,Sim,Não
AL01725,26,Desenvolvimento de Sistemas,Matutino,Presencial,Gaspar,3692,8.5,81.1,5.8,15,80.5,7.1,30.1,Sim,Sim,Não,7,7.6,Sim,Não
AL01726,29,Automação Industrial,Matutino,Presencial,Blumenau,4644,4.9,93.5,7.1,30,96.1,8.5,5.6,Sim,Não,Sim,6,8,Sim,Não
AL01727,16,Eletromecânica,Noturno,Presencial,Blumenau,2774,14,86.9,6.8,36,95.8,6.4,4.6,Sim,Não,Não,5,8,Sim,Sim
AL01728,33,Automação Industrial,Matutino,Presencial,Timbó,2872,9.5,100,6.8,32,60.8,5.9,15.3,Sim,Sim,Não,6,6.3,Sim,Não
AL01729,33,Desenvolvimento de Sistemas,Matutino,Híbrido,Timbó,3534,8.3,93.5,7.4,36,77,5.9,8.6,Sim,Sim,Não,6,7.5,Sim,Sim
AL01730,29,Automação Industrial,Noturno,Presencial,Gaspar,1013,5.5,81.4,6.7,44,78.1,7,5.4,Sim,Sim,Não,6,5.3,Não,Não
AL01731,28,Administração,Matutino,Híbrido,Brusque,2597,17.3,90.2,8.4,57,100,6.9,27.4,Sim,Sim,Sim,9,9,Sim,Não
AL01732,33,Automação Industrial,Noturno,Presencial,Pomerode,2445,11.3,96.3,3.6,30,100,5.7,5,Não,Não,Não,7,6.9,Sim,Não
AL01733,27,Automação Industrial,Matutino,Presencial,Brusque,4800,10.8,83.9,5.4,38,92.9,6.7,11.6,Sim,Sim,Não,8,7.4,Sim,Não
AL01734,16,Administração,Noturno,Presencial,Brusque,2273,0,81.4,4.5,15,86.2,5.4,5.3,Sim,Sim,Não,,6.7,Sim,Não
AL01735,20,Automação Industrial,Noturno,Presencial,Blumenau,1902,10.6,95.8,6.9,36,65.9,6.4,4.4,Sim,Não,Não,6,7.3,Sim,Não
AL01736,21,Eletromecânica,Matutino,Híbrido,Blumenau,2915,5.8,80.6,6.6,27,100,6.4,12.2,SIM,Não,Sim,9,6.8,Sim,Não
AL01737,27,Automação Industrial,Matutino,Presencial,Brusque,1503,4,72.9,5.2,26,91,5.4,5.7,Sim,Sim,Não,8,5.7,Não,Não
AL01738,25,Administração,Matutino,Presencial,Timbó,4336,8.9,95,8,35,65.1,7,7.6,Sim,Sim,Não,7,6.3,Sim,Não
AL01739,16,Automação Industrial,Noturno,Presencial,Indaial,3649,11.3,81.4,7.1,28,95.6,8.8,3,Sim,Não,Não,7,6.1,Sim,Não
AL01740,16,Eletromecânica,Matutino,Presencial,Timbó,2553,8.8,90.4,7.5,31,100,4.6,2.6,Sim,Sim,Não,9,7,Sim,Não
AL01741,33,Administração,Noturno,Presencial,Blumenau,2441,5.3,99.3,5.4,31,59.7,7.3,10,Sim,Sim,Não,9,7,Sim,Não
AL01742,38,Eletromecânica,Matutino,Presencial,Timbó,2680,15.7,86.3,8.3,32,62.4,5.1,4.1,Sim,Sim,Não,9,7.1,Sim,Sim
AL01743,18,Eletromecânica,Noturno,Presencial,Indaial,3312,5,100,8.8,17,88.9,6.4,4,Sim,Sim,Não,9,7.9,Sim,Não
AL01744,38,Automação Industrial,Noturno,Presencial,Blumenau,4702,12.7,76.7,7.1,46,99.7,7.2,29.7,Sim,Sim,Não,9,7.9,Sim,Não
AL01745,39,Automação Industrial,Noturno,Presencial,Pomerode,3025,7.6,79.1,7.7,61,100,6,10.7,Sim,Sim,Não,10,6.9,Sim,Não
AL01746,17,Eletromecânica,Matutino,Presencial,Timbó,4462,2.1,88.9,7.3,51,59.4,7,4.5,Sim,Sim,Não,6,5.6,Não,Não
AL01747,31,Automação Industrial,Noturno,Presencial,Pomerode,1100,13.3,79.2,7.6,45,100,8,6.2,Sim,Não,Não,10,8,Sim,Não
AL01748,31,Automação Industrial,Matutino,Híbrido,Pomerode,3009,8.6,84.4,5.8,33,89.5,5.8,7.3,Sim,Sim,Sim,5,6.6,Sim,Não
AL01749,41,Eletromecânica,Noturno,Híbrido,Pomerode,1655,4.1,84.2,6.2,6,57.4,7.2,10.5,Sim,Sim,Não,7,4.1,Não,Não
AL01750,18,Desenvolvimento de Sistemas,Matutino,Híbrido,Brusque,4057,3.4,74.9,4.5,18,84.2,8.3,15,Sim,Sim,Sim,10,6.4,Não,Não
AL01751,26,Administração,Noturno,Presencial,Brusque,,4.5,69.4,5.8,21,100,5.5,12.3,Não,Sim,Não,7,5.8,Não,Não
AL01752,32,Eletromecânica,Noturno,Presencial,Timbó,4395,10.3,80.6,4.8,22,88.4,6.6,3.7,Sim,Sim,Sim,9,6.8,Sim,Não
AL01753,24,Automação Industrial,Noturno,Presencial,Gaspar,3508,10.3,92.5,8.2,35,70.4,6.5,7.8,Sim,Não,Não,7,7,Sim,Não
AL01754,26,Eletromecânica,Noturno,Presencial,Blumenau,900,12.7,85.3,4.2,54,100,5.6,13,Sim,Não,Não,8,6.9,Sim,Não
AL01755,26,Automação Industrial,Noturno,Presencial,Gaspar,4039,0,68.3,5.6,37,54,7.5,6.7,Sim,Sim,Não,6,4.4,Não,Não
AL01756,30,Desenvolvimento de Sistemas,Noturno,Presencial,Brusque,1616,2.4,78.1,7,45,94,6.2,1.9,Sim,Sim,Sim,10,6.7,Sim,Não
AL01757,36,Administração,Matutino,Presencial,Gaspar,1972,10.4,,6.1,20,100,6.2,15.4,Não,Não,Não,9,6.2,Sim,Não
AL01758,24,Desenvolvimento de Sistemas,Noturno,Híbrido,Timbó,5390,15.8,88.2,5.6,53,80.3,6.5,11.3,Sim,Sim,Não,8,5.7,Não,Não
AL01759,17,Automação Industrial,Noturno,Presencial,Indaial,1428,11.2,90.6,5,38,94.8,7.6,5,Sim,Não,Sim,8,7.2,Sim,Não
AL01760,21,Administração,Matutino,Presencial,Blumenau,3838,3.6,70.8,5.2,21,57.6,3.9,11.3,Sim,Não,Sim,6,4.3,Não,Não
AL01761,27,Eletromecânica,Matutino,Presencial,Timbó,2925,6.1,83.8,,32,86.1,4.5,6.8,Sim,Sim,Não,5,8.6,Sim,Não
AL01762,28,Administração,Matutino,Presencial,Pomerode,7622,7,,8.1,6,90.5,6.6,5.7,Sim,Sim,Não,8,7.5,Sim,Não
AL01763,45,Eletromecânica,Noturno,Presencial,Gaspar,2174,5.2,69.1,5.4,36,75.6,7.6,14.6,Sim,Sim,Não,4,6.6,Não,Sim
AL01764,26,Administração,Noturno,Presencial,Brusque,6396,8.3,98.6,6.9,19,76.5,5.3,3.2,Sim,Sim,Não,6,7.3,Sim,Não
AL01765,20,Eletromecânica,Matutino,Presencial,Timbó,4309,9.5,65.2,5.8,34,100,7.5,17.6,Não,Sim,Não,7,7.8,Não,Sim
AL01766,30,Administração,Noturno,Presencial,Timbó,6839,11.4,94.7,6.3,31,100,7.1,7.9,Sim,Não,Não,6,6.1,Sim,Não
AL01767,16,Administração,Noturno,Híbrido,Gaspar,2807,7.9,68,7.2,47,81.1,5.8,3.2,Sim,Sim,Não,9,5.9,Não,Não
AL01768,21,Automação Industrial,Matutino,Presencial,Blumenau,3530,6.6,76.2,5.9,38,99.2,8.4,11.3,Sim,Não,Não,7,7.6,Sim,Não
AL01769,26,Eletromecânica,Noturno,Presencial,Indaial,1896,4.9,62.2,5.1,29,100,6.8,3.1,Sim,Sim,Não,8,5.9,Não,Não
AL01770,17,Automação Industrial,Matutino,Presencial,Timbó,5943,7.5,92.6,10,24,93.5,7.8,2.8,Sim,Sim,Sim,3,8.7,Sim,Não
AL01771,23,Administração,Matutino,Híbrido,Brusque,4925,10.4,82.3,7.1,40,63.5,5.6,9.5,Sim,Sim,Não,10,5.4,Não,Não
AL01772,29,Desenvolvimento de Sistemas,Noturno,Presencial,Pomerode,4279,12.2,80.3,7.5,34,100,6.3,5.9,Sim,Não,Não,8,8,Sim,Não
AL01773,22,Desenvolvimento de Sistemas,Matutino,Presencial,Gaspar,9799,10.5,98.2,7,45,80.1,6.7,6.2,Sim,Sim,Não,10,6.8,Sim,Não
AL01774,32,Automação Industrial,Noturno,Presencial,Pomerode,2469,16.5,83.1,6,59,89,7.8,9.8,Não,Não,Não,1,7.2,Sim,Não
AL01775,30,Automação Industrial,Matutino,Híbrido,Indaial,7647,2.6,91,7.3,36,55.2,8.9,4.6,Sim,Sim,Sim,7,7.2,Sim,Não
AL01776,28,Administração,Matutino,Presencial,Blumenau,3151,9.8,80.7,8.1,26,90.7,3.5,16.8,Sim,Sim,Sim,8,8.1,Sim,Não
AL01777,48,Automação Industrial,Noturno,Presencial,Timbó,2332,6.7,68.5,5.7,43,66,6.5,5.1,Sim,Sim,Não,9,5.3,Não,Não
AL01778,16,Eletromecânica,Noturno,Híbrido,Blumenau,3505,3.3,100,5.3,14,77.8,22,12.6,Sim,Sim,Não,7,6.1,Sim,Não
AL01779,27,Eletromecânica,Matutino,Presencial,Indaial,1614,16.4,77.9,4.5,64,100,6.3,4.9,Sim,Sim,Não,7,6.5,Sim,Sim
AL01780,22,Automação Industrial,Matutino,Presencial,Blumenau,1135,9.5,90.3,10,4,89.7,6,19.3,Sim,Não,Não,3,7.5,Sim,Não
AL01781,24,Desenvolvimento de Sistemas,Noturno,Presencial,Brusque,1558,10.8,78.7,6.2,39,80.5,5.2,17.6,Não,Sim,Sim,7,5.4,Não,Não
AL01782,16,Eletromecânica,Noturno,Presencial,Blumenau,1248,9.6,73.1,6.2,34,78.6,9.3,12.8,Sim,Não,Não,7,6.2,Não,Não
AL01783,31,Eletromecânica,Matutino,Presencial,Pomerode,4242,0,81.3,3,26,84,7.8,2.1,Sim,Sim,Sim,8,4.8,Não,Sim
AL01784,24,Eletromecânica,Noturno,Presencial,Brusque,2241,13,84,6.8,36,70.2,6.5,3.8,Não,Não,Sim,8,6.6,Sim,Não
AL01785,24,Eletromecânica,Matutino,Presencial,Brusque,2607,13.9,100,8.9,60,78,9.5,7.4,Sim,Não,Não,6,8,Sim,Não
AL01786,38,Automação Industrial,Matutino,Presencial,Gaspar,1245,9.4,66.5,6.2,51,87.7,5.3,3.1,Não,Sim,Não,7,4.9,Não,Sim
AL01787,17,Administração,Noturno,Presencial,Gaspar,2658,13.6,77.3,6.4,67,97.1,7.4,15.3,Sim,Não,Não,8,6.7,Sim,Não
AL01788,18,Administração,Noturno,Híbrido,Timbó,3415,12.6,85.6,5.9,15,100,7.1,12.5,Sim,Não,Não,5,9.4,Sim,Não
AL01789,31,Eletromecânica,Noturno,Presencial,Gaspar,3180,7.6,81.4,8.2,23,94.6,4.9,2.5,Sim,Sim,Não,7,6.2,Sim,Não
AL01790,37,Automação Industrial,Matutino,Presencial,Blumenau,3447,14.6,90.7,5.9,52,100,5.5,9.4,Sim,Não,Não,8,6.7,Sim,Não
AL01791,38,Administração,Noturno,Presencial,Brusque,2768,6.9,87.7,8.6,31,91.8,8.2,7.4,Sim,Sim,Não,6,8.4,Sim,Não
AL01792,40,Automação Industrial,Noturno,Presencial,Pomerode,2041,12.4,69.1,4.3,38,100,6.8,5.6,Sim,Não,Não,7,5.4,Não,Não
AL01793,42,Automação Industrial,Noturno,Presencial,Gaspar,2541,6.6,84.2,8.1,27,97.3,6.8,5.3,Sim,Sim,Sim,8,6.4,Sim,Não
AL01794,27,Desenvolvimento de Sistemas,Noturno,Presencial,Timbó,2843,13,85.7,4.5,21,79.3,6.4,1.4,Sim,Sim,Não,6,6.2,Sim,Sim
AL01795,16,Automação Industrial,Matutino,Presencial,Timbó,2801,14.6,84.1,6.7,45,83.5,6.5,4.7,Não,Sim,Não,6,7.6,Sim,Não
AL01796,16,Automação Industrial,Noturno,Presencial,Timbó,5144,6.6,81.5,,33,57.6,8.7,11.1,Sim,Sim,Não,6,6.4,Sim,Não
AL01797,19,Automação Industrial,Matutino,Presencial,Blumenau,6101,3.2,72.8,7.2,24,96.3,5.4,3.3,Sim,Sim,Não,6,7.3,Não,Não
AL01798,20,Administração,Noturno,Presencial,Blumenau,3119,15.7,88.5,6.9,29,100,7.9,5.4,Sim,Não,Não,7,9.2,Sim,Sim
AL01799,35,Administração,Matutino,Presencial,Gaspar,1570,9.6,79.7,5.2,23,100,6.7,2.2,Não,Não,Não,8,6.5,Sim,Não
AL01800,25,Automação Industrial,Matutino,Presencial,Timbó,3292,16.5,83.5,5.6,39,76.4,9.9,5.9,Sim,Não,Não,6,7.2,Sim,Não
AL01801,24,Automação Industrial,Noturno,Presencial,Pomerode,2292,9.8,85.2,5,23,100,7.5,5.5,Sim,Sim,Sim,7,6.9,Sim,Não
AL01802,18,Desenvolvimento de Sistemas,Matutino,Presencial,Pomerode,2456,15.4,73.8,5.5,53,95.5,7.1,3.1,Sim,Não,Não,7,6.2,Não,Sim
AL01803,19,Administração,Noturno,Presencial,Indaial,2527,8.2,64.8,7.8,47,62.6,7.9,8.1,Não,Não,Não,8,5.3,Não,Sim
AL01804,22,Desenvolvimento de Sistemas,Noturno,Presencial,Timbó,1790,2.2,72.1,2.6,23,52.6,6.1,14.5,Não,Sim,Não,5,3.3,Não,Não
AL01805,43,Eletromecânica,Matutino,Presencial,Blumenau,2655,11.6,79.8,9.3,46,100,5.7,6.5,Sim,Não,Sim,9,8.8,Sim,Não
AL01806,19,Desenvolvimento de Sistemas,Matutino,Híbrido,Pomerode,1364,15.9,84.5,4.7,28,100,7.9,6.8,Não,Não,Não,7,7.2,Sim,Sim
AL01807,21,Automação Industrial,Matutino,Presencial,Blumenau,1285,12.2,62.9,4.1,41,95.4,6.8,55,Sim,Não,Não,7,5.4,Não,Sim
AL01808,16,Desenvolvimento de Sistemas,Matutino,Híbrido,Gaspar,4220,2.6,71.5,5.9,26,61,6.2,13.4,Sim,Não,Não,8,3.7,Não,Não
AL01809,27,Desenvolvimento de Sistemas,Matutino,Presencial,Timbó,2899,7.6,80.1,6,24,80.3,6.6,5,Não,Sim,Não,6,5,Não,Não
AL01810,16,Administração,Matutino,Presencial,Pomerode,2273,0.7,95.8,7.1,37,63.9,9,8.4,Sim,Não,Não,5,5.7,Não,Sim
AL01811,23,Desenvolvimento de Sistemas,Noturno,Presencial,Pomerode,2730,8.9,84.2,5.5,27,73.5,6.9,7,Sim,Sim,Não,6,7,Sim,Não
AL01812,32,Desenvolvimento de Sistemas,Matutino,Presencial,Brusque,6312,14.6,76,7,37,100,4,9.2,Sim,Sim,Não,7,7.5,Sim,Não
AL01813,24,Automação Industrial,Noturno,Híbrido,Gaspar,4452,15.2,80.8,8.8,46,100,6.1,9.5,Sim,Sim,Não,8,8.3,Sim,Não
AL01814,28,Desenvolvimento de Sistemas,Matutino,Presencial,Brusque,3580,6.3,97.1,8.2,21,100,6,5.5,Não,Sim,Não,9,8,Sim,Não
AL01815,26,Eletromecânica,Matutino,Presencial,Timbó,1876,11.7,95.9,8,25,100,5.3,15.2,Não,Sim,Sim,7,7.6,Sim,Não
AL01816,36,Administração,Matutino,Presencial,Gaspar,1951,3,100,7.3,18,100,6,43.7,Sim,Sim,Sim,8,7.6,Sim,Não
AL01817,16,Eletromecânica,Noturno,Presencial,Blumenau,2755,5.9,62.3,5,43,87.3,6.1,2.2,Sim,Sim,Não,5,5.6,Não,Sim
AL01818,16,Automação Industrial,Noturno,Presencial,Timbó,4900,8.2,94.5,7.2,38,100,6.6,44,Sim,Não,Sim,5,8,Sim,Sim
AL01819,19,Eletromecânica,Noturno,Presencial,Pomerode,4309,9.7,74.6,6.4,21,85.2,8.1,10.1,Sim,Não,Não,5,5.7,Não,Sim
AL01820,28,Desenvolvimento de Sistemas,Matutino,Presencial,Pomerode,3811,4.9,89.5,5.2,38,96.8,6.6,5.6,Sim,Sim,Não,7,5.8,Não,Não
AL01821,16,Desenvolvimento de Sistemas,Matutino,Presencial,Timbó,2375,3.2,72.6,7.5,32,53.3,9.2,4.1,Sim,Não,Não,4,5.2,Não,Sim
AL01822,23,Automação Industrial,Noturno,Híbrido,Timbó,4516,4.5,88.2,7.1,27,64,7.6,9.3,Sim,Sim,Não,6,5.4,Não,Não
AL01823,34,Administração,Matutino,Presencial,Indaial,3960,9.1,82.6,7.1,48,100,6.1,3.3,Sim,Sim,Sim,3,7.4,Sim,Não
AL01824,18,Eletromecânica,Matutino,Presencial,Brusque,1738,10.4,83.1,4.2,55,100,5.5,11.2,Sim,Sim,Sim,6,6.6,Sim,Sim
AL01825,28,Automação Industrial,Noturno,Híbrido,Blumenau,3114,16,82.6,7.2,57,100,7.1,9,Sim,Sim,Não,7,8.7,Sim,Não
AL01826,32,Administração,Matutino,Presencial,Pomerode,10039,7.2,90.7,6.1,28,100,5.4,1.8,Sim,Sim,Não,8,7.7,Sim,Não
AL01827,22,Desenvolvimento de Sistemas,Matutino,Presencial,Blumenau,6546,5.7,81.5,3.5,31,81.6,6.4,3.9,Sim,Não,Não,10,5.6,Não,Sim
AL01828,38,Eletromecânica,Noturno,Presencial,Gaspar,6012,11.6,,5.3,43,98.2,6.6,3.1,Não,Sim,Não,8,6.1,Sim,Não
AL01829,31,Desenvolvimento de Sistemas,Noturno,Presencial,Blumenau,6354,9.9,79.7,7.5,49,93.1,7.4,8.4,Sim,Sim,Não,8,7.8,Sim,Não
AL01830,20,Administração,Noturno,Presencial,Gaspar,3351,12.4,77,6.2,54,77.5,7.4,19.5,Não,Não,Não,7,7.4,Sim,Não
AL01831,25,Desenvolvimento de Sistemas,Matutino,Presencial,Timbó,1905,13.3,86.2,4.9,27,100,6.3,14.4,Sim,Sim,Sim,8,6.4,Sim,Não
AL01832,39,Desenvolvimento de Sistemas,Matutino,Presencial,Gaspar,3758,9.9,100,10,37,100,7.8,3.7,Sim,Não,Não,7,10,Sim,Não
AL01833,41,Desenvolvimento de Sistemas,Noturno,Híbrido,Indaial,1583,0.2,94.4,2.3,20,100,5.4,6,Não,Sim,Não,7,4.4,Não,Sim
AL01834,16,Eletromecânica,Noturno,Híbrido,Timbó,,5.4,92.3,5.1,21,80.7,5.6,2.7,Sim,Sim,Sim,5,8,Sim,Não
AL01835,33,Desenvolvimento de Sistemas,Matutino,Presencial,Pomerode,10276,10.4,95.5,7.1,37,73.1,7.1,6.9,Sim,Sim,Não,6,6.3,Sim,Não
AL01836,32,Eletromecânica,Noturno,Presencial,Brusque,2795,3.6,78.4,6.8,24,54.8,6.7,6.5,Não,Sim,Não,5,5.6,Não,Sim
AL01837,31,Eletromecânica,Noturno,Presencial,Blumenau,6259,7.5,86.8,7.9,36,85.9,6.4,6.1,Sim,Não,Não,6,7.2,Sim,Não
AL01838,27,Eletromecânica,Noturno,Híbrido,Timbó,3351,13.7,79.7,7.6,21,100,5.7,14,Sim,Sim,Não,9,7.4,Sim,Sim
AL01839,16,Desenvolvimento de Sistemas,Noturno,Presencial,Brusque,3254,8,77.5,6.8,1,100,5.6,4.1,Sim,Sim,Não,7,6.7,Sim,Não
AL01840,32,Automação Industrial,Matutino,Presencial,Indaial,1335,10.6,73.8,5.4,39,69.6,8.4,7.5,Sim,Sim,Não,10,6.6,Não,Não
AL01841,23,Eletromecânica,Noturno,Híbrido,Pomerode,4828,6.3,94.6,5.7,18,89.3,6.4,4,Sim,Sim,Sim,6,8.1,Sim,Não
AL01842,27,Automação Industrial,noturno ,Presencial,Gaspar,1405,10,94.6,6.2,62,99.8,7.7,7.1,Sim,Não,Não,8,8.2,Sim,Não
AL01843,19,Administração,Noturno,Hibrido,Indaial,10303,6.9,98.5,6.3,22,84.4,7.9,10.5,Sim,Não,Não,8,6.2,Sim,Não
AL01844,27,Administração,Matutino,Presencial,Indaial,2624,0,91.1,6.4,16,86.4,7.2,4.9,Sim,Não,Não,9,6.3,Sim,Não
AL01845,26,Automação Industrial,Noturno,Presencial,Blumenau,5010,0.8,79.6,8.7,41,76.8,7.3,6.1,Sim,Sim,Não,8,7.9,Sim,Não
AL01846,29,Eletromecânica,Noturno,Presencial,Timbó,3706,9.1,93.2,7.9,27,87.2,6.7,6.4,Sim,Não,Não,7,6.8,Sim,Não
AL01847,24,Administração,Matutino,Presencial,Pomerode,1756,7.3,94,4.2,44,70.3,5.5,6.6,Não,Não,Não,9,5,Não,Sim
AL01848,23,Administração,Noturno,Presencial,Gaspar,1768,0,87.3,9.6,24,78.4,8,6.1,Sim,Sim,Não,7,6.8,Sim,Não
AL01849,17,Automação Industrial,Matutino,Presencial,Blumenau,6454,15.9,94.7,5,71,81.5,7.6,8.2,Sim,Não,Não,9,7.7,Sim,Não
AL01850,29,Desenvolvimento de Sistemas,Matutino,Presencial,Blumenau,7582,12.3,72.8,5.6,12,82.1,7.4,2.6,Sim,Sim,Não,8,5.4,Não,Não
AL01851,39,Automação Industrial,Matutino,Presencial,Indaial,2101,10.7,80.1,7.7,30,92.3,5.4,5.8,Não,Sim,Não,6,7.4,Sim,Não
AL01852,22,Automação Industrial,Noturno,Presencial,Pomerode,4177,2.1,83.2,6.3,7,64.4,5.6,8.2,Não,Sim,Não,7,3.7,Não,Não
AL01853,32,Eletromecânica,Matutino,Híbrido,Indaial,2790,8.3,88,6,24,86.4,9.3,12.7,Não,Sim,Não,9,6.4,Sim,Sim
AL01854,16,Administração,Matutino,Presencial,Gaspar,1617,9.8,68.3,7.9,30,66,6.6,3.6,Sim,Sim,Não,6,6.4,Não,Não
AL01855,27,Eletromecânica,Noturno,Presencial,Brusque,3706,0,100,6.4,25,80.8,7.8,4.4,Sim,Não,Não,7,7.6,Sim,Não
AL01856,23,Eletromecânica,Matutino,Presencial,Blumenau,2523,3.8,92.2,8.9,6,86.6,6.3,5.7,Sim,Sim,Não,8,7.9,Sim,Não
AL01857,27,Desenvolvimento de Sistemas,Matutino,Híbrido,Indaial,2362,12.5,95,8.7,35,96,7.1,19.3,Sim,Sim,Não,9,7.5,Sim,Não
AL01858,16,Eletromecânica,Matutino,Presencial,Timbó,1639,6.6,60.5,7.8,39,71.8,5.1,7,Sim,Não,Não,7,5,Não,Não
AL01859,16,Automação Industrial,Matutino,Híbrido,Blumenau,1654,6.6,84,6.7,40,60.2,5.4,11.3,Não,Sim,Não,7,6.1,Sim,Não
AL01860,44,Eletromecânica,Noturno,Híbrido,Timbó,2420,4.7,100,5.2,51,73.2,6.5,22.1,Sim,Sim,Sim,8,6.4,Sim,Não
AL01861,19,Eletromecânica,Noturno,Presencial,Gaspar,2918,8.6,93.2,5.2,35,92.4,7.3,13.5,Sim,Sim,Não,6,6,Sim,Sim
AL01862,22,Eletromecânica,Noturno,Presencial,Pomerode,7314,9.7,86.4,5.8,43,100,7.8,9.3,Sim,Sim,Não,5,6.6,Sim,Não
AL01863,42,Eletromecânica,Noturno,Presencial,Blumenau,4201,7.9,92.4,4,25,84.3,7.3,2.6,Sim,Sim,Sim,9,7,Sim,Sim
AL01864,16,Automação Industrial,Noturno,Presencial,Blumenau,3942,5.9,67.9,6.2,25,72.8,7.2,10.5,Sim,Sim,Não,6,5.7,Não,Não
AL01865,28,Administração,Noturno,Presencial,Brusque,2625,9.3,94.7,6,24,98.4,8.5,4.6,Sim,Sim,Sim,6,8.2,Sim,Não
AL01866,32,Eletromecânica,Noturno,Presencial,Timbó,6248,5.7,68.8,5,36,80.9,7.2,2,Sim,Sim,Não,7,5.6,Não,Não
AL01867,22,Administração,Matutino,Presencial,Blumenau,4410,13.4,74.1,6.5,27,83,6,8.5,Sim,Sim,Não,7,6.1,Não,Não
AL01868,23,Desenvolvimento de Sistemas,Matutino,Presencial,Pomerode,2166,9.1,73,10,26,100,5.8,9.4,Sim,Sim,Não,6,8.3,Não,Sim
AL01869,24,Automação Industrial,Matutino,Presencial,Timbó,4466,7.4,76.8,6.4,45,100,7.7,3.6,Sim,Sim,Não,9,7.6,Sim,Sim
AL01870,30,Eletromecânica,Matutino,Híbrido,Timbó,1733,8.1,74.6,7.1,24,100,5.6,2.1,Sim,Sim,Sim,6,7.3,Não,Não
AL01871,31,Eletromecânica,Noturno,Presencial,Indaial,1932,9.8,68.2,8,28,82.7,5.6,4.1,Sim,Sim,Não,8,7.2,Não,Sim
AL01872,30,Automação Industrial,Matutino,Híbrido,Gaspar,2455,13.7,83.8,5.2,36,100,6.5,5.6,Sim,Sim,Não,4,7.9,Sim,Não
AL01873,17,Desenvolvimento de Sistemas,Matutino,Presencial,Brusque,2917,5.6,89.9,6.1,8,69.9,6.6,22.6,Sim,Não,Não,6,4.3,Não,Não
AL01874,28,Desenvolvimento de Sistemas,Matutino,Presencial,Timbó,4503,7.7,86.9,6.4,39,100,4.3,13.7,Sim,Sim,Sim,9,7.1,Sim,Não
AL01875,18,Desenvolvimento de Sistemas,Noturno,Presencial,Brusque,5264,9.5,90,4.4,31,74.1,7.4,5.2,Sim,Não,Não,4,5.7,Não,Não
AL01876,20,Automação Industrial,Matutino,Presencial,Gaspar,3452,7.3,86.6,,40,99.6,6.4,6.4,Sim,Sim,Não,3,6.7,Sim,Sim
AL01877,26,Automação Industrial,Matutino,Presencial,Pomerode,3244,7.2,63.8,7.2,36,85.4,6.5,3,Sim,Não,Não,7,5.4,Não,Sim
AL01878,24,Automação Industrial,Matutino,Presencial,Timbó,1140,10.2,86.2,7.4,12,100,7.6,2.4,Sim,Não,Não,10,8.2,Sim,Não
AL01879,28,Eletromecânica,Matutino,Presencial,Brusque,3080,9.4,74,7.9,55,87.7,6.8,8.8,Sim,Sim,Sim,7,6.8,Não,Não
AL01880,22,Eletromecânica,Matutino,Híbrido,Gaspar,1006,8.7,59.7,7.4,43,100,5.6,18.3,Sim,Não,Não,9,6.7,Não,Sim
AL01881,28,Automação Industrial,Matutino,Presencial,Brusque,1357,16.3,,4.3,25,100,8,3.1,Sim,Não,Sim,6,6.8,Sim,Sim
AL01882,16,Automação Industrial,Matutino,Presencial,Gaspar,5519,17.6,89.8,7.8,55,100,6,9.8,Sim,Não,Sim,7,9.2,Sim,Não
AL01883,38,Automação Industrial,Matutino,Presencial,Blumenau,7206,4.6,85,9,22,66.4,6.5,5,Sim,Sim,Não,5,6.8,Sim,Não
AL01884,16,Automação Industrial,Matutino,Presencial,Gaspar,2098,3.3,77.2,2,17,53.7,6.8,11.6,Não,Sim,Não,9,2,Não,Não
AL01885,21,Desenvolvimento de Sistemas,Matutino,Híbrido,Blumenau,900,6.1,84,6.5,36,84,6.2,2.6,Sim,Sim,Não,5,7,Sim,Não
AL01886,42,Desenvolvimento de Sistemas,Matutino,Presencial,Gaspar,1634,7.2,89.2,5.7,25,92.4,4,5.6,Sim,Sim,Não,4,6.5,Sim,Não
AL01887,29,Eletromecânica,Matutino,Presencial,Brusque,1677,14.5,99.3,6,43,82,6.6,17.6,Não,Não,Não,7,6.9,Sim,Não
AL01888,32,Desenvolvimento de Sistemas,Matutino,Presencial,Timbó,4251,8.4,86.3,5.5,36,100,6.3,7.4,Sim,Sim,Não,6,7.9,Sim,Não
AL01889,20,Automação Industrial,Matutino,Presencial,Brusque,1856,13.6,78.7,6.7,38,95.1,6.1,2,Não,Sim,Sim,7,6.3,Sim,Não
AL01890,21,Administração,Matutino,Presencial,Pomerode,5833,8.9,71.8,6.1,35,75.6,6.7,16.7,Sim,Sim,Sim,8,6.5,Não,Não
AL01891,22,Desenvolvimento de Sistemas,Noturno,Presencial,Timbó,1964,11.8,66.5,8.9,30,76.3,6.5,4.7,Sim,Sim,Não,8,6.3,Não,Sim
AL01892,23,Eletromecânica,Matutino,Híbrido,Brusque,2658,14.8,97,5.1,41,100,8.9,6.7,Sim,Não,Não,7,7.2,Sim,Não
AL01893,43,Automação Industrial,Noturno,Presencial,Pomerode,4451,4.6,72.3,4.9,20,81.7,6,5.6,Sim,Sim,Não,7,6,Não,Não
AL01894,46,Desenvolvimento de Sistemas,Noturno,Presencial,Blumenau,900,7.3,85.9,6.4,49,58.6,6.6,5.3,Sim,Sim,Não,7,6,Sim,Não
AL01895,30,Automação Industrial,Noturno,Presencial,Brusque,4906,8.6,74.2,7,16,65.2,8.3,26.9,Sim,Sim,Não,5,6.1,Não,Não
AL01896,21,Desenvolvimento de Sistemas,Matutino,Presencial,Gaspar,2821,5.4,75,6,28,77.5,8,4.7,Sim,Não,Sim,6,6.3,Sim,Sim
AL01897,24,Automação Industrial,Matutino,Híbrido,Indaial,2739,6.9,93.2,2.9,28,98.4,7.3,5.6,Não,Não,Sim,6,6.1,Sim,Não
AL01898,21,Desenvolvimento de Sistemas,Matutino,Presencial,Timbó,3842,7.9,95.6,6.8,31,59.6,6.6,10.7,Não,Não,Sim,8,6.4,Sim,Não
AL01899,16,Desenvolvimento de Sistemas,Matutino,Presencial,Gaspar,4350,13.2,72.7,7.7,40,64.7,7.5,7.2,Não,Não,Não,9,5,Não,Não
AL01900,16,desenv. sistemas,Noturno,Presencial,Indaial,2872,14.1,89.3,3.9,50,98,6.4,2.6,Sim,Não,Não,7,6.9,Sim,Não
AL01901,37,Eletromecânica,Noturno,Presencial,Brusque,1689,8.7,85,6.9,50,84.2,6.4,8.3,Sim,Não,Não,6,6,Sim,Não
AL01902,30,Automação Industrial,Noturno,Presencial,Indaial,900,4.7,74.7,6.3,23,67.8,7.7,12.2,Sim,Sim,Sim,5,6.4,Não,Não
AL01903,32,Eletromecânica,Matutino,Híbrido,Brusque,3849,6.8,76.6,7.8,34,79.6,7.6,19.5,Sim,Sim,Não,8,5,Não,Não
AL01904,16,Eletromecânica,Matutino,Presencial,Brusque,2677,6.3,80.2,5.8,53,46.2,5.1,6.1,Não,Sim,Não,8,5.2,Não,Não
AL01905,37,Administração,Matutino,Presencial,Pomerode,7244,1.3,86.6,3.7,26,76,6.2,3.3,Sim,Sim,Não,9,3.5,Não,Não
AL01906,21,Automação Industrial,Noturno,Presencial,Blumenau,900,6.7,97.7,5.7,36,85.8,8.7,18.6,Não,Sim,Não,6,7,Sim,Não
AL01907,25,Desenvolvimento de Sistemas,Matutino,Híbrido,Gaspar,2956,5.8,80.5,8,43,47.2,6.5,4,Sim,Sim,Não,5,6.3,Sim,Não
AL01908,16,Administração,Noturno,Presencial,Pomerode,6648,7.9,69.5,6.6,29,100,7.4,7,Sim,Sim,Sim,9,6,Não,Não
AL01909,28,Desenvolvimento de Sistemas,Noturno,Presencial,Brusque,2201,14.8,90,6.6,47,100,7.6,4.9,Sim,Não,Sim,7,8,Sim,Não
AL01910,21,Eletromecânica,Matutino,Presencial,Blumenau,966,3.9,88.8,5.2,23,82,5.7,10.7,Sim,Sim,Sim,7,7,Sim,Não
AL01911,17,Automação Industrial,Matutino,Híbrido,Timbó,1968,3.6,83.4,6.6,53,54.8,6,5.7,Sim,Sim,Sim,7,6.6,Sim,Sim
AL01912,25,Administração,Noturno,Presencial,Gaspar,6290,8.4,74,6.9,25,91.5,7.4,2.4,Sim,Não,Não,7,6.7,Não,Não
AL01913,16,Desenvolvimento de Sistemas,Matutino,Presencial,Timbó,3054,10.1,91.3,7.6,33,100,5.3,6.5,Sim,Não,Sim,5,7.2,Sim,Não
AL01914,27,Eletromecânica,Matutino,Híbrido,Gaspar,2688,7.7,91.3,7.4,44,100,7.7,5.3,Não,Sim,Não,10,5.8,Não,Não
AL01915,16,Automação Industrial,Matutino,Presencial,Brusque,3532,17.2,93.7,7.1,37,96.7,6.7,10.6,Sim,Não,Não,4,8,Sim,Sim
AL01916,24,Eletromecânica,Noturno,Híbrido,Gaspar,8254,5.7,65.7,4.5,29,87.6,5.1,10.6,Sim,Sim,Não,4,5.6,Não,Não
AL01917,16,Eletromecânica,Noturno,Presencial,Brusque,1317,13.9,77,4.7,42,86.8,7.1,6.9,Sim,Não,Não,6,5.5,Não,Não
AL01918,27,Administração,Noturno,Presencial,Brusque,2770,5.6,85.4,5.5,53,90,6.3,3.5,Sim,Sim,Não,8,6.1,Sim,Não
AL01919,16,Administração,Matutino,Presencial,Pomerode,6329,10.6,91,5.7,24,100,4.1,2.3,Sim,Sim,Não,5,5.8,Não,Não
AL01920,19,Desenvolvimento de Sistemas,Matutino,Presencial,Blumenau,7241,5.7,88.8,7.4,24,86.1,8.4,12.7,Sim,Não,Não,8,6,Sim,Não
AL01921,28,Automação Industrial,Matutino,Presencial,Gaspar,2429,9.7,86.6,3.9,19,100,4.8,2.6,Sim,Não,Não,4,6.1,Sim,Sim
AL01922,17,Eletromecânica,Noturno,Híbrido,Brusque,5040,8.9,88.5,5.7,26,83.2,7.5,8.2,Sim,Não,Sim,6,7.2,Sim,Não
AL01923,19,Administração,Noturno,Presencial,Indaial,3400,2.5,61.9,7.3,15,71.3,8.8,9.2,Sim,Sim,Não,7,6.1,Não,Sim
AL01924,30,Administração,Noturno,Presencial,Gaspar,2557,12.2,81.4,8.1,37,100,6.3,9.9,Sim,Não,Não,8,8.2,Sim,Não
AL01925,24,Desenvolvimento de Sistemas,Matutino,Presencial,Brusque,2264,11,86.7,5.4,41,84,6.4,5.1,Não,Sim,Não,4,6.3,Sim,Não
AL01926,30,Automação Industrial,Noturno,Presencial,Timbó,1885,14.9,76.5,6.3,40,100,4.6,16.9,Sim,Sim,Não,8,6,Sim,Não
AL01927,35,Eletromecânica,Matutino,Presencial,Timbó,1819,13.1,88.9,3.3,68,100,8.6,15.6,Sim,Não,Não,5,5.9,Não,Não
AL01928,18,Administração,Noturno,Presencial,Gaspar,3802,13.2,83.3,6.3,45,97.9,8.3,9.4,Não,Não,Não,8,8.2,Sim,Sim
AL01929,21,Automação Industrial,Matutino,Presencial,Brusque,4855,7.5,82,5.6,20,63.7,7.1,4,Sim,Não,Não,6,5.7,Não,Não
AL01930,18,Administração,Matutino,Presencial,Brusque,1411,13.8,90.3,3.6,39,99,8.1,4.8,Sim,Não,Não,5,6.3,Sim,Não
AL01931,29,Eletromecânica,Matutino,Presencial,Brusque,5456,10.3,93.8,6.2,42,67.2,7.8,6.6,Sim,Sim,Não,5,5.5,Não,Sim
AL01932,35,Eletromecânica,Matutino,Presencial,Timbó,900,10.5,88.3,5.9,30,84.4,9,4.6,Sim,Não,Não,5,6.9,Sim,Sim
AL01933,21,Desenvolvimento de Sistemas,Noturno,Presencial,Pomerode,2034,4.2,84.4,7.3,34,96.5,8.3,2.2,Sim,Não,Sim,6,7.6,Sim,Não
AL01934,32,Desenvolvimento de Sistemas,Matutino,Presencial,Brusque,1607,2.9,78.6,6.9,30,79.2,7.8,7.9,Sim,Sim,Sim,8,6.6,Sim,Não
AL01935,25,Administração,Noturno,Presencial,Gaspar,5223,5.5,76,8.2,5,70.3,8.6,12.1,Sim,Sim,Não,9,5.6,Não,Não
AL01936,20,Administração,Matutino,Presencial,Indaial,3449,11.2,86.1,5.1,46,82,8,4.8,Sim,Sim,Não,6,6.3,Sim,Não
AL01937,18,Automação Industrial,Noturno,Presencial,Gaspar,2955,14.1,67.3,4.8,27,100,6.7,15.2,Sim,Não,Sim,8,6.1,Não,Não
AL01938,34,Eletromecânica,Noturno,Presencial,Brusque,2071,6.3,86.1,6.1,34,100,7.6,3.8,Sim,Não,Sim,8,5.9,Não,Não
AL01939,16,Eletromecânica,Noturno,Presencial,Blumenau,2764,0.2,70.5,6.9,32,76.6,7.1,12,Sim,Sim,Não,10,5.2,Não,Sim
AL01940,32,Administração,Matutino,Presencial,Blumenau,2051,9.9,87.9,5.5,34,86.8,5.9,4.4,Não,Sim,Não,7,6.4,Sim,Não
AL01941,29,Automação Industrial,Matutino,Presencial,Timbó,7936,5.9,87.1,5.3,24,85.1,7.6,4.5,Sim,Sim,Não,8,6.4,Sim,Não
AL01942,18,Desenvolvimento de Sistemas,Noturno,Híbrido,Brusque,1971,9.1,92.7,9.2,27,100,6.4,5.4,Sim,Não,Sim,9,8.9,Sim,Não
AL01943,18,Automação Industrial,Noturno,Presencial,Brusque,3125,4.3,79.9,5.9,50,85.6,6.5,7.9,Sim,Sim,Não,7,5.5,Não,Não
AL01944,30,Eletromecânica,Noturno,Híbrido,Blumenau,4405,6.5,91.9,5.3,26,100,6.7,27.1,Sim,Não,Sim,7,7.8,Sim,Não
AL01945,16,Desenvolvimento de Sistemas,Matutino,Presencial,Timbó,4035,9,69.5,3.7,22,83,5.2,21.6,Sim,Sim,Não,7,6.2,Não,Não
AL01946,16,Administração,Matutino,Híbrido,Gaspar,1240,9.7,88.7,5.2,38,77.3,6.9,2.6,Sim,nao,Sim,6,7.3,Sim,Não
AL01947,16,Automação Industrial,Noturno,Híbrido,Gaspar,2405,13.1,86.6,8.3,45,100,6.7,8,Sim,Não,Não,7,8.3,Sim,Não
AL01948,16,Administração,Matutino,Presencial,Blumenau,1022,16.6,88.5,6.3,51,83.2,5.5,6,Sim,Não,Não,8,6.1,Sim,Não
AL01949,22,Automação Industrial,Noturno,Presencial,Pomerode,1242,8.7,,3.1,33,95.4,5.3,33.6,Não,Sim,Sim,9,5.1,Não,Não
AL01950,25,Administração,Noturno,Presencial,Indaial,2497,3.1,65.5,6.1,41,88.3,7.2,5,Sim,Sim,Não,8,6.4,Não,Não
AL01951,18,Desenvolvimento de Sistemas,Matutino,Presencial,Indaial,6728,4.2,88.9,6.4,16,58.6,6.9,13.6,Sim,Sim,Não,6,5.5,Não,Não
AL01952,45,Administração,Matutino,Presencial,Blumenau,4541,12.5,97.7,4.3,39,83.7,5.8,14.4,Sim,Sim,Não,7,6.3,Sim,Sim
AL01953,16,Automação Industrial,Matutino,Presencial,Blumenau,3021,3.8,,5.6,23,90.7,4.8,22.4,Sim,Sim,Não,8,5.9,Não,Não
AL01954,19,Eletromecânica,Matutino,Híbrido,Indaial,3248,12.6,75.9,5.5,40,100,8.8,6.8,Não,Não,Não,5,5.9,Não,Sim
AL01955,20,Automação Industrial,Matutino,Presencial,Brusque,1804,7.8,82.1,7.7,23,87.8,7.4,5.1,Sim,Sim,Sim,9,7.5,Sim,Não
AL01956,23,Automação Industrial,Noturno,Presencial,Gaspar,3316,10.6,75.8,5.3,43,83.6,5.7,13.7,Sim,Sim,Sim,6,5.9,Não,Não
AL01957,24,Desenvolvimento de Sistemas,Noturno,Presencial,Gaspar,4735,4.5,95.8,9.1,19,85.9,7,10.3,Sim,Sim,Sim,8,8.1,Sim,Não
AL01958,18,Automação Industrial,Matutino,Híbrido,Gaspar,2160,7.6,80,7,33,100,4.8,8.1,Sim,Sim,Sim,6,7.5,Sim,Não
AL01959,25,Eletromecânica,Matutino,Presencial,Indaial,1512,5.6,77.4,6.5,34,96.4,6.3,5.1,Sim,Sim,Não,10,5,Não,Não
AL01960,39,Desenvolvimento de Sistemas,Matutino,Presencial,Pomerode,2960,16.1,76.5,7.1,50,93.2,7.2,4.6,Sim,Não,Não,8,8.6,Sim,Não
AL01961,38,Eletromecânica,Noturno,Presencial,Blumenau,7207,5.1,75.9,8.9,32,89.8,4.7,1.8,Sim,Sim,Não,8,6.3,Sim,Não
AL01962,21,Desenvolvimento de Sistemas,Noturno,Híbrido,Blumenau,1802,14.1,92.7,9.7,57,67.9,7.7,7.6,Sim,Não,Não,9,8.2,Sim,Não
AL01963,27,Desenvolvimento de Sistemas,Noturno,Presencial,Brusque,2569,13.1,95.4,6.4,51,90.7,4.9,10.2,Sim,Sim,Sim,8,7.6,Sim,Não
AL01964,16,Desenvolvimento de Sistemas,Matutino,Presencial,Gaspar,4655,0,81.3,4.6,21,75,7.8,9.9,Sim,Não,Não,9,7.3,Sim,Não
AL01965,30,Administração,Noturno,Presencial,Pomerode,6540,4.7,84.8,9.9,62,100,6.4,2.6,Sim,Sim,Sim,10,8,Sim,Não
AL01966,24,Eletromecânica,Matutino,Presencial,Brusque,4948,3.6,80.9,6.2,41,91,6.7,2.7,Sim,Sim,Não,10,6.7,Sim,Não
AL01967,37,Administração,Matutino,Presencial,Brusque,4304,12.7,81.6,4.7,31,83.2,6.8,10.3,Sim,Sim,Sim,8,6.4,Sim,Não
AL01968,24,Automação Industrial,Noturno,Híbrido,Timbó,3768,4.1,77.6,6.4,12,83.9,7.3,8.7,Sim,Sim,Sim,6,5.9,Não,Sim
AL01969,32,Eletromecânica,Matutino,Híbrido,Pomerode,1276,1.1,78,7,8,82.5,5.8,3.8,Sim,Sim,Sim,8,5.2,Não,Não
AL01970,47,Automação Industrial,Noturno,Híbrido,Brusque,3680,11.3,84.9,5.4,39,98.2,6.6,20,Sim,Sim,Não,9,7.5,Sim,Sim
AL01971,40,Desenvolvimento de Sistemas,Noturno,Presencial,Indaial,3825,11.8,75.3,8.4,39,100,7.5,7.3,Sim,Sim,Sim,9,7.3,Sim,Não
AL01972,16,Administração,Noturno,Presencial,Gaspar,2076,17.5,71.8,8.2,46,86.4,5.9,4.6,Não,Sim,Não,8,7.3,Não,Não
AL01973,16,Desenvolvimento de Sistemas,Matutino,Presencial,Brusque,1752,15.6,87.2,8.9,48,100,7.2,18.1,Não,Não,Não,8,8.2,Sim,Sim
AL01974,21,Desenvolvimento de Sistemas,Matutino,Presencial,Timbó,3148,11.5,96.6,8.6,26,100,6.9,7.7,Sim,Sim,Não,4,8,Sim,Sim
AL01975,19,Administração,Matutino,Presencial,Gaspar,4343,7.9,70.5,6.7,8,82.6,7.3,3.2,Sim,Não,Não,7,7,Não,Não
AL01976,31,Automação Industrial,Matutino,Presencial,Gaspar,4179,11.7,89.7,7.4,50,92.2,6.4,6.8,Sim,Sim,Sim,7,7.2,Sim,Não
AL01977,31,Administração,Matutino,Presencial,Blumenau,10088,8.4,84.6,6.7,45,88.4,6.6,23.3,Sim,Sim,Não,9,7.4,Sim,Não
AL01978,22,Desenvolvimento de Sistemas,Noturno,Híbrido,Blumenau,3500,11.1,78,6.4,57,100,8.4,7.8,Sim,Sim,Sim,10,8.7,Sim,Não
AL01979,22,Desenvolvimento de Sistemas,Noturno,Presencial,Brusque,3673,9,90.8,5.9,32,88.3,7.9,5.9,Sim,Sim,Não,10,5.5,Não,Não
AL01980,25,Desenvolvimento de Sistemas,Noturno,Presencial,Gaspar,,15.1,92.8,6.8,42,73.9,6.4,9.1,Sim,Sim,Não,7,5.8,Não,Sim
AL01981,38,Administração,Matutino,Presencial,Indaial,3560,5,90.7,7.7,24,75.5,5.8,11.3,Sim,Sim,Não,6,6.2,Sim,Não
AL01982,22,Desenvolvimento de Sistemas,Noturno,Híbrido,Timbó,3132,4.9,99.4,5.1,18,96.5,5.5,19.9,Sim,Sim,Sim,8,7.4,Sim,Não
AL01983,26,Eletromecânica,Matutino,Presencial,Brusque,4882,7.8,56.8,2.5,29,84.9,6.3,8.3,Sim,Sim,Não,4,4.3,Não,Sim
AL01984,24,Desenvolvimento de Sistemas,Noturno,Presencial,Indaial,2578,6.3,77.1,7.7,20,95.9,6.2,6.3,Sim,Sim,Não,5,7.7,Sim,Não
AL01985,31,Administração,Noturno,Híbrido,Blumenau,4947,13,79.8,4.5,38,100,5.7,12.3,Sim,Sim,Sim,6,6.9,Sim,Não
AL01986,22,Automação Industrial,Matutino,Presencial,Indaial,5413,19,88.9,3.9,36,100,5.7,8.1,Não,Não,Não,6,7,Sim,Não
AL01987,16,Administração,Noturno,Híbrido,Gaspar,3228,8.3,79.7,4.9,42,100,7.1,27.2,Sim,Não,Sim,9,5.8,Não,Não
AL01988,19,Eletromecânica,Noturno,Presencial,Pomerode,2798,17.6,76.8,4.9,59,100,5.2,14.3,Sim,Sim,Não,9,7.2,Sim,Não
AL01989,20,Administração,Noturno,Presencial,Indaial,2453,13.8,86.7,5.3,41,93.6,5.5,4.6,Não,Não,Não,8,7.5,Sim,Não
AL01990,23,Desenvolvimento de Sistemas,Matutino,Presencial,Pomerode,4128,0.3,87.3,3.9,21,100,7.1,13.7,Sim,Não,Não,3,5.8,Não,Não
AL01991,21,Administração,Noturno,Presencial,Timbó,4987,5.5,84.1,7.3,11,73.6,5.8,9.7,Sim,Sim,Não,6,6.1,Sim,Sim
AL01992,32,Administração,Noturno,Presencial,Timbó,3965,16.5,77,5.4,61,97.8,5.9,9.2,Sim,Sim,Não,7,7.4,Sim,Não
AL01993,47,Automação Industrial,Noturno,Híbrido,Timbó,3302,0,100,5.1,47,66.3,5.4,4.3,Sim,Sim,Não,7,5.4,Não,Não
AL01994,45,Automação Industrial,Noturno,Presencial,Indaial,5044,10.8,81,7.2,25,100,7.8,6.2,Sim,Sim,Sim,9,6.5,Sim,Sim
AL01995,16,Eletromecânica,Matutino,Híbrido,Pomerode,1902,0,52.5,7.8,5,79.6,5.1,5.3,Sim,Não,Não,7,4.9,Não,Não
AL01996,17,Administração,Matutino,Híbrido,Indaial,3039,9.8,95.6,8.8,37,90.7,6.2,10.9,Não,Não,Sim,10,7.8,Sim,Não
AL01997,29,Automação Industrial,Matutino,Presencial,Gaspar,1701,6.3,60,5.9,39,55.5,6.3,10,Sim,Sim,Não,7,4.8,Não,Não
AL01998,29,Eletromecânica,Matutino,Presencial,Brusque,1454,0.1,80.5,8.5,30,71.7,4.8,32.8,Sim,Sim,Não,7,5.8,Não,Não
AL01999,42,Automação Industrial,Noturno,Presencial,Pomerode,9004,2.3,86.5,6.5,44,39.8,6.5,4.1,Sim,Sim,Não,6,6,Sim,Sim
AL02000,16,Eletromecânica,Noturno,Híbrido,Timbó,1943,14.2,81.1,6.2,44,100,5.7,11.5,Não,Não,Sim,7,6.4,Sim,Não
AL02001,27,Desenvolvimento de Sistemas,Noturno,Presencial,Timbó,1908,4.9,89.5,7.9,35,71,5.4,6.2,Sim,Sim,Não,4,7,Sim,Sim
AL02002,25,Desenvolvimento de Sistemas,Matutino,Híbrido,Gaspar,1391,5.2,85.8,6.3,36,76.2,6.8,14.2,Sim,Sim,Não,9,6.5,Sim,Não
AL02003,29,Administração,Noturno,Presencial,Gaspar,1835,1.1,88.4,7.8,34,90.8,8.6,10.4,Sim,Sim,Não,5,6.4,Sim,Não
AL02004,28,Desenvolvimento de Sistemas,Noturno,Presencial,Pomerode,2070,1,76.5,6.8,8,78,9,9.5,Não,Sim,Não,8,4.6,Não,Não
AL02005,23,Eletromecânica,Noturno,Presencial,Gaspar,5062,6.7,80.4,7.8,47,88.9,7.1,17.4,Sim,Sim,Sim,7,7.9,Sim,Não
AL02006,17,Eletromecânica,Noturno,Presencial,Pomerode,3065,8.1,72.3,6.7,34,75.6,6.7,3.9,Sim,Sim,Sim,6,5.8,Não,Não
AL02007,30,Automação Industrial,Noturno,Presencial,Pomerode,2360,12.8,94,5.9,23,100,4.7,6.1,Não,Sim,Sim,10,7,Sim,Não
AL02008,34,Eletromecânica,Noturno,Presencial,Indaial,4894,7.1,82.1,5.8,31,79.5,6.2,9.6,Sim,Sim,Sim,6,7.5,Sim,Não
AL02009,33,Desenvolvimento de Sistemas,Matutino,Presencial,Indaial,1432,11.8,88,4,49,100,8.3,5.8,Não,Sim,Não,7,6.5,Sim,Não
AL02010,16,Eletromecânica,Matutino,Presencial,Brusque,2494,0,80.4,5.9,41,61.4,7.8,16.6,Sim,Não,Não,6,5.7,Não,Sim
AL02011,23,Administração,Matutino,Híbrido,Timbó,2993,3.5,87.6,5.5,47,84.5,6.1,22.1,Sim,Sim,Sim,7,6.7,Sim,Não
AL02012,18,Desenvolvimento de Sistemas,Noturno,Presencial,Indaial,4063,11.2,67.4,7.5,29,82,5.9,6.1,Não,Não,Não,10,5.5,Não,Sim
AL02013,35,Eletromecânica,Noturno,Presencial,Indaial,2171,13.4,78.4,7.9,45,87.8,7.3,3.7,Não,Não,Sim,8,7.1,Sim,Não
AL02014,31,Administração,Noturno,Presencial,Gaspar,2556,15.1,79.8,5.9,54,100,6.5,3,Sim,Sim,Não,8,6.1,Sim,Não
AL02015,52,Automação Industrial,Noturno,Presencial,Indaial,6850,6.4,70.2,6.2,35,77.6,6.9,5,Sim,Sim,Não,5,5.7,Não,Não
AL02016,17,Eletromecânica,Matutino,Presencial,Pomerode,1373,10.5,,4.7,33,81.4,7,5.9,Não,Não,Não,6,5.2,Não,Não
AL02017,29,Administração,Noturno,Presencial,Timbó,1627,9.7,80.1,6.2,34,100,9,4.4,Não,Não,Sim,8,6.9,Sim,Não
AL02018,20,Eletromecânica,Noturno,Presencial,Indaial,1893,0,69.8,5.8,37,65.7,6.1,5.9,Sim,Sim,Sim,8,5.2,Não,Não
AL02019,31,Administração,Noturno,Presencial,Timbó,9588,17,85.2,6.3,38,90,8.6,9.3,Sim,Sim,Não,5,8.6,Sim,Sim
AL02020,26,Eletromecânica,Matutino,Presencial,Pomerode,3993,10.4,97.1,8.6,39,100,8.3,6.1,Sim,Sim,Sim,9,9.2,Sim,Não
AL02021,16,Administração,Noturno,Presencial,Pomerode,2811,12.2,65.9,5.2,57,100,8.1,13.9,Sim,Não,Não,6,4.9,Não,Não
AL02022,26,Desenvolvimento de Sistemas,Noturno,Híbrido,Indaial,3267,12.5,91.3,5.3,38,70,8.1,4.1,Sim,Sim,Não,7,6.8,Sim,Não
AL02023,34,Desenvolvimento de Sistemas,Matutino,Presencial,Blumenau,1699,14.5,77.9,8.2,39,97,6.2,9.1,Não,Sim,Não,8,6.9,Sim,Sim
AL02024,26,Eletromecânica,Noturno,Presencial,Blumenau,1808,15,82.9,8,42,96.1,6.8,5.4,Sim,Sim,Sim,6,8.1,Sim,Sim
AL02025,16,Administração,Matutino,Híbrido,Gaspar,3408,11,83.8,8.3,46,92.6,5.2,6.2,Sim,Não,Sim,10,7.9,Sim,Não
AL02026,37,Automação Industrial,Noturno,Presencial,Brusque,3133,7.1,88,8.5,21,87.2,7,9.8,Sim,Sim,Não,10,7.7,Sim,Não
AL02027,16,Eletromecânica,Noturno,Presencial,Brusque,3571,3.8,97.8,8.4,0,68.1,5.8,8.2,Sim,Não,Sim,6,7,Sim,Não
AL02028,17,Desenvolvimento de Sistemas,Noturno,Híbrido,Gaspar,5137,15.1,87.7,10,29,74.3,6.1,7.4,Não,Não,Não,8,6.6,Sim,Não
AL02029,16,Automação Industrial,Matutino,Presencial,Indaial,4037,11.7,94.2,6.7,35,100,7.9,2.2,Sim,Não,Sim,9,8.1,Sim,Não
AL02030,25,Administração,Noturno,Presencial,Gaspar,5617,0,88.9,8.6,24,80.6,7.2,10.1,Não,Sim,Sim,3,6.1,Sim,Não
AL02031,23,Administração,Matutino,Presencial,Timbó,984,11.1,75,7.4,40,85.2,6.2,8.7,Sim,Sim,Não,6,7.2,Sim,Não
AL02032,16,Desenvolvimento de Sistemas,Noturno,Híbrido,Gaspar,3548,11.3,81.8,8.5,47,100,7.1,7.7,Sim,Não,Sim,6,7,Sim,Sim
AL02033,16,Automação Industrial,Noturno,Híbrido,Pomerode,9034,9.1,85.5,6.3,52,100,6.5,17.1,Sim,Sim,Não,8,7.3,Sim,Não
AL02034,17,Administração,Matutino,Presencial,Brusque,3081,10.7,81.6,8.3,27,99.2,5.2,14.5,Sim,Não,Não,5,7.9,Sim,Não
AL02035,20,Eletromecânica,Noturno,Híbrido,Pomerode,2265,3,78.2,6.6,52,81.6,4.6,12.4,Sim,Sim,Sim,5,6.4,Sim,Sim
AL02036,44,Administração,Noturno,Presencial,Indaial,3376,9.6,88.9,7.5,45,91.7,5.5,8.2,Sim,Sim,Não,7,8.8,Sim,Não
AL02037,28,Administração,Matutino,Presencial,Indaial,3969,7.6,59.8,6.2,58,72.4,5.3,5.1,Sim,Sim,Não,7,5.3,Não,Não
AL02038,26,Desenvolvimento de Sistemas,Matutino,Híbrido,Gaspar,9177,5.2,84.4,6.1,27,73.8,7.8,5.1,Sim,Não,Não,6,5.6,Não,Não
AL02039,31,Administração,Matutino,Híbrido,Timbó,2804,13.2,89.5,5.6,54,100,7.6,7.9,Sim,Sim,Não,8,7.2,Sim,Não
AL02040,17,Eletromecânica,Matutino,Presencial,Blumenau,2351,0,89,5.4,25,56.1,7.1,8.7,Sim,Sim,Não,6,4.6,Não,Não
AL02041,36,Automação Industrial,Noturno,Presencial,Gaspar,7276,8.8,78.7,7.8,7,89.2,6.8,8.6,Não,Não,Não,7,6,Sim,Não
AL02042,21,Desenvolvimento de Sistemas,Noturno,Presencial,Indaial,1659,9.5,77.2,3.2,37,79,6,17.9,Sim,Não,Não,5,5.8,Não,Não
AL02043,23,Administração,Matutino,Presencial,Timbó,3481,1.9,91.2,7.6,25,52.9,7.8,4.6,Sim,Sim,Não,8,6.2,Sim,Sim
AL02044,27,Eletromecânica,Matutino,Presencial,Timbó,3898,4.2,71.1,6.4,38,100,6.9,16.2,Sim,Sim,Não,10,6.7,Não,Não
AL02045,16,Eletromecânica,Noturno,Presencial,Brusque,5582,8.1,97.3,7.4,41,85.9,6.3,8,Sim,Sim,Não,10,7.5,Sim,Sim
AL02046,21,Administração,Noturno,Presencial,Timbó,2798,2.3,76.8,5.2,16,52.2,7.2,4.8,Não,Sim,Não,8,4.3,Não,Sim
AL02047,17,Automação Industrial,Noturno,Híbrido,Pomerode,3221,13.1,89.6,5.9,46,100,6.6,9.3,Sim,Não,Não,9,6.8,Sim,Sim
AL02048,17,Automação Industrial,Noturno,Presencial,Gaspar,2667,8,71.9,6.4,30,84,8.2,9.3,Sim,Sim,Sim,5,7.9,Não,Não
AL02049,21,Administração,Noturno,Híbrido,Brusque,2897,4.3,91.6,7.3,18,64.1,9.7,2.7,Sim,Não,Não,6,5.9,Não,Não
AL02050,27,Eletromecânica,Matutino,Presencial,Timbó,2666,13.1,70.5,8.7,54,52.9,5.6,13,Não,Sim,Não,9,6.8,Não,Não
AL02051,23,Automação Industrial,Noturno,Presencial,Indaial,3776,8.7,100,5.7,40,67.5,8.5,7.6,Sim,Não,Sim,10,7.6,Sim,Não
AL02052,19,Administração,Matutino,Presencial,Indaial,1516,9.4,81.5,8.3,27,98.3,4.5,7.4,Sim,Sim,Sim,9,9,Sim,Não
AL02053,17,Desenvolvimento de Sistemas,Noturno,Presencial,Gaspar,3542,14.1,80.6,6.9,62,100,8.3,4.6,Não,Não,Não,4,6.8,Sim,Sim
AL02054,30,Administração,Noturno,Presencial,Brusque,4500,6.4,78.1,7.5,42,84.3,5.8,1.6,Sim,Sim,Não,7,8.1,Sim,Sim
AL02055,22,Eletromecânica,Matutino,Híbrido,Indaial,3777,7.3,77.1,9.2,36,68,6.2,10,Sim,Sim,Não,7,6.2,Sim,Não
AL02056,25,Administração,Matutino,Presencial,Timbó,1403,7,,7,36,92.1,7.6,12.4,Sim,Sim,Não,4,6.9,Sim,Não
AL02057,27,Automação Industrial,Matutino,Híbrido,Indaial,5102,6.3,56.9,7,15,90.1,4.6,12,Sim,Sim,Sim,5,5.5,Não,Não
AL02058,34,Desenvolvimento de Sistemas,Noturno,Presencial,Brusque,4794,10,70.9,8.1,38,89.9,6.2,7.4,Sim,Sim,Sim,9,5.9,Não,Não
AL02059,34,Administração,Matutino,Presencial,Gaspar,2878,9.3,93.5,5.4,16,82.5,7,4.7,Sim,Sim,Não,9,7.4,Sim,Não
AL02060,16,Eletromecânica,Matutino,Presencial,Timbó,2174,7.4,89.7,6.4,44,81.8,7,7,Sim,Não,Sim,5,5.8,Não,Não
AL02061,33,Administração,Matutino,Presencial,Gaspar,5779,11.6,89.9,6,33,82.8,6.3,5.8,Sim,Sim,Não,8,7.6,Sim,Não
AL02062,35,Administração,Noturno,Presencial,Blumenau,910,4.3,81,5.9,10,77.6,6.7,2.4,Sim,Sim,Não,6,4.6,Não,Sim
AL02063,27,Desenvolvimento de Sistemas,Noturno,Presencial,Timbó,3662,9.2,85.3,5.8,54,76.4,6.3,1.5,Sim,Não,Não,6,6.2,Sim,Não
AL02064,39,Automação Industrial,Matutino,Presencial,Blumenau,6544,3.6,68.3,6,21,66.6,5.3,12.9,Sim,Sim,Não,7,5.8,Não,Não
AL02065,33,Desenvolvimento de Sistemas,Noturno,Presencial,Gaspar,1965,10.8,79.6,7.8,56,84.1,4.5,22,Sim,Sim,Não,9,9,Sim,Não
AL02066,36,Automação Industrial,Matutino,Presencial,Indaial,1461,10.5,86.9,7.5,32,93.7,8.8,6.6,Sim,Não,Não,7,8,Sim,Não
AL02067,41,Desenvolvimento de Sistemas,Noturno,Presencial,Pomerode,3033,7.9,72.3,5.7,34,100,7.3,11.1,Sim,Sim,Sim,7,8.6,Não,Não
AL02068,35,Administração,Matutino,Presencial,Pomerode,3024,3.8,83.9,6.3,31,100,6.8,14.2,Sim,Sim,Não,7,7,Sim,Não
AL02069,29,Administração,Noturno,Presencial,Gaspar,6313,1.3,91.3,6.7,27,76.6,5.4,7.5,Sim,Sim,Não,5,6.3,Sim,Sim
AL02070,34,Administração,Noturno,Presencial,Gaspar,4626,5.1,67.6,7.4,36,71.9,7.9,5.1,Sim,Sim,Não,8,5.3,Não,Sim
AL02071,26,Automação Industrial,Matutino,Presencial,Indaial,1529,5.8,83.7,5.5,30,79,5.7,2.5,Sim,Sim,Não,8,5.9,Não,Não
AL02072,19,Desenvolvimento de Sistemas,Matutino,Presencial,Timbó,3473,5,81.1,6.2,13,83.6,5.9,5.7,Sim,Não,Não,7,5,Não,Não
AL02073,29,Administração,Matutino,Presencial,Gaspar,2651,1.5,88,5.9,39,29.4,4.1,3.7,Sim,Sim,Não,7,6,Sim,Não
AL02074,27,Desenvolvimento de Sistemas,Noturno,Presencial,Indaial,2588,4.3,83.4,5.2,15,80.3,5,16.6,Não,Sim,Não,4,6.2,Sim,Sim
AL02075,34,Administração,Noturno,Presencial,Indaial,6655,0.2,64.3,8.8,46,51.9,5.3,12.1,Sim,Sim,Não,4,6,Não,Sim
AL02076,16,Eletromecânica,Noturno,Híbrido,Brusque,2352,7.8,75.1,6.5,39,76.9,8.4,7.2,Sim,Sim,Não,5,6.6,Sim,Não
AL02077,25,Administração,Matutino,Presencial,Brusque,900,7.8,94.7,6.8,42,100,4.2,1.7,Sim,Sim,Sim,8,7.8,Sim,Não
AL02078,26,Eletromecânica,Matutino,Híbrido,Gaspar,3520,11.6,82.3,6.7,31,100,5.5,12.1,Sim,Sim,Sim,8,6.8,Sim,Não
AL02079,30,Desenvolvimento de Sistemas,Noturno,Presencial,Timbó,6022,7.7,70.5,3,29,84.1,5.8,5.5,Sim,Sim,Sim,10,5,Não,Não
AL02080,21,Administração,Noturno,Híbrido,Indaial,900,5.9,72.6,7.3,22,70.2,7.5,3.3,Sim,Não,Não,3,7.1,Não,Sim
AL02081,31,Desenvolvimento de Sistemas,Matutino,Híbrido,Timbó,7208,12.1,77.7,6.8,26,99.1,8.1,1.9,Sim,Sim,Não,5,7.3,Sim,Não
AL02082,24,Desenvolvimento de Sistemas,Matutino,Presencial,Pomerode,3277,6.6,84.7,6.7,46,100,6.4,15,Sim,Sim,Sim,7,8.5,Sim,Não
AL02083,21,Automação Industrial,Matutino,Presencial,Gaspar,3675,4.6,85.9,8.3,26,94.3,7,7.8,SIM,Sim,Sim,4,6.5,Sim,Sim
AL02084,43,Eletromecânica,Noturno,Presencial,Timbó,2353,11,81.3,6.4,52,79.9,7.9,3.6,Sim,Sim,Não,6,6.5,Sim,Sim
AL02085,37,Desenvolvimento de Sistemas,Noturno,Presencial,Timbó,7651,3,81.1,6.2,22,58.7,7.7,12.2,Sim,Sim,Não,6,4.8,Não,Não
AL02086,39,Eletromecânica,Noturno,Presencial,Brusque,4600,4.8,84.9,6.8,26,80.9,5.2,5.3,Sim,Sim,Não,8,6.3,Sim,Não
AL02087,22,Automação Industrial,Matutino,Presencial,Blumenau,2144,2.3,72.1,6.3,4,70.4,6.5,9.9,Sim,Sim,Sim,8,4.5,Não,Não
AL02088,16,Automação Industrial,Noturno,Presencial,Brusque,2920,4.4,95.4,9.9,49,65.2,7.6,7.5,Sim,Não,Não,7,7.7,Sim,Não
AL02089,28,Eletromecânica,Noturno,Presencial,Indaial,1439,4.7,68.6,8.6,22,69.2,7.8,6.9,Sim,Sim,Não,9,5.9,Não,Sim
AL02090,18,Eletromecânica,Matutino,Presencial,Timbó,3101,16.8,78.2,5.5,34,100,7.3,3.5,Sim,Não,Não,8,8,Sim,Não
AL02091,20,Desenvolvimento de Sistemas,Matutino,Híbrido,Pomerode,1584,5.5,87.4,6.3,23,94.4,8.1,7,Sim,Não,Não,6,5.8,Não,Não
AL02092,33,Administração,Matutino,Presencial,Gaspar,2675,12.8,81.6,6.4,35,94.9,5.8,12,Sim,Não,Sim,6,6.8,Sim,Não
AL02093,32,Administração,Noturno,Presencial,Brusque,4472,12.5,98.9,6.6,38,93.6,5.8,1.7,Sim,Sim,Sim,7,6.7,Sim,Não
AL02094,32,Administração,Matutino,Presencial,Blumenau,2494,7.5,89,4.2,31,91.8,6.7,7.6,Sim,Sim,Não,8,7,Sim,Não
AL02095,32,Automação Industrial,Matutino,Híbrido,Gaspar,3811,15,74.1,,48,100,7.9,4.3,Sim,Não,Não,4,5.7,Não,Sim
AL02096,25,Automação Industrial,Matutino,Presencial,Gaspar,3405,5.1,90.5,8.2,0,69.3,6.1,2.8,Sim,Sim,Sim,10,7.1,Sim,Não
AL02097,24,Automação Industrial,Noturno,Presencial,Blumenau,3970,2.6,82.2,9.4,41,64.2,5.5,5.7,Não,Não,Sim,9,6.6,Sim,Não
AL02098,16,Automação Industrial,Noturno,Presencial,Timbó,5911,8.3,81.9,7.1,27,60.3,6.3,19.4,Sim,Sim,Não,5,6.7,Sim,Não
AL02099,16,Eletromecânica,Noturno,Presencial,Blumenau,10790,11.6,82.2,7.5,35,100,5.8,8.6,Sim,Sim,Sim,9,7.2,Sim,Não
AL02100,18,Administração,Matutino,Presencial,Gaspar,1204,15.1,78.9,7.8,63,100,7.6,5.7,Sim,Não,Sim,9,8.7,Sim,Não
AL02101,18,Eletromecânica,Matutino,Presencial,Brusque,3963,13.2,94.3,4.9,27,99,7.5,6.3,Sim,Não,Não,7,7.1,Sim,Não
AL02102,39,Desenvolvimento de Sistemas,Noturno,Presencial,Brusque,2104,8.2,85.7,8,27,82.5,8.8,4.6,Não,Não,Não,8,7,Sim,Não
AL02103,33,Desenvolvimento de Sistemas,Matutino,Presencial,Pomerode,1488,4.4,70.1,4.7,31,70.5,5.3,7.6,Sim,Sim,Não,8,5.1,Não,Sim
AL02104,16,Administração,Noturno,Presencial,Gaspar,8633,7.4,89.4,7.4,36,63.9,5.9,6.6,Sim,Sim,Não,6,7.3,Sim,Não
AL02105,33,Desenvolvimento de Sistemas,noturno ,Presencial,Pomerode,2100,8.8,72.7,4.3,13,79.4,6.4,3.5,Sim,Sim,Sim,9,6.6,Não,Não
AL02106,33,Automação Industrial,Noturno,Presencial,Brusque,6167,8.6,80.2,6.9,19,99.5,6,6.6,Sim,Sim,Não,8,6.9,Sim,Não
AL02107,26,Automação Industrial,Noturno,Híbrido,Timbó,5221,10.3,,8,63,96.5,8.6,13.1,Sim,Não,Não,10,6.8,Não,Sim
AL02108,16,Automação Industrial,Matutino,Híbrido,Brusque,2257,19.4,78.7,5.2,43,85.2,6.1,8.9,Sim,Sim,Não,6,5.7,Não,Não
AL02109,27,Administração,Noturno,Presencial,Indaial,5899,13.4,82.9,7.3,41,100,5.9,9.2,Sim,Sim,Sim,9,8.1,Sim,Não
AL02110,33,Desenvolvimento de Sistemas,Matutino,Presencial,Timbó,1632,17.4,78.7,6.1,50,100,5.3,7.9,Sim,Sim,Não,,6.7,Sim,Não
AL02111,18,desenv. sistemas,Noturno,Presencial,Blumenau,1696,14.6,73,5.2,31,82.3,6.8,12.7,Sim,Não,Não,7,6.4,Não,Não
AL02112,36,Eletromecânica,Noturno,Híbrido,Brusque,1370,6.7,75.8,5.9,46,95.6,5.3,14.9,Sim,Sim,Não,6,6.7,Sim,Não
AL02113,25,Automação Industrial,Matutino,Presencial,Pomerode,5488,6.5,79.4,3,48,66.3,6.8,12,Sim,Não,Não,8,4.6,Não,Não
AL02114,16,Administração,Noturno,Presencial,Gaspar,5010,12.2,83.9,7,64,91.6,7.8,9.8,Sim,Não,Não,7,7,Sim,Não
AL02115,34,Desenvolvimento de Sistemas,Matutino,Híbrido,Timbó,2591,10.5,83.1,,43,93.2,6.8,5.8,Sim,Sim,Não,5,8,Sim,Não
AL02116,32,Administração,Noturno,Presencial,Brusque,2184,6.4,85.8,5.5,28,84.7,8.8,7.6,Sim,Sim,Sim,7,6.9,Sim,Não
AL02117,17,Administração,Noturno,Presencial,Pomerode,4850,0.3,78,4.6,25,87.7,5.5,6.9,Sim,Sim,Não,6,5.1,Não,Não
AL02118,25,Administração,Matutino,Presencial,Indaial,5068,8.4,79.8,6.3,60,100,6,9.6,Sim,Não,Não,6,6.6,Sim,Não
AL02119,34,Eletromecânica,Matutino,Presencial,Brusque,900,6.4,84.6,7.3,38,82.2,8,6.6,Não,Não,Não,5,5,Não,Não
AL02120,40,Eletromecânica,Matutino,Híbrido,Brusque,10333,9,79.3,2.8,31,94.4,6.2,28.6,Sim,Sim,Não,5,5.6,Não,Sim
AL02121,16,Administração,Noturno,Presencial,Blumenau,,5.6,89.6,7.2,33,66.4,7.2,5.5,Sim,Não,Sim,9,5.6,Não,Não
AL02122,21,Administração,Matutino,Híbrido,Pomerode,3981,8.8,81.8,7.2,26,80.8,6.5,5.3,Sim,Não,Não,3,6,Sim,Não
AL02123,31,Administração,Matutino,Híbrido,Timbó,1201,9,75.4,7.5,26,73.1,6.1,26.6,Sim,Sim,Não,8,7.3,Sim,Não
AL02124,33,Desenvolvimento de Sistemas,Matutino,Presencial,Gaspar,3372,10.6,76.1,6.5,59,86.1,7.9,15.5,Sim,Sim,Não,8,6.7,Sim,Não
AL02125,24,Desenvolvimento de Sistemas,Matutino,Presencial,Gaspar,2511,17,83.2,7,57,100,7.6,6.6,Sim,Não,Não,5,8.2,Sim,Não
AL02126,30,Desenvolvimento de Sistemas,Noturno,Presencial,Brusque,,1.9,83.9,5.3,13,100,6.7,3.5,Sim,Não,Sim,5,5.7,Não,Sim
AL02127,39,Eletromecânica,Matutino,Presencial,Gaspar,2741,6.8,80.1,6.1,14,78.6,6,9.8,Sim,Sim,Não,7,5.9,Não,Não
AL02128,16,Administração,Matutino,Presencial,Brusque,2058,14.2,76.6,8,25,94.4,4.8,9.9,Sim,Não,Não,6,6.9,Sim,Não
AL02129,25,Administração,Noturno,Híbrido,Blumenau,4712,7.7,76.8,6.2,39,90.4,6.4,5.9,Sim,Sim,Sim,8,6.7,Sim,Não
AL02130,24,Administração,Noturno,Híbrido,Gaspar,2693,7.8,71.6,7.2,32,71.3,7.3,2.8,Sim,Sim,Não,7,6.3,Não,Não
AL02131,16,Eletromecânica,Noturno,Presencial,Pomerode,3660,10.5,86.6,2.5,25,88.8,7.7,12.7,Sim,Sim,Não,7,5.3,Não,Não
AL02132,22,Automação Industrial,Noturno,Presencial,Gaspar,1838,11.6,78.8,6.3,52,93.1,5.6,16.2,Sim,Sim,Não,10,7.4,Sim,Não
AL02133,20,Automação Industrial,Matutino,Presencial,Brusque,7038,4.4,99.8,4.8,34,100,7.7,13.4,Sim,Não,Sim,6,6.4,Sim,Sim
AL02134,16,Eletromecânica,Matutino,Presencial,Blumenau,2716,7.3,74,8.3,37,90.4,10,14.1,Sim,Não,Não,10,5.6,Não,Não
AL02135,21,Desenvolvimento de Sistemas,Noturno,Híbrido,Brusque,6301,10.2,67.5,7.9,11,86.3,6.2,3.2,Sim,Não,Não,8,6.1,Não,Não
AL02136,34,Eletromecânica,Matutino,Híbrido,Indaial,3338,11.1,72,9.1,41,82.6,6.8,6,Sim,Sim,Não,9,6.5,Não,Sim
AL02137,31,Automação Industrial,Matutino,Presencial,Pomerode,2577,7.8,80.6,7.3,31,86.5,8.5,13,Não,Sim,Sim,6,6,Sim,Não
AL02138,21,Desenvolvimento de Sistemas,Matutino,Híbrido,Brusque,1352,3.2,62.9,5.7,39,100,6.3,3.1,Não,Sim,Não,8,4.8,Não,Sim
AL02139,30,Automação Industrial,Noturno,Presencial,Blumenau,3190,10.2,88.1,6.3,64,91.9,7.4,19.8,Sim,Não,Não,8,7.3,Sim,Não
AL02140,18,Administração,Matutino,Presencial,Gaspar,900,6.7,82.1,6.3,25,81.4,6.6,2.6,Sim,Sim,Não,6,7.2,Sim,Sim
AL02141,18,Eletromecânica,Noturno,Presencial,Indaial,3076,13,88.1,6.5,55,85.5,7.4,10.6,Sim,Não,Sim,8,7.1,Sim,Não
AL02142,37,Desenvolvimento de Sistemas,Matutino,Presencial,Pomerode,4639,5.5,85.9,6.2,60,100,7.8,15.3,Não,Sim,Não,10,5.2,Não,Não
AL02143,29,Eletromecânica,Matutino,Presencial,Indaial,4986,14,73.1,4.5,30,100,7.3,9.5,Sim,Não,Não,6,6.2,Não,Não
AL02144,50,Administração,Noturno,Presencial,Indaial,4861,8.5,100,6.9,20,100,6.8,9.2,Sim,Não,Sim,7,8.9,Sim,Não
AL02145,31,Desenvolvimento de Sistemas,Matutino,Presencial,Timbó,3906,13.9,69.6,6.2,57,66.3,6.4,7.2,Sim,Não,Não,7,6,Não,Não
AL02146,19,Eletromecânica,Matutino,Presencial,Pomerode,4023,12.6,83.5,7,46,89.7,7,43.9,Sim,Sim,Sim,7,8,Sim,Não
AL02147,29,Administração,Noturno,Presencial,Blumenau,6210,14.5,86.1,4.7,51,96.6,5.7,6.2,Sim,Sim,Não,7,7.3,Sim,Não
AL02148,36,Administração,Noturno,Presencial,Gaspar,1238,11.7,68.7,6.3,49,94.8,4.2,10.5,Não,Sim,Não,8,7.1,Não,Não
AL02149,22,Eletromecânica,Matutino,Presencial,Indaial,3103,7.6,94.6,8.2,51,52.8,5.2,11.4,Sim,Sim,Não,6,6.4,Sim,Sim
AL02150,16,Automação Industrial,Noturno,Hibrido,Timbó,1960,11.2,82.7,4.8,40,85.7,6.8,4.1,Sim,Não,Não,6,6.5,Sim,Não
AL02151,24,Automação Industrial,Matutino,Presencial,Blumenau,1632,7.7,61.9,6.3,28,83.4,6.6,4.8,Sim,Sim,Não,8,8.2,Não,Não
AL02152,48,Desenvolvimento de Sistemas,Matutino,Presencial,Brusque,2333,8.8,73.5,5.3,42,67.2,7.7,11.8,Sim,Sim,Sim,7,5.2,Não,Não
AL02153,16,Desenvolvimento de Sistemas,Matutino,Presencial,Gaspar,3265,0,80,4.7,30,78.2,5.9,6.5,Sim,Sim,Não,9,5.4,Não,Não
AL02154,28,Eletromecânica,Noturno,Presencial,Gaspar,7579,8,78.1,7.3,33,84.2,9.3,7.4,Sim,Sim,Não,9,7.3,Sim,Não
AL02155,36,Administração,Matutino,Presencial,Indaial,5519,2.2,81.7,8.9,41,68.7,7.2,5.8,Sim,Sim,Não,5,5.9,Não,Não
AL02156,47,Desenvolvimento de Sistemas,Noturno,Presencial,Blumenau,1253,3.5,76.4,8.4,40,64.5,5.1,3.2,Sim,Sim,Não,5,4.2,Não,Não
AL02157,31,Automação Industrial,Matutino,Presencial,Blumenau,900,5.4,73.2,7.3,34,76.4,8,2.1,Sim,Sim,Não,7,7.2,Não,Sim
AL02158,18,Desenvolvimento de Sistemas,Matutino,Presencial,Brusque,1426,13,77.1,6.3,26,100,9.4,6.6,Não,Não,Sim,8,6.1,Sim,Não
AL02159,22,Desenvolvimento de Sistemas,Noturno,Presencial,Timbó,1342,11.7,84.2,9.6,60,75.4,7.3,12,Não,Não,Não,7,8.4,Sim,Não
AL02160,27,Automação Industrial,Noturno,Presencial,Timbó,4731,6,70.3,,42,79.6,5.5,7.4,Sim,Sim,Sim,7,7.2,Não,Não
AL02161,22,Eletromecânica,Matutino,Híbrido,Brusque,6762,7.2,88.5,5.9,29,83.6,6,20.4,Sim,Sim,Não,6,7,Sim,Sim
AL02162,24,Eletromecânica,Matutino,Presencial,Timbó,5967,2,84.2,6.3,30,62.4,7.6,10.1,Sim,Sim,Não,8,4.9,Não,Não
AL02163,31,Desenvolvimento de Sistemas,Noturno,Presencial,Gaspar,6363,4,79.8,6.6,25,97.6,6.5,7.8,Não,Sim,Não,5,6.8,Sim,Não
AL02164,34,Desenvolvimento de Sistemas,Matutino,Presencial,Indaial,2429,5.6,82.9,5.9,41,89.4,6.5,5.2,Sim,Sim,Não,4,5.1,Não,Não
AL02165,27,Eletromecânica,Matutino,Presencial,Pomerode,2733,7.7,79.8,9.5,41,83.9,6.7,8.1,Sim,Não,Não,7,6.5,Sim,Não
AL02166,22,Desenvolvimento de Sistemas,Matutino,Presencial,Timbó,6632,11.2,70.8,7.3,31,96,6.7,3,Sim,Sim,Sim,9,8,Não,Não
AL02167,28,Automação Industrial,Noturno,Presencial,Pomerode,1227,8.2,64.4,5,16,100,6.5,18.1,Sim,Sim,Não,7,6.6,Não,Sim
AL02168,16,Administração,Matutino,Presencial,Gaspar,1464,7.6,74.2,6.5,42,82,3.5,10.1,Sim,Sim,Não,5,5.3,Não,Sim
AL02169,24,Desenvolvimento de Sistemas,Noturno,Presencial,Blumenau,2516,14.9,86.8,7.2,53,95.9,7.5,10.4,Sim,Sim,Não,8,6.7,Sim,Não
AL02170,32,Desenvolvimento de Sistemas,Matutino,Presencial,Indaial,4348,12.2,100,5.4,46,92.5,5.8,3.5,Sim,Sim,Sim,6,6.6,Sim,Não
AL02171,30,Eletromecânica,Matutino,Presencial,Brusque,2522,3.3,65.9,5.6,4,66.8,6.9,10.1,Sim,Sim,Não,8,5.2,Não,Não
AL02172,28,Automação Industrial,Matutino,Presencial,Blumenau,2833,3.9,82.3,7.1,25,83.3,6.6,18.1,Sim,Sim,Não,8,8,Sim,Não
AL02173,18,Administração,Matutino,Presencial,Timbó,5084,8.3,89.3,4.6,41,100,8,5.5,Sim,Sim,Não,8,6.6,Sim,Não
AL02174,23,Eletromecânica,Noturno,Presencial,Blumenau,1770,6.6,66.6,9.8,20,100,9,16.9,Não,Sim,Sim,8,7.6,Não,Sim
AL02175,16,Automação Industrial,Matutino,Híbrido,Gaspar,5795,1,88.2,3.9,26,80.4,7,14.8,Sim,Sim,Não,8,5.2,Não,Não
AL02176,29,Desenvolvimento de Sistemas,Noturno,Presencial,Gaspar,3700,9.5,93.2,4,25,100,5.6,10.7,Sim,Sim,Sim,10,6,Sim,Não
AL02177,16,Desenvolvimento de Sistemas,Noturno,Híbrido,Blumenau,1600,13,100,5.6,49,86.1,8.4,14.3,Sim,Não,Não,3,6.3,Sim,Não
AL02178,25,Desenvolvimento de Sistemas,Noturno,Presencial,Blumenau,1514,3.4,85,6.9,31,65.2,6,32.4,Não,Não,Não,10,6.3,Sim,Não
AL02179,22,Desenvolvimento de Sistemas,Matutino,Presencial,Timbó,1744,16.2,85.6,9.3,36,99.7,6.2,5.8,Não,Sim,Não,5,8,Sim,Não
AL02180,17,Automação Industrial,Noturno,Presencial,Blumenau,4491,7.6,81.6,3.7,38,100,5.7,6.3,Sim,Sim,Não,10,7,Sim,Não
AL02181,16,Eletromecânica,Noturno,Presencial,Blumenau,5224,10.8,92.4,6.4,34,62,4.7,4.5,Sim,Não,Não,8,6,Sim,Não
AL02182,32,Administração,Noturno,Presencial,Brusque,3511,5.8,100,8.6,38,48.3,6.5,2.5,Sim,Sim,Não,10,6.9,Sim,Sim
AL02183,38,Desenvolvimento de Sistemas,Matutino,Híbrido,Blumenau,2283,12.6,90.1,6.5,26,70.9,7.1,6,Sim,Sim,Não,7,6.6,Sim,Não
AL02184,28,Automação Industrial,Noturno,Presencial,Blumenau,5202,5.8,88.9,6.1,61,78.3,7.5,7,Sim,Sim,Sim,8,5.5,Não,Não
AL02185,17,Eletromecânica,Matutino,Presencial,Gaspar,3722,1.3,77.5,8.3,31,81.8,6.6,10.8,Sim,Sim,Não,7,7.7,Sim,Não
AL02186,26,Eletromecânica,Noturno,Presencial,Gaspar,2605,8.5,79.9,5.8,26,100,6.1,5.3,Sim,Não,Sim,9,7.7,Sim,Não
AL02187,26,Administração,Noturno,Presencial,Brusque,2642,5.7,92.2,8.5,30,48.1,7.2,3.7,Sim,Não,Não,7,7.1,Sim,Não
AL02188,24,Desenvolvimento de Sistemas,Matutino,Híbrido,Gaspar,3049,7.4,71.3,6.7,31,99.8,6.2,6.3,Sim,Não,Não,7,7.2,Não,Não
AL02189,24,Desenvolvimento de Sistemas,Noturno,Presencial,Timbó,1198,14,86.4,3.7,40,87.8,7,8.5,Não,Sim,Não,7,6.1,Sim,Sim
AL02190,34,Administração,Matutino,Presencial,Brusque,2874,6.1,100,7.7,13,48.6,6.8,8.5,Sim,Sim,Não,5,6,Sim,Sim
AL02191,23,Desenvolvimento de Sistemas,Matutino,Presencial,Indaial,2428,10.7,85.2,5.9,28,64.7,6.6,10.1,Sim,Sim,Não,8,4.9,Não,Não
AL02192,40,Administração,Matutino,Presencial,Blumenau,7133,5.4,90.2,8.1,33,88.2,5.8,5.4,Não,Sim,Não,6,6.7,Sim,Não
AL02193,28,Eletromecânica,Noturno,Híbrido,Indaial,2465,2.9,75.4,7.3,19,53,5.5,17,Não,Sim,Não,10,4.7,Não,Não
AL02194,33,Administração,Noturno,Presencial,Gaspar,4955,10.8,76.1,7.4,37,87.5,6.1,4.3,Não,Sim,Sim,7,6.9,Sim,Sim
AL02195,27,Eletromecânica,Matutino,Presencial,Brusque,1417,12.2,92.5,9.4,48,100,8,4.3,Sim,Sim,Sim,3,8.9,Sim,Não
AL02196,34,Desenvolvimento de Sistemas,Noturno,Presencial,Timbó,2212,8.6,77.8,7.2,36,94,8.7,7.6,Sim,Não,Sim,7,6.2,Sim,Não
AL02197,35,Desenvolvimento de Sistemas,Matutino,Presencial,Timbó,11700,0,72.8,7.8,25,61.4,5.9,4.5,Sim,Sim,Não,9,6.1,Não,Não
AL02198,36,Eletromecânica,Noturno,Presencial,Indaial,4362,9.5,76.7,5.5,46,79.8,9,4.6,Sim,Sim,Não,7,6,Sim,Não
AL02199,16,Administração,Noturno,Presencial,Gaspar,3852,4.1,88.9,7.7,27,73.2,7.3,3.3,Sim,Não,Não,8,5.5,Não,Não
AL02200,16,Automação Industrial,Noturno,Presencial,Timbó,4793,8.2,88.2,5.5,37,57.1,5.9,9.1,Sim,Não,Não,9,5.5,Não,Não
AL02201,26,Administração,Matutino,Presencial,Timbó,1171,14.6,90.2,9.9,66,100,7.6,6.3,Não,Não,Não,7,8.5,Sim,Não
AL02202,24,Eletromecânica,Noturno,Presencial,Pomerode,6515,5.6,79.4,4.9,34,83.5,5.7,4.1,Sim,Sim,Não,9,5,Não,Não
AL02203,24,Automação Industrial,Noturno,Presencial,Timbó,2978,7.4,83.1,5.6,19,81.9,7.1,3.6,Sim,Sim,Não,5,6.3,Sim,Não
AL02204,24,Automação Industrial,Noturno,Presencial,Timbó,2696,2.9,90.3,7.1,33,91.1,7.4,12.9,Sim,Sim,Sim,8,7.8,Sim,Não
AL02205,21,Eletromecânica,Noturno,Presencial,Timbó,1148,10.6,84,7.3,46,100,7.1,10,Não,Não,Sim,7,7.7,Sim,Não
AL02206,20,Automação Industrial,Noturno,Híbrido,Timbó,2034,0,76.4,4.3,41,71.6,5.4,23.5,Sim,Sim,Não,7,5.4,Não,Sim
AL02207,30,Automação Industrial,Matutino,Presencial,Gaspar,5996,11,77.1,5.4,57,77.1,6.1,13.9,Sim,Sim,Não,6,6.7,Sim,Não
AL02208,39,Administração,Noturno,Presencial,Pomerode,3845,9.1,80.8,7.8,19,64.9,6.7,14,Sim,Sim,Não,8,7.1,Sim,Não
AL02209,24,Administração,Noturno,Presencial,Gaspar,1354,15.9,77.1,6.7,55,81.8,7.3,11.8,Não,Não,Não,10,6.2,Sim,Não
AL02210,30,Automação Industrial,Noturno,Presencial,Indaial,1023,12.7,92.5,6.5,37,90.8,7.2,5.4,Sim,Não,Sim,7,7.2,Sim,Não
AL02211,16,Eletromecânica,Noturno,Presencial,Indaial,3083,6,57.3,4.9,33,100,4.1,6.7,Sim,Não,Sim,9,6.4,Não,Não
AL02212,32,Administração,Noturno,Presencial,Brusque,6585,5.1,93.3,6.7,39,76.7,6.9,5.1,Sim,Sim,Não,5,5.9,Não,Sim
AL02213,38,Automação Industrial,Noturno,Híbrido,Indaial,2947,7.2,97,6.8,43,96.8,5.7,9.6,Sim,Sim,Sim,8,7.3,Sim,Não
AL02214,21,Desenvolvimento de Sistemas,Noturno,Presencial,Blumenau,3528,13.2,74.7,5.4,50,100,7.5,10.3,Sim,Não,Não,9,7,Não,Não
AL02215,16,Desenvolvimento de Sistemas,Noturno,Presencial,Indaial,3828,0.9,82,6.9,11,87.1,7.5,16.8,Sim,Não,Não,5,6.9,Sim,Sim
AL02216,40,Desenvolvimento de Sistemas,Noturno,Presencial,Timbó,2705,8.6,69.8,5.3,28,94.3,8.7,4.7,Sim,Sim,Não,8,6.7,Não,Não
AL02217,24,Automação Industrial,Matutino,Presencial,Indaial,,5.9,66.7,8,12,89.4,5.3,10,Sim,Sim,Não,8,7.1,Não,Não
AL02218,28,Administração,Noturno,Híbrido,Blumenau,1416,9,,7.8,37,74.2,6.1,6,Sim,Sim,Não,8,7,Sim,Não
AL02219,17,Eletromecânica,Matutino,Presencial,Gaspar,7709,13.3,96.8,4.4,49,94.3,6.7,10.2,Sim,Não,Não,10,7.8,Sim,Não
AL02220,16,Desenvolvimento de Sistemas,Noturno,Presencial,Timbó,6746,13.5,66.1,4.8,34,69.5,7.3,4.2,Sim,Não,Não,4,6.6,Não,Não
AL02221,43,Desenvolvimento de Sistemas,Noturno,Presencial,Brusque,4426,10.8,81,8,35,93.6,7.2,10.1,Não,Não,Sim,8,6.7,Sim,Não
AL02222,22,Desenvolvimento de Sistemas,Matutino,Presencial,Brusque,1900,11.3,50.9,7.4,63,85.6,5.3,9.4,Não,Sim,Não,6,6.2,Não,Sim
AL02223,38,Administração,Noturno,Presencial,Blumenau,3777,8.7,89.5,6.4,30,93.7,8.3,20.8,Sim,Não,Não,6,6.9,Sim,Não
AL02224,27,Desenvolvimento de Sistemas,Matutino,Presencial,Indaial,1319,1.4,86.2,7.9,12,98.9,7.3,5.1,Não,Sim,Não,8,6.4,Sim,Sim
AL02225,30,Eletromecânica,Matutino,Presencial,Blumenau,1915,7.9,91.4,6.2,44,84.6,6.8,7.5,Sim,Sim,Sim,9,6.4,Sim,Não
AL02226,33,Eletromecânica,Noturno,Presencial,Pomerode,2820,7.8,96,7.6,37,45,4.2,6.6,Não,Sim,Sim,10,6,Sim,Sim
AL02227,26,Administração,Noturno,Presencial,Brusque,5012,11.8,75.3,10,29,54.8,7.2,8.1,Sim,Sim,Não,5,6,Sim,Não
AL02228,26,Desenvolvimento de Sistemas,Noturno,Presencial,Blumenau,3176,9.6,82.6,5.2,28,80.4,6.7,6.1,Sim,Sim,Não,8,5.9,Não,Não
AL02229,26,Automação Industrial,Noturno,Híbrido,Gaspar,2895,2.6,91.9,7.2,54,80.4,7.3,7.3,Sim,Sim,Não,8,7.1,Sim,Não
AL02230,47,Desenvolvimento de Sistemas,Matutino,Presencial,Blumenau,2158,0,89.4,7,37,49.6,4.6,8.6,Sim,Sim,Não,9,5.1,Não,Sim
AL02231,18,Administração,Noturno,Presencial,Pomerode,2422,7.2,75.6,5.6,49,87.8,6.7,13.9,Sim,Não,Sim,8,8.1,Sim,Não
AL02232,26,Automação Industrial,Noturno,Presencial,Pomerode,6749,7,95.5,3.2,24,100,6,7.1,Sim,Sim,Não,9,5.4,Não,Não
AL02233,31,Automação Industrial,Matutino,Presencial,Gaspar,3461,6.5,74.9,5.1,13,77.2,8,14.5,Sim,Não,Não,6,5.6,Não,Não
AL02234,26,Administração,Matutino,Presencial,Gaspar,4260,1,82.1,6,55,65.3,7,5.2,Sim,Não,Não,9,5.2,Não,Não
AL02235,28,Desenvolvimento de Sistemas,Noturno,Híbrido,Pomerode,900,6.4,90.7,9.3,9,78.6,5.3,14,Não,Sim,Sim,7,6.6,Sim,Não
AL02236,43,Desenvolvimento de Sistemas,Noturno,Presencial,Blumenau,5716,13.9,76,4.3,18,78.8,7.2,13.8,Sim,Não,Não,8,6.2,Sim,Não
AL02237,37,Administração,Matutino,Híbrido,Indaial,4851,6,75.6,4.7,16,89.9,4.6,21.7,Não,Sim,Não,7,5.5,Não,Sim
AL02238,17,Administração,Matutino,Presencial,Gaspar,2433,7.5,69.1,4.9,38,83.2,6.7,9.5,Sim,Não,Não,10,5.3,Não,Não
AL02239,20,Automação Industrial,Noturno,Presencial,Pomerode,2231,7.1,75.2,9.4,30,100,5.9,3.6,Não,Sim,Sim,9,8.4,Sim,Não
AL02240,16,Automação Industrial,Noturno,Híbrido,Indaial,1162,8.6,80.4,5.3,32,73.7,5.8,6.7,Sim,Sim,Não,6,5.6,Não,Não
AL02241,26,Administração,Matutino,Presencial,Brusque,1958,4.9,71.6,7.5,25,59.1,8.4,20.9,Não,Sim,Não,8,5.5,Não,Não
AL02242,43,Administração,Matutino,Presencial,Brusque,3557,4.7,73.1,5.4,22,99.1,8.3,2.4,Sim,Sim,Não,7,6.4,Não,Não
AL02243,16,Automação Industrial,Noturno,Híbrido,Blumenau,2001,6.9,100,5.9,58,79.6,6.6,7.5,Não,Sim,Sim,8,5.8,Não,Não
AL02244,34,Desenvolvimento de Sistemas,Noturno,Presencial,Timbó,4607,12.6,76.7,7.4,46,99.6,6.5,12.4,Não,Sim,Não,7,7.9,Sim,Não
AL02245,25,Automação Industrial,Matutino,Presencial,Blumenau,3682,6.7,100,6.7,13,80.1,7.3,7.9,Sim,Sim,Sim,,6.6,Sim,Não
AL02246,29,Desenvolvimento de Sistemas,Matutino,Presencial,Indaial,3210,8.4,82.2,5.5,42,91.1,6.8,2.8,Sim,Não,Sim,10,6.9,Sim,Não
AL02247,34,Desenvolvimento de Sistemas,Noturno,Presencial,Brusque,1210,5.7,76.3,8.1,14,87.2,6.5,17.2,Sim,Sim,Sim,8,7.3,Sim,Sim
AL02248,17,Administração,Noturno,Presencial,Brusque,6766,8.3,82.3,6.9,36,62.7,7.8,7.9,Sim,Sim,Não,8,5.9,Não,Não
AL02249,27,Automação Industrial,Noturno,Presencial,Timbó,4901,10.1,93,5.4,13,87.5,7.9,8.5,Não,Sim,Não,7,5.4,Não,Não
AL02250,23,Administração,Noturno,Presencial,Indaial,4170,10.6,74,5.4,26,82.2,4.3,6.1,Sim,Sim,Não,6,6.1,Não,Não
AL02251,35,Desenvolvimento de Sistemas,Noturno,Presencial,Timbó,4998,12.2,74.7,7,29,100,6.5,25.3,Sim,Não,Sim,6,7.7,Não,Não
AL02252,27,Administração,Noturno,Presencial,Gaspar,1287,0,72.9,,24,62.9,6.2,9.9,Sim,Sim,Não,8,4.9,Não,Sim
AL02253,20,Desenvolvimento de Sistemas,Matutino,Presencial,Brusque,6566,6.6,87,7,26,94.1,6.5,24,Sim,Sim,Não,7,6.4,Sim,Não
AL02254,29,Desenvolvimento de Sistemas,Matutino,Presencial,Indaial,3201,8.6,82.1,3.9,59,78.7,5.3,5.7,Não,Não,Não,8,6.6,Sim,Não
AL02255,34,Automação Industrial,Noturno,Presencial,Gaspar,1851,0.7,89.5,3.8,10,53.4,4.8,3.5,Sim,Sim,Sim,8,4.2,Não,Sim
AL02256,32,Administração,Noturno,Presencial,Pomerode,1768,6.3,76.1,7.3,21,74.1,6,2.2,Sim,Sim,Não,7,5.3,Não,Não
AL02257,43,Administração,Matutino,Presencial,Indaial,1906,5.2,74.1,6.1,31,52.8,7.3,6.5,Sim,Sim,Não,6,4.6,Não,Não
AL02258,34,Eletromecânica,Matutino,Presencial,Blumenau,1857,5.8,85.9,7.5,29,87.7,5.6,18,Não,Sim,Não,5,6.2,Sim,Não
AL02259,19,Automação Industrial,Matutino,Presencial,Blumenau,2893,6.9,88.4,5.6,23,77.3,6.3,5.4,Não,Sim,Não,6,5.8,Não,Não
AL02260,18,Automação Industrial,Noturno,Híbrido,Gaspar,3133,15.6,83.4,7,28,100,8.1,3.9,Sim,Não,Não,7,7.9,Sim,Não
AL02261,16,Administração,Noturno,Híbrido,Timbó,1970,13.7,71.7,3.8,18,100,7.5,8.3,Sim,Não,Não,8,5.4,Não,Não
AL02262,33,Eletromecânica,Matutino,Presencial,Gaspar,13359,12.2,77.3,6.9,32,91.2,6.7,13.4,Sim,Sim,Não,8,7.1,Sim,Não
AL02263,47,Administração,Matutino,Presencial,Indaial,6848,9.1,76.2,4.8,42,100,7.6,9.9,Sim,Não,Não,6,6.2,Sim,Não
AL02264,36,Desenvolvimento de Sistemas,Matutino,Presencial,Indaial,5071,11.3,69.3,5.9,35,66.3,6.7,9.3,Sim,Sim,Não,7,6.4,Não,Sim
AL02265,20,Automação Industrial,Noturno,Presencial,Gaspar,900,10.4,76.2,6.5,55,93.1,7.6,20.5,Sim,Não,Sim,9,6.7,Sim,Não
AL02266,21,Automação Industrial,Noturno,Presencial,Blumenau,3278,14.7,,6.3,57,89.6,7.6,23.7,Sim,Não,Sim,8,6.8,Sim,Não
AL02267,27,Automação Industrial,Noturno,Presencial,Indaial,4424,9.5,88.3,6.2,55,80.6,8.1,4.3,Sim,Sim,Não,5,7.4,Sim,Não
AL02268,39,Automação Industrial,Matutino,Presencial,Indaial,2791,4.9,78,5.6,39,95.1,6.5,12.9,Não,Sim,Não,6,6.2,Sim,Sim
AL02269,19,Automação Industrial,Noturno,Presencial,Indaial,1250,7.6,83.3,5.4,51,86.6,6,12.5,Sim,Não,Não,6,5.2,Não,Sim
AL02270,16,Eletromecânica,Noturno,Presencial,Brusque,2874,11.2,85.5,5.3,57,86.8,7.8,11.5,Sim,Não,Não,8,7.7,Sim,Não
AL02271,42,Automação Industrial,Matutino,Híbrido,Brusque,3103,6.2,98.8,8,37,77.6,5.8,4.1,Sim,Sim,Sim,5,6.8,Sim,Não
AL02272,20,Automação Industrial,Matutino,Presencial,Gaspar,2245,6.9,68.9,7.6,30,97.3,7.6,20.4,Sim,Não,Não,7,6.4,Não,Sim
AL02273,26,Automação Industrial,Noturno,Presencial,Blumenau,1570,7.1,71.7,4.2,30,98.7,8.2,4,Sim,Sim,Não,5,6.6,Não,Não
AL02274,24,Desenvolvimento de Sistemas,Noturno,Híbrido,Indaial,1804,7.7,81.2,9.3,26,100,7.3,4.6,Sim,Sim,Não,7,8.3,Sim,Não
AL02275,28,Eletromecânica,Matutino,Presencial,Gaspar,8868,7.3,83.1,9.3,38,98.4,6.9,4,Sim,Sim,Não,9,8.6,Sim,Não
AL02276,16,Administração,Noturno,Presencial,Blumenau,5269,9.5,95.8,6.9,27,100,6.2,2.8,Sim,Sim,Não,10,7.5,Sim,Sim
AL02277,27,Administração,Noturno,Presencial,Blumenau,7452,8.3,76.6,5.2,49,88.4,4.2,6.3,Sim,Sim,Não,8,6,Sim,Não
AL02278,28,Eletromecânica,Matutino,Presencial,Pomerode,1464,15.1,77,7.6,54,100,9.2,11.1,Sim,Sim,Não,7,8.6,Sim,Não
AL02279,32,Automação Industrial,Noturno,Presencial,Brusque,2954,12.3,72.8,2.8,41,100,8.1,5.3,Sim,Sim,Não,5,6.1,Não,Não
AL02280,22,Administração,Matutino,Presencial,Timbó,1919,5.4,73.8,7.1,36,100,6.2,4.4,Não,Sim,Não,8,7.1,Não,Sim
AL02281,16,Eletromecânica,Noturno,Presencial,Timbó,4104,4.1,98.2,4.9,17,61.5,6,16.9,Sim,Não,Não,8,6.3,Sim,Não
AL02282,33,Administração,Matutino,Presencial,Gaspar,2934,0.9,78,9.1,23,87.6,8.7,6.2,Sim,Sim,Não,6,8,Sim,Não
AL02283,16,Automação Industrial,Matutino,Híbrido,Timbó,1397,13.2,87.6,5.9,42,96.2,5.5,2.7,Sim,Não,Não,8,7.4,Sim,Não
AL02284,19,Desenvolvimento de Sistemas,Noturno,Presencial,Timbó,7640,3.7,97.5,5.3,27,73.1,6,6.1,Sim,Sim,Não,6,5.6,Não,Não
AL02285,25,Eletromecânica,Matutino,Presencial,Gaspar,6044,6.7,98.1,8.2,52,88.8,6.2,4.6,Sim,Sim,Não,7,7.8,Sim,Não
AL02286,16,Eletromecânica,Noturno,Presencial,Pomerode,3725,8.4,93.4,5.6,35,97.4,6.5,7.2,Sim,Sim,Não,5,6.3,Sim,Não
AL02287,27,Administração,Noturno,Presencial,Blumenau,2476,6.7,95.2,5.6,19,56.8,5.7,24.4,Não,Sim,Sim,6,6.7,Sim,Não
AL02288,20,Desenvolvimento de Sistemas,Noturno,Híbrido,Pomerode,4492,7.9,93.7,5.3,29,100,7.2,6.5,Não,Não,Não,8,6.1,Sim,Não
AL02289,17,Automação Industrial,Noturno,Presencial,Blumenau,3497,7.2,83.4,5.3,31,77.8,6,5.3,Sim,Sim,Sim,8,5.3,Não,Não
AL02290,16,Administração,Matutino,Presencial,Pomerode,1617,10.3,84.2,5.6,38,92.5,6.5,4.9,Sim,Sim,Não,6,7.1,Sim,Não
AL02291,23,Eletromecânica,Noturno,Presencial,Pomerode,6613,11.4,75.1,6,28,100,6,3.5,Sim,Não,Não,7,7,Sim,Sim
AL02292,16,Automação Industrial,Noturno,Presencial,Timbó,7099,6.6,67.1,5.9,31,100,7.8,13,Sim,Não,Não,5,6.3,Não,Não
AL02293,30,Automação Industrial,Matutino,Presencial,Brusque,2028,2.9,80.9,6.9,45,66.2,6.5,23.9,Sim,Sim,Não,9,5.4,Não,Não
AL02294,19,Automação Industrial,Noturno,Presencial,Timbó,2429,7.3,78.9,7.9,11,80.5,6,12.8,Não,Não,Não,6,5.3,Não,Sim
AL02295,28,Eletromecânica,Noturno,Híbrido,Indaial,3103,14,59.5,5.9,40,100,7,4.3,Sim,Não,Não,8,6.1,Não,Não
AL02296,26,Eletromecânica,Matutino,Presencial,Gaspar,5648,13.1,86,7.8,39,77.5,8.3,10.6,Sim,Não,Não,6,6.8,Sim,Não
AL02297,18,Eletromecânica,Noturno,Presencial,Indaial,4502,0.1,100,5.6,17,81.1,4,7.1,Sim,Não,Não,6,7.8,Sim,Não
AL02298,16,Administração,Matutino,Presencial,Timbó,3988,12.5,75.4,6.5,43,88,7.7,14.3,Sim,Não,Sim,6,5.9,Não,Não
AL02299,21,Administração,Noturno,Presencial,Pomerode,2354,6.1,79,8.9,32,92,6.8,9,Não,Sim,Sim,6,7.1,Sim,Não
AL02300,25,Automação Industrial,Noturno,Presencial,Timbó,2069,9,69.2,5.6,28,100,6.4,3.9,Não,Sim,Sim,10,6,Não,Não
AL02301,30,Automação Industrial,Matutino,Presencial,Brusque,900,13.3,92.3,6.5,49,100,7.4,1.7,Sim,Sim,Não,8,8,Sim,Sim
AL02302,29,Administração,Matutino,Presencial,Pomerode,2861,6.3,81.4,6.4,41,73.5,7,13.7,Sim,Sim,Sim,9,7.3,Sim,Não
AL02303,30,Eletromecânica,Noturno,Presencial,Gaspar,3206,7.4,66.7,7.2,27,96.1,5.2,14.7,Sim,Sim,Não,7,7.7,Não,Sim
AL02304,28,Automação Industrial,Matutino,Presencial,Indaial,1028,13,87.6,4.9,25,93.8,7.2,5.8,Não,Não,Não,5,6,Sim,Não
AL02305,26,Automação Industrial,Noturno,Híbrido,Gaspar,2236,13,96.4,6,32,100,5.6,12,Não,Sim,Não,6,6.5,Sim,Não
AL02306,20,Administração,Matutino,Híbrido,Indaial,3034,17.4,100,6.3,51,100,7.6,3.1,Sim,Não,Não,7,8.2,Sim,Não
AL02307,30,Desenvolvimento de Sistemas,Matutino,Presencial,Blumenau,3032,11.3,84.9,6.1,15,62.9,7.2,17.1,Sim,Sim,Não,6,6.2,Sim,Não
AL02308,33,Administração,Matutino,Híbrido,Pomerode,1275,3.1,98.7,4.3,28,76.6,7.4,3.4,Sim,Sim,Não,9,5.1,Não,Não
AL02309,20,Administração,Matutino,Presencial,Brusque,2686,16.7,79.5,7.9,38,91.8,7.8,8.2,Sim,Não,Não,8,6.7,Sim,Não
AL02310,37,Eletromecânica,Noturno,Presencial,Brusque,1501,15.5,82.6,6.2,40,100,6.2,5,Sim,Não,Não,8,6.3,Sim,Não
AL02311,28,Desenvolvimento de Sistemas,Noturno,Presencial,Timbó,5747,11.5,63.4,4.3,47,93.5,8.3,4.4,Sim,Não,Não,10,5.2,Não,Não
AL02312,32,Eletromecânica,Noturno,Presencial,Pomerode,1146,9.4,80,6.2,34,100,7.2,8.9,Sim,Sim,Sim,10,5.6,Não,Não
AL02313,36,Desenvolvimento de Sistemas,Matutino,Presencial,Timbó,6734,16.7,83.3,7.3,30,99.4,6.3,6.7,Não,Não,Sim,8,7,Sim,Sim
AL02314,17,Automação Industrial,Noturno,Presencial,Pomerode,2476,10,,5.7,23,100,8,2.9,Sim,Não,Não,7,7.7,Sim,Não
AL02315,25,Desenvolvimento de Sistemas,Noturno,Presencial,Brusque,3226,7.6,77.6,8.4,36,97.3,7.6,20.9,Sim,Não,Não,7,6.3,Sim,Não
AL02316,30,Eletromecânica,Noturno,Presencial,Blumenau,1306,5.7,94.4,4.9,34,100,5.1,6.7,Sim,Sim,Não,9,5.7,Não,Sim
AL02317,29,Eletromecânica,Noturno,Presencial,Blumenau,1546,14.6,70.4,6.1,51,100,6.6,13.1,Sim,Sim,Não,4,7.9,Não,Não
AL02318,31,Desenvolvimento de Sistemas,Noturno,Presencial,Brusque,1952,15.3,79.5,5.4,58,92.4,8.2,7.1,Sim,Não,Não,8,8,Sim,Não
AL02319,21,Automação Industrial,Noturno,Híbrido,Pomerode,2991,10.9,85.6,8.8,42,100,8.2,5.2,Não,Não,Não,6,6.8,Sim,Não
AL02320,26,Eletromecânica,Matutino,Presencial,Blumenau,3196,9.3,77.9,6.2,7,78.6,9,0.8,Sim,Não,Não,7,6.3,Sim,Não
AL02321,27,Eletromecânica,Noturno,Presencial,Gaspar,4947,8.4,88.9,6.3,39,78.8,4.8,3.6,Sim,Sim,Não,8,5.9,Não,Não
AL02322,36,desenv. sistemas,Noturno,Híbrido,Pomerode,3084,8.6,88,4.9,51,83.6,6.8,18.9,Sim,Sim,Não,6,6.5,Sim,Não
AL02323,27,Administração,Noturno,Híbrido,Pomerode,4057,12.9,91.9,7.1,42,66.2,4.8,3.6,Sim,Sim,Não,5,6.2,Sim,Não
AL02324,33,Automação Industrial,Matutino,Presencial,Gaspar,1865,5.3,79.6,5.1,24,56.2,5.6,4,Sim,Sim,Não,8,5.3,Não,Não
AL02325,20,Administração,Matutino,Presencial,Indaial,2629,6,81.5,4.8,31,86.1,7.7,37.4,Sim,Sim,Sim,6,5.5,Não,Sim
AL02326,27,Eletromecânica,Noturno,Híbrido,Indaial,1612,9,84.3,8.8,45,64.1,7.9,16.4,Sim,Sim,Não,5,6.7,Sim,Não
AL02327,20,Administração,Noturno,Presencial,Timbó,2996,8.6,77.8,7.5,31,84.3,6,21.7,Sim,Sim,Não,9,5.8,Não,Não
AL02328,27,Administração,Matutino,Presencial,Timbó,2371,17.4,71.1,7.4,29,100,6.9,2,Não,Sim,Não,10,8,Não,Não
AL02329,31,Eletromecânica,Matutino,Presencial,Timbó,1035,0,82.5,5.9,30,81.1,6.5,10.5,Sim,Sim,Não,6,5.5,Não,Não
AL02330,20,Desenvolvimento de Sistemas,Noturno,Híbrido,Brusque,2873,12.1,95.5,5.8,52,73.4,7.9,16.3,Sim,Não,Não,9,7.7,Sim,Não
AL02331,22,Eletromecânica,Noturno,Presencial,Brusque,3030,5.7,77.6,7.1,25,77.2,7.4,5.7,Sim,Sim,Não,10,6.1,Sim,Não
AL02332,44,Administração,Noturno,Presencial,Pomerode,2952,4,,7.9,36,68.8,6.8,6.4,Sim,Não,Não,5,7.6,Sim,Não
AL02333,38,Eletromecânica,Noturno,Presencial,Pomerode,900,6.4,86.4,7.1,11,100,6.5,16.2,Sim,Não,Sim,9,8.1,Sim,Não
AL02334,30,Eletromecânica,Matutino,Presencial,Gaspar,3373,8.9,91.8,6.9,40,91.2,7.9,7.9,Sim,Sim,Não,7,5.9,Não,Não
AL02335,27,Eletromecânica,Noturno,Presencial,Timbó,4073,20.2,60.7,8.1,47,100,6.5,3.9,Sim,nao,Não,7,7.9,Não,Não
AL02336,31,Administração,Noturno,Presencial,Indaial,10140,10.1,82.5,8.3,21,98.4,8.8,7.6,Sim,Não,Não,4,5.6,Não,Não
AL02337,25,Eletromecânica,Matutino,Presencial,Blumenau,1145,8.3,63.3,5.7,30,79.4,8,13.9,Não,Sim,Sim,6,6,Não,Não
AL02338,35,Administração,Noturno,Presencial,Gaspar,10002,11.4,79.5,6.4,42,100,4.7,3.2,Sim,Sim,Sim,7,7.8,Sim,Não
AL02339,18,Eletromecânica,Noturno,Presencial,Indaial,3767,11,89.4,7.8,42,100,5.5,14.9,Sim,Não,Não,9,8.3,Sim,Não
AL02340,18,Desenvolvimento de Sistemas,Matutino,Presencial,Blumenau,7312,11.3,97.3,4.7,37,73.7,6.7,15.6,Sim,Não,Sim,7,6.9,Sim,Não
AL02341,16,Desenvolvimento de Sistemas,Noturno,Presencial,Brusque,5277,17.2,82.2,,49,99.8,8,6.3,Sim,Não,Não,8,7.2,Sim,Não
AL02342,19,Desenvolvimento de Sistemas,Matutino,Presencial,Indaial,7045,10.4,,7.4,39,78,7.3,10.2,Sim,Não,Sim,5,6.7,Sim,Não
AL02343,35,Automação Industrial,Noturno,Presencial,Pomerode,2163,8.8,72.6,5.2,44,100,4.2,11.4,Sim,Sim,Não,7,6,Não,Não
AL02344,33,Eletromecânica,Matutino,Presencial,Indaial,2618,13.5,83.1,9.9,30,100,9.7,21,Não,Não,Não,7,7.7,Sim,Não
AL02345,16,Eletromecânica,Noturno,Presencial,Gaspar,3186,11.1,84.3,5,35,61.9,6.2,25.1,Sim,Não,Não,6,7.2,Sim,Não
AL02346,23,Desenvolvimento de Sistemas,Matutino,Híbrido,Blumenau,2048,8.8,72.9,7.4,40,55.9,5.5,11,Sim,Sim,Não,7,5.7,Não,Não
AL02347,32,Automação Industrial,Noturno,Presencial,Timbó,12551,6.3,70.3,8.1,26,83.3,5.6,7.6,Sim,Sim,Não,6,6,Não,Não
AL02348,34,Administração,Noturno,Presencial,Brusque,5523,7.5,,5.1,24,95.9,6.2,2.2,Sim,Sim,Não,7,7.2,Sim,Não
AL02349,16,Administração,Noturno,Presencial,Brusque,2934,9.5,87.6,3.2,32,66.1,6.1,3.4,Sim,Sim,Sim,8,5.1,Não,Não
AL02350,28,Automação Industrial,Noturno,Híbrido,Brusque,2891,3.3,66.6,7.6,36,77.7,6.8,9.4,Sim,Sim,Não,5,7.2,Não,Sim
AL02351,24,Administração,Matutino,Presencial,Indaial,3667,3.5,79,5.2,23,65.6,8.3,3.4,Sim,Não,Sim,8,5.9,Não,Não
AL02352,16,Administração,Noturno,Presencial,Pomerode,1650,5.7,86.3,8.1,44,100,7,7.8,Sim,Não,Sim,9,7.8,Sim,Sim
AL02353,16,Eletromecânica,Matutino,Híbrido,Brusque,2348,13.5,91.9,,25,100,7,5.4,Sim,Não,Não,7,7.4,Sim,Não
AL02354,16,Automação Industrial,Matutino,Híbrido,Blumenau,3283,10.1,81.8,5.5,56,99.8,4.9,6.3,Não,Não,Sim,4,5.6,Não,Não
AL02355,39,Desenvolvimento de Sistemas,Matutino,Presencial,Pomerode,4120,8.8,76.6,5,47,61.1,7.9,7.4,Sim,Não,Não,9,5.8,Não,Não
AL02356,16,Desenvolvimento de Sistemas,Noturno,Presencial,Indaial,4080,18.7,67,6.2,47,100,8,13.5,Sim,Não,Sim,7,5.6,Não,Não
AL02357,16,Automação Industrial,Noturno,Presencial,Blumenau,6483,11.9,91.4,7,40,100,7,8.3,Sim,Não,Não,6,6.7,Sim,Não
AL02358,45,Eletromecânica,Matutino,Híbrido,Brusque,2040,10.7,95.4,6.2,28,76.9,7.2,4.3,Sim,Sim,Sim,9,7.3,Sim,Não
AL02359,28,Eletromecânica,Matutino,Híbrido,Blumenau,5059,4,93.7,4.4,15,58.1,6.5,5,Sim,Sim,Não,9,5.5,Não,Não
AL02360,20,Administração,Noturno,Presencial,Indaial,5564,11.5,78.7,5.5,48,82.9,7.5,15.8,Sim,Não,Não,8,6.8,Sim,Não
AL02361,31,Administração,Matutino,Presencial,Timbó,915,7.8,80.4,8.4,24,86.3,7.3,27.7,Não,Sim,Sim,6,6.8,Sim,Não
AL02362,31,Eletromecânica,Noturno,Presencial,Brusque,4410,6.7,80.5,6.6,37,93.4,6.6,4.1,Sim,Sim,Sim,10,6.7,Sim,Sim
AL02363,22,Desenvolvimento de Sistemas,Matutino,Híbrido,Pomerode,3461,8.9,94,4,36,83.7,6.4,10.4,Sim,Sim,Não,7,6.1,Sim,Não
AL02364,23,Automação Industrial,Matutino,Presencial,Timbó,5748,8.1,87.6,7.7,36,75.4,6.5,5,Sim,Sim,Não,7,6.6,Sim,Não
AL02365,19,Eletromecânica,Noturno,Híbrido,Brusque,1984,9.3,61.6,7.3,31,98.9,7.1,16,Sim,Não,Não,6,8.4,Não,Sim
AL02366,25,Automação Industrial,Noturno,Híbrido,Blumenau,,11.5,59.4,7.3,47,91.7,4.5,2,Sim,Sim,Sim,10,5.7,Não,Não
AL02367,28,Desenvolvimento de Sistemas,Matutino,Presencial,Blumenau,3891,6.3,80.7,7.9,40,81.8,6.7,14.6,Sim,Não,Sim,9,7.7,Sim,Não
AL02368,20,Desenvolvimento de Sistemas,noturno ,Híbrido,Timbó,4132,3,86.5,7.8,34,85.4,3.5,6.3,Sim,Sim,Sim,7,6.8,Sim,Não
AL02369,17,Eletromecânica,Noturno,Presencial,Indaial,2978,4.2,95.8,8.4,11,82.6,5.2,9.6,Sim,Sim,Não,8,6.1,Sim,Não
AL02370,29,Desenvolvimento de Sistemas,Matutino,Presencial,Blumenau,2095,11.8,98.6,9.5,30,86.1,6.3,4.1,Sim,Sim,Sim,8,7.5,Sim,Não
AL02371,35,Administração,Matutino,Híbrido,Blumenau,4457,11.1,69.6,5.5,54,97.4,6.6,11.4,Sim,Não,Não,6,7.2,Não,Não
AL02372,17,Desenvolvimento de Sistemas,Matutino,Presencial,Pomerode,1698,7,86.7,5.2,24,72.7,6.8,4,Sim,Não,Sim,10,5.7,Não,Não
AL02373,32,Administração,Matutino,Presencial,Brusque,10474,1.6,87.3,8.1,15,67.8,7.3,15.3,Sim,Sim,Não,7,7.1,Sim,Sim
AL02374,17,Administração,Noturno,Presencial,Indaial,2385,17.4,87.9,6.9,33,100,6.5,6.7,Não,Sim,Não,6,7.3,Sim,Não
AL02375,24,Eletromecânica,Matutino,Presencial,Blumenau,4884,7,58.5,7.3,44,80.3,7.2,9.8,Sim,Sim,Sim,5,6.5,Não,Sim
AL02376,45,Automação Industrial,Matutino,Presencial,Gaspar,4242,2.2,91.7,8.8,0,68.4,6.3,6.5,Sim,Sim,Não,7,7,Sim,Não
AL02377,22,Administração,Matutino,Presencial,Blumenau,3848,4.5,94,8.6,25,86.1,8.2,14.7,Não,Sim,Não,6,7.6,Sim,Não
AL02378,25,Administração,Noturno,Presencial,Blumenau,3207,10.4,78.7,5.7,41,86.9,5.8,13.6,Sim,Sim,Sim,8,7.4,Sim,Sim
AL02379,47,Eletromecânica,Noturno,Presencial,Blumenau,3215,6.7,86.3,8.9,21,58,8.2,4.6,Sim,Sim,Não,5,7,Sim,Não
AL02380,21,Desenvolvimento de Sistemas,Noturno,Presencial,Pomerode,2603,4,74.9,6.7,33,95.3,6.8,8.6,Sim,Não,Sim,10,7.8,Não,Não
AL02381,36,Administração,Matutino,Presencial,Blumenau,1659,2.9,81.9,6.3,27,67.6,6.8,16.4,Sim,Sim,Não,8,6.6,Sim,Não
AL02382,28,Desenvolvimento de Sistemas,Noturno,Presencial,Blumenau,3363,12.4,89.2,3.4,43,100,6.5,13.2,Sim,Não,Sim,7,5,Não,Não
AL02383,37,Eletromecânica,Noturno,Presencial,Blumenau,2136,12.4,95.5,6.2,38,85.5,6.3,11.8,Sim,Não,Não,7,6.4,Sim,Não
AL02384,32,Administração,Matutino,Presencial,Brusque,4095,7.6,86.1,5.8,32,63.2,7.1,9.4,Não,Sim,Não,9,4.9,Não,Não
AL02385,18,Eletromecânica,Noturno,Híbrido,Brusque,7300,8,68.3,5.6,44,96,7.8,15.1,Sim,Não,Não,10,6,Não,Não
AL02386,33,Automação Industrial,Matutino,Presencial,Pomerode,1730,12,68.7,7.5,39,99,5.5,6.6,Sim,Não,Não,8,7.9,Não,Não
AL02387,27,Administração,Matutino,Presencial,Brusque,1617,11.9,84.7,9.6,56,82.1,6,8,Não,Sim,Sim,7,8.3,Sim,Não
AL02388,27,Eletromecânica,Noturno,Presencial,Gaspar,5068,13.3,80.4,4.6,53,94.3,6.2,7.3,Sim,Não,Não,8,6.1,Sim,Não
AL02389,30,Eletromecânica,Matutino,Presencial,Timbó,3952,4.9,76.9,8.2,30,61,6.3,16.5,Sim,Sim,Não,7,5.9,Não,Não
AL02390,22,Eletromecânica,Noturno,Presencial,Brusque,2931,10.3,70.3,6.5,43,77.3,6.3,13.9,Sim,Sim,Não,7,5.4,Não,Não
AL02391,31,Administração,Matutino,Presencial,Timbó,4277,6.2,88.3,7,31,100,4.7,8.3,Sim,Sim,Sim,7,7,Sim,Não
AL02392,39,Desenvolvimento de Sistemas,Noturno,Presencial,Pomerode,4341,9.5,74,,30,83.1,6.5,3.1,Sim,Sim,Sim,8,6.4,Não,Não
AL02393,23,Administração,Noturno,Híbrido,Blumenau,2083,3.4,,7.6,14,71.5,8.4,5.1,Sim,Não,Não,7,5.9,Não,Não
AL02394,16,Automação Industrial,Matutino,Presencial,Pomerode,2556,11.2,79.2,7.8,53,100,6.4,10.7,Não,Não,Não,5,8.4,Sim,Sim
AL02395,32,Administração,Noturno,Presencial,Gaspar,3532,12.1,79.8,5.7,27,94.9,6.6,6.2,Sim,Sim,Não,7,7.2,Sim,Não
AL02396,23,Administração,Matutino,Presencial,Timbó,4213,7.9,87.3,6.4,56,96.9,7.1,4.3,Sim,Sim,Não,8,8.2,Sim,Não
AL02397,29,Administração,Noturno,Presencial,Timbó,1777,7.1,100,7.4,40,100,6.1,7.6,Sim,Sim,Não,9,7.5,Sim,Não
AL02398,21,Automação Industrial,Noturno,Presencial,Blumenau,5246,11.4,75.2,5.6,37,55.5,7,5.5,Sim,Não,Não,8,3.9,Não,Não
AL02399,16,Eletromecânica,Noturno,Presencial,Blumenau,3666,9.1,100,5.1,56,67.2,6.5,17.4,Sim,Sim,Não,6,6.8,Sim,Não
AL02400,19,Desenvolvimento de Sistemas,Matutino,Presencial,Blumenau,1311,7.6,77.2,6.3,41,77.3,7.5,14.8,Sim,Não,Sim,9,6.2,Sim,Não
AL02401,28,Eletromecânica,Matutino,Presencial,Indaial,3833,9.6,77.9,6.3,32,87.7,7.1,10.8,Sim,Sim,Sim,6,7.6,Sim,Não
AL02402,24,Eletromecânica,Noturno,Presencial,Pomerode,1042,0,91.8,5.4,10,67.8,7.1,6.6,Sim,Sim,Não,7,5.3,Não,Não
AL02403,32,Automação Industrial,Matutino,Presencial,Timbó,5776,0,75.9,5.5,21,97.6,7.1,16.3,Sim,Sim,Sim,7,5.8,Não,Não
AL02404,24,Automação Industrial,Noturno,Presencial,Blumenau,3543,10.1,85.7,3.1,18,77.4,4.8,14,Sim,Sim,Não,6,5,Não,Não
AL02405,30,Automação Industrial,Matutino,Presencial,Blumenau,8136,3.3,68.5,7.9,22,87.9,6.1,4.5,Sim,Sim,Não,9,6.3,Não,Não
AL02406,20,Administração,Noturno,Presencial,Blumenau,2410,5.2,88.9,6.1,47,66.6,6.2,1.6,Não,Sim,Não,8,5.6,Não,Não
AL02407,40,Administração,Matutino,Híbrido,Brusque,8477,13.7,90.3,6.4,41,83.9,6.8,14.3,Não,Sim,Não,7,7.1,Sim,Sim
AL02408,31,Automação Industrial,Matutino,Presencial,Pomerode,1048,7.9,78.2,5.8,42,80.7,6.2,31.9,Sim,Sim,Não,8,5.4,Não,Não
AL02409,43,Administração,Matutino,Híbrido,Gaspar,4612,5,78.8,5.5,28,85.4,6.3,10.7,Sim,Sim,Não,7,4.7,Não,Não
AL02410,34,Automação Industrial,Matutino,Presencial,Pomerode,2249,4.6,100,5.1,7,77.9,7.7,19.1,Não,Sim,Não,6,4.5,Não,Não
AL02411,35,Desenvolvimento de Sistemas,Noturno,Presencial,Pomerode,2769,6.1,76.5,7.5,31,86.6,7.1,-8,Sim,Sim,Não,5,7.2,Sim,Não
AL02412,32,Eletromecânica,Noturno,Presencial,Indaial,1814,8.1,87.3,8,43,93.2,5.5,3.7,Sim,Sim,Não,6,6,Sim,Sim
AL02413,31,Eletromecânica,Noturno,Presencial,Pomerode,6867,10.5,95.8,6.2,21,100,5.9,35.2,Sim,Não,Não,9,7.2,Sim,Sim
AL02414,17,Eletromecânica,Noturno,Presencial,Brusque,5264,8.1,86,6.2,37,79.5,4.5,9.8,Sim,Sim,Não,8,7.3,Sim,Sim
AL02415,26,Eletromecânica,Noturno,Presencial,Timbó,2733,15.2,85.4,9.4,10,100,6.6,27.5,Não,Não,Não,8,7.1,Sim,Não
AL02416,19,Administração,Noturno,Presencial,Gaspar,4008,14.5,86.9,5.9,29,94.8,6.6,10.5,Sim,Não,Não,7,6.9,Sim,Não
AL02417,27,Eletromecânica,Matutino,Presencial,Pomerode,3897,5.1,99.2,8.6,24,96.1,7.7,11,Sim,Sim,Não,7,8.4,Sim,Não
AL02418,18,Administração,Noturno,Híbrido,Brusque,3141,7.2,82.8,5,44,100,6.2,7.8,Sim,Sim,Sim,8,6.6,Sim,Não
AL02419,30,Eletromecânica,Matutino,Presencial,Timbó,4842,6.7,89.5,8.6,10,90.3,8.3,5.7,Sim,Não,Sim,8,9.2,Sim,Não
AL02420,33,Desenvolvimento de Sistemas,Matutino,Presencial,Pomerode,5434,14.4,99.6,5.2,45,100,7.2,12,Não,Não,Sim,5,9.4,Sim,Não
AL02421,24,Administração,Matutino,Híbrido,Gaspar,3671,6.6,86.8,9.9,36,100,6.5,2.3,Sim,Sim,Não,9,8.1,Sim,Não
AL02422,16,Desenvolvimento de Sistemas,Matutino,Presencial,Gaspar,1975,15.6,92.6,7.7,41,91.2,7.8,3.5,Sim,Não,Sim,6,8.8,Sim,Não
AL02423,27,Automação Industrial,Noturno,Híbrido,Pomerode,2048,14.8,84.1,,53,79.4,8.4,15.4,Sim,Não,Não,9,7.8,Sim,Não
AL02424,34,Administração,Noturno,Presencial,Brusque,2015,14,82.7,6.9,39,85,8.8,15.4,Não,Não,Não,5,6.9,Sim,Sim
AL02425,16,Eletromecânica,Matutino,Presencial,Indaial,3728,11.8,81.7,8.3,41,63.2,7.1,13,Sim,Não,Não,9,5.3,Não,Não
AL02426,28,Administração,Noturno,Presencial,Blumenau,2069,16.3,77.1,6.4,48,100,6.6,7.1,Sim,Sim,Não,8,7.4,Sim,Não
AL02427,35,Automação Industrial,Noturno,Híbrido,Gaspar,5652,3.3,92.1,5.3,20,96.2,6.9,6.2,Sim,Não,Não,9,5.8,Não,Não
AL02428,23,Eletromecânica,Matutino,Presencial,Pomerode,4507,0,90.2,6.8,59,81,4.8,8.8,Sim,Sim,Sim,7,7.5,Sim,Não
AL02429,25,Administração,Matutino,Híbrido,Gaspar,2586,19.6,81.7,6,37,100,5.9,9,Sim,Sim,Não,9,8.3,Sim,Não
AL02430,18,Automação Industrial,Matutino,Híbrido,Timbó,1328,14.4,85.7,7.5,36,72.4,7.5,16.7,SIM,Sim,Não,8,8.7,Sim,Não
AL02431,37,Automação Industrial,Matutino,Presencial,Blumenau,4482,8.6,75.3,4.9,19,100,7.5,15.4,Sim,Não,Não,7,7.1,Sim,Não
AL02432,27,Desenvolvimento de Sistemas,Matutino,Presencial,Pomerode,1772,17.5,100,5.2,47,85.4,6.6,6.9,Não,Não,Não,6,5.7,Não,Não
AL02433,24,Eletromecânica,Noturno,Presencial,Indaial,3129,4.7,68.2,6.5,21,91.5,9.5,7.5,Sim,Sim,Não,,5.4,Não,Não
AL02434,25,Eletromecânica,Noturno,Presencial,Brusque,3634,13,92.6,8.9,35,92.4,6,5.5,Sim,Não,Sim,7,7.9,Sim,Não
AL02435,42,Eletromecânica,Noturno,Presencial,Blumenau,2149,7.1,76.5,5.7,36,59.2,8.4,13,Não,Sim,Não,7,4.8,Não,Não
AL02436,26,Automação Industrial,Matutino,Presencial,Blumenau,1872,11.7,86.4,8.8,46,100,4.2,4.9,Sim,Sim,Sim,7,6.4,Sim,Não
AL02437,37,Eletromecânica,Noturno,Presencial,Timbó,5417,10.2,98.8,5.7,32,69.3,5.2,14.4,Sim,Sim,Não,7,6,Sim,Não
AL02438,28,Eletromecânica,Noturno,Presencial,Brusque,2477,6.8,80.9,6.6,45,86.9,6.5,4.1,Não,Sim,Não,7,5.3,Não,Não
AL02439,23,Automação Industrial,Noturno,Presencial,Indaial,2642,10.8,85,4.8,27,69,4.6,4.8,Sim,Sim,Não,9,6,Sim,Não
AL02440,28,Eletromecânica,Noturno,Presencial,Blumenau,4073,6.7,82.7,6.9,43,100,7.7,8.7,Sim,Sim,Sim,6,7.5,Sim,Não
AL02441,28,Desenvolvimento de Sistemas,Matutino,Presencial,Pomerode,2141,3.9,75.4,6.8,22,66.7,5.5,6.7,Sim,Sim,Não,8,5.8,Não,Não
AL02442,43,Eletromecânica,Noturno,Presencial,Brusque,2862,5,96.3,5,39,66.3,5.5,8.2,Sim,Sim,Não,8,6.4,Sim,Não
AL02443,32,Administração,Matutino,Presencial,Indaial,1494,9.7,84.5,4.5,27,100,6,8.4,Sim,Sim,Sim,8,5.9,Não,Não
AL02444,17,Eletromecânica,Noturno,Presencial,Blumenau,4459,11.9,73,6.6,22,95.4,7,5.6,Sim,Não,Não,7,6.6,Não,Não
AL02445,16,Administração,Matutino,Presencial,Brusque,2588,10.9,76.1,3.6,32,91.5,5.8,9.5,Sim,Sim,Não,5,5,Não,Não
AL02446,27,Eletromecânica,Matutino,Presencial,Blumenau,1329,8.3,75.7,6,45,80.1,7.6,5.1,Sim,Sim,Não,9,7.3,Sim,Não
AL02447,36,Eletromecânica,Matutino,Presencial,Brusque,3813,1.3,67.1,6.3,6,94.1,5.1,6.8,Sim,Sim,Não,10,5.3,Não,Não
AL02448,24,Automação Industrial,Noturno,Presencial,Timbó,4187,12.3,94.7,5.8,25,78.3,8.4,4.3,Sim,Não,Não,7,7,Sim,Não
AL02449,18,Eletromecânica,Matutino,Híbrido,Pomerode,,10.2,93.9,4.9,46,100,5.6,5.6,Sim,Sim,Sim,7,8.2,Sim,Não
AL02450,34,Administração,Matutino,Presencial,Brusque,1635,9.5,93.7,8.1,41,96.4,6.2,6.9,Sim,Não,Sim,7,8.3,Sim,Não
AL02451,28,Eletromecânica,Matutino,Presencial,Indaial,2653,6.3,92.9,7.7,62,100,5.6,15.7,Sim,Sim,Sim,10,7.8,Sim,Não
AL02452,45,Desenvolvimento de Sistemas,Matutino,Híbrido,Timbó,2282,7.1,88.3,5,44,79.5,6.6,5.8,Sim,Sim,Sim,7,6.9,Sim,Não
AL02453,35,Administração,Matutino,Presencial,Gaspar,2464,10.4,77,6.5,51,63.9,3.5,9.6,Não,Sim,Não,8,5.5,Não,Não
AL02454,21,Automação Industrial,Noturno,Presencial,Pomerode,1631,13.2,79,4,44,78.6,6.6,9.2,Sim,Não,Não,8,6.2,Sim,Não
AL02455,16,Administração,Matutino,Presencial,Timbó,4309,11.9,81,7.1,40,85.4,5,3.2,Sim,Sim,Não,7,7.7,Sim,Não
AL02456,26,Eletromecânica,Matutino,Presencial,Gaspar,3531,12.5,96.3,8.2,20,100,6,8.5,Sim,Sim,Sim,6,9.9,Sim,Não
AL02457,24,Automação Industrial,Noturno,Hibrido,Indaial,4331,3,75.5,8.4,30,80.4,6.8,10,Sim,Sim,Sim,6,7,Sim,Não
AL02458,25,Administração,Noturno,Presencial,Timbó,8997,5.3,91.6,7.7,22,100,6.5,4.8,Sim,Sim,Não,4,7.9,Sim,Sim
AL02459,31,Automação Industrial,Noturno,Presencial,Timbó,5436,5.1,76,,28,100,8.2,14.9,Sim,Sim,Sim,6,6,Sim,Não
AL02460,30,Desenvolvimento de Sistemas,Matutino,Presencial,Indaial,6589,5.3,57.1,5.1,42,78.1,7.7,14.6,Sim,Não,Não,7,4.4,Não,Sim
AL02461,23,Desenvolvimento de Sistemas,Matutino,Presencial,Timbó,13121,10,71.2,6.3,44,73.8,7.6,19.8,Sim,Sim,Sim,6,6.1,Não,Não
AL02462,36,Automação Industrial,Noturno,Presencial,Brusque,5001,7.4,73.9,9.7,48,79.9,4.4,6.8,Não,Sim,Não,9,7.1,Não,Não
AL02463,28,Automação Industrial,Noturno,Presencial,Pomerode,3253,11,70.5,8,51,77.3,5.4,14.6,Sim,Sim,Não,9,7.2,Não,Não
AL02464,32,Administração,Noturno,Presencial,Gaspar,3689,4.6,87.5,6.2,13,83.2,7.4,1.3,Sim,Sim,Não,8,5.7,Não,Não
AL02465,16,Automação Industrial,Noturno,Híbrido,Gaspar,3272,13.9,80.3,5.4,23,100,6.5,4.1,Sim,Sim,Sim,8,6.4,Sim,Não
AL02466,19,Automação Industrial,Noturno,Presencial,Pomerode,3401,6.4,83.7,4.1,19,100,5,12.1,Sim,Sim,Sim,9,6,Sim,Sim
AL02467,42,Desenvolvimento de Sistemas,Noturno,Presencial,Timbó,5872,3.2,88.7,8.1,12,71.8,7.8,5.6,Sim,Sim,Não,7,7.5,Sim,Não
AL02468,25,Desenvolvimento de Sistemas,Noturno,Presencial,Indaial,2242,8.9,89,5.3,41,90.2,4.9,6.7,Sim,Sim,Não,6,5.7,Não,Não
AL02469,27,Automação Industrial,Noturno,Presencial,Blumenau,1222,0.7,76.8,7.8,15,71.8,5.3,6.9,Sim,Sim,Sim,6,6.3,Sim,Não
AL02470,22,Eletromecânica,Noturno,Presencial,Timbó,1462,7.4,90.8,6.4,24,85.9,6.2,17.6,Sim,Sim,Sim,4,6.9,Sim,Não
AL02471,30,Administração,Noturno,Presencial,Indaial,1627,6.9,59.5,6.8,19,81.9,6.8,3.7,Sim,Sim,Não,2,6.7,Não,Não
AL02472,31,Eletromecânica,Matutino,Híbrido,Blumenau,4438,8.3,80.7,5.6,46,86.2,7.6,28.2,Não,Não,Não,6,6.9,Sim,Não
AL02473,39,Desenvolvimento de Sistemas,Matutino,Presencial,Blumenau,2192,10,91.9,7.1,51,100,6.7,10.4,Sim,Sim,Não,9,7.3,Sim,Não
AL02474,16,Desenvolvimento de Sistemas,Noturno,Presencial,Gaspar,9195,6,94.6,6.1,21,97.8,6.9,8.9,Sim,Sim,Não,7,7.7,Sim,Não
AL02475,17,Desenvolvimento de Sistemas,Matutino,Presencial,Blumenau,2997,3.9,76.8,8.1,34,85.7,5.2,5.5,Sim,Sim,Não,5,6.7,Sim,Sim
AL02476,33,Eletromecânica,Noturno,Presencial,Pomerode,4224,3.7,65.7,5.2,24,99.6,5.3,22.9,Sim,Sim,Não,6,7.1,Não,Não
AL02477,27,Automação Industrial,Noturno,Presencial,Brusque,1716,6.1,82.8,7.5,26,63.9,7.3,3.9,Sim,Sim,Sim,7,7.4,Sim,Não
AL02478,32,Automação Industrial,Noturno,Presencial,Brusque,1153,10,81.8,7.1,54,99,7.5,7.2,Sim,Sim,Não,7,8.8,Sim,Não
AL02479,24,Eletromecânica,Noturno,Híbrido,Pomerode,1884,10.7,77,5.3,20,87.2,7.3,34.6,Sim,Não,Não,9,6.6,Sim,Não
AL02480,23,Administração,Matutino,Presencial,Pomerode,3670,3.1,98.6,4.5,24,54.1,6.8,9.5,Sim,Sim,Não,9,6.6,Sim,Não
AL02481,23,Administração,Matutino,Presencial,Pomerode,2889,1.3,82.2,6.5,47,78.1,4.5,5.8,Sim,Sim,Não,6,5.8,Não,Não
AL02482,23,Automação Industrial,Noturno,Híbrido,Timbó,2263,11.4,94.4,9.6,46,100,5.7,2,Não,Sim,Não,7,9,Sim,Não
AL02483,17,Desenvolvimento de Sistemas,Matutino,Presencial,Blumenau,3984,5.7,99.7,5.9,26,82,5.7,5,Sim,Sim,Não,7,6.3,Sim,Não
AL02484,41,Administração,Noturno,Presencial,Brusque,1468,12.3,92.3,8.6,56,97.6,7.2,4.2,Não,Não,Sim,8,8.5,Sim,Não
AL02485,26,Administração,Noturno,Presencial,Pomerode,3900,5.8,71.7,7.3,16,91.6,6.2,5.5,Sim,Sim,Não,10,5.4,Não,Não
AL02486,30,Administração,Noturno,Presencial,Blumenau,3361,11.7,86.9,5.6,46,100,4.7,8.4,Sim,Sim,Não,6,7.4,Sim,Sim
AL02487,44,Eletromecânica,Matutino,Híbrido,Gaspar,4160,2.5,97.9,6.9,16,74.5,4.9,11.4,Sim,Sim,Não,9,7.5,Sim,Sim
AL02488,41,Automação Industrial,Noturno,Presencial,Gaspar,1435,10.1,89,7.2,11,100,6.5,19.9,Sim,Sim,Não,7,7.8,Sim,Não
AL02489,43,Automação Industrial,Matutino,Presencial,Indaial,3505,11.1,76.6,8.4,49,100,7.6,10.4,Sim,Sim,Não,9,7.4,Sim,Não
AL02490,35,Automação Industrial,Noturno,Presencial,Indaial,3054,2.9,89.5,7.9,36,86.3,8.7,4.5,Não,Não,Não,5,6.8,Sim,Não
AL02491,36,Administração,Matutino,Presencial,Timbó,2624,10.4,65.6,5.3,6,100,6.1,7.2,Sim,Sim,Sim,5,7.1,Não,Sim
AL02492,33,Eletromecânica,Noturno,Presencial,Blumenau,1686,4.4,92.6,6.8,24,81.7,4.5,22.9,Sim,Sim,Não,6,6.8,Sim,Sim
AL02493,30,Eletromecânica,Matutino,Presencial,Pomerode,3841,5.5,94.2,8.5,28,70.6,7.6,2.8,Sim,Não,Sim,8,6.5,Sim,Não
AL02494,16,Automação Industrial,Matutino,Presencial,Pomerode,6712,8.5,91.5,8.1,38,100,6.3,6.5,Sim,Sim,Não,6,7.4,Sim,Não
AL02495,16,Automação Industrial,Noturno,Híbrido,Indaial,,11.1,88,7.7,55,70.3,7.4,3.1,Sim,Sim,Não,6,7.4,Sim,Sim
AL02496,31,Desenvolvimento de Sistemas,Noturno,Presencial,Blumenau,2391,7.5,86.4,6,38,78.7,5.7,2.6,Sim,Sim,Não,10,5.6,Não,Não
AL02497,24,Administração,Noturno,Presencial,Timbó,3497,8.3,91.2,9,44,69.5,7.1,18.6,Sim,Sim,Não,4,7.3,Sim,Sim
AL02498,27,Automação Industrial,Matutino,Presencial,Indaial,1535,7.5,77.1,4.2,26,90.1,6,4.1,Sim,Sim,Não,7,5.9,Não,Não
AL02499,22,Automação Industrial,Noturno,Presencial,Pomerode,3244,0,59.7,5.5,39,80.3,6.8,9.6,Sim,Sim,Não,5,5.2,Não,Sim
AL02500,22,Administração,Noturno,Presencial,Brusque,4931,14.7,92.8,4.9,37,76.9,6,9.8,Sim,Não,Não,6,7.6,Sim,Não
AL02501,17,Administração,Matutino,Presencial,Gaspar,4109,18,100,5.1,34,96,6.9,4.2,Sim,Não,Não,10,6.7,Sim,Não
AL02502,17,Desenvolvimento de Sistemas,Noturno,Presencial,Gaspar,6055,6.1,97.8,5.7,21,100,5.5,33.6,Sim,Sim,Não,,8.7,Sim,Não
AL02503,19,Automação Industrial,Noturno,Presencial,Timbó,8831,4.5,79.1,5,37,73,7.2,1.3,Sim,Sim,Não,9,6,Sim,Não
AL02504,16,Administração,Noturno,Presencial,Pomerode,2260,6.1,84.3,8.4,31,92.7,7.4,13.4,Não,Sim,Não,5,8.1,Sim,Sim
AL02505,19,Desenvolvimento de Sistemas,Matutino,Presencial,Blumenau,3895,13.4,84.6,3.9,38,89.7,4.7,6.8,Sim,Sim,Sim,5,7.4,Sim,Não
AL02506,38,Desenvolvimento de Sistemas,Matutino,Presencial,Indaial,2127,11.7,92,6.9,41,74.5,6.7,37.9,Sim,Sim,Não,9,7.3,Sim,Não
AL02507,20,Administração,Noturno,Presencial,Gaspar,2651,4,82.9,6.4,29,100,8.9,14.6,Não,Sim,Sim,7,7.5,Sim,Não
AL02508,22,Automação Industrial,Matutino,Presencial,Pomerode,2941,10.9,84.1,3.5,51,84.1,7.2,9.9,Sim,Não,Não,10,6,Sim,Não
AL02509,37,Desenvolvimento de Sistemas,Noturno,Híbrido,Gaspar,2803,6.7,77.8,4.7,28,86.4,5.9,20.2,Não,Sim,Não,7,4.6,Não,Não
AL02510,26,Desenvolvimento de Sistemas,Noturno,Presencial,Timbó,3608,6.6,92.3,5.7,21,89.8,7.5,3.8,Sim,Sim,Sim,7,7.6,Sim,Não
AL02511,18,Automação Industrial,Noturno,Presencial,Pomerode,900,3.1,100,7.9,26,90.9,8.9,7.4,Sim,Sim,Não,6,6.6,Sim,Não
AL02512,18,Eletromecânica,Matutino,Híbrido,Blumenau,2603,3.9,92.1,6.2,33,67,7.8,4.9,Sim,Não,Sim,5,6.7,Sim,Sim
AL02513,44,Automação Industrial,Noturno,Presencial,Pomerode,1690,2.1,84.3,6.7,10,93.7,5.4,3.2,Sim,Sim,Não,7,6.6,Sim,Não
AL02514,17,Automação Industrial,Matutino,Presencial,Pomerode,4015,12.8,84.3,6.8,20,93.9,7.5,1.6,Sim,Não,Sim,7,6.9,Sim,Não
AL02515,41,Desenvolvimento de Sistemas,Noturno,Presencial,Pomerode,3051,16.8,80.8,5.5,58,91.5,9,3.3,Sim,Não,Não,7,6.7,Sim,Não
AL02516,27,Eletromecânica,Noturno,Presencial,Gaspar,1736,13.3,98.8,6.6,37,98,9.1,7.7,Sim,Não,Não,7,8.6,Sim,Não
AL02517,16,Eletromecânica,Noturno,Presencial,Brusque,6189,15.3,79.6,7.9,34,95.7,5.3,2.1,Sim,Não,Sim,10,7.9,Sim,Não
AL02518,18,Desenvolvimento de Sistemas,Noturno,Presencial,Brusque,4173,2,96.3,3.2,39,89.4,7.2,7.1,Sim,Não,Não,8,4.7,Não,Não
AL02519,28,Administração,Noturno,Presencial,Timbó,2484,0,45,9.5,33,73.5,7.2,8.4,Sim,Sim,Não,7,6.7,Não,Sim
AL02520,20,Desenvolvimento de Sistemas,Noturno,Presencial,Blumenau,4536,8.3,88.5,6.7,37,75.5,7.7,12.8,Sim,Não,Sim,9,6.5,Sim,Não
AL02521,41,Automação Industrial,Noturno,Híbrido,Indaial,3273,0,76.8,8.3,17,78,8.2,6.6,Sim,Sim,Não,7,6.4,Sim,Não
AL02522,33,Eletromecânica,Noturno,Presencial,Pomerode,7216,3.7,81.6,6.4,26,54.3,7.7,8.5,Sim,Sim,Não,10,5.8,Não,Sim
AL02523,22,Eletromecânica,Matutino,Presencial,Gaspar,1006,12.5,93.9,7.4,36,100,7.1,12.5,Sim,Não,Não,8,9.1,Sim,Não
AL02524,33,Automação Industrial,Matutino,Presencial,Gaspar,1873,2.9,91,8.7,25,54.4,5.9,6.8,Sim,Sim,Sim,8,7,Sim,Não
AL02525,29,Automação Industrial,Noturno,Presencial,Brusque,2461,3.8,89.4,7.4,23,91.9,7.7,6.3,Sim,Sim,Não,7,6.9,Sim,Não
AL02526,22,Desenvolvimento de Sistemas,Noturno,Híbrido,Blumenau,1789,8.5,88,4.6,28,74.1,7.4,3.5,Sim,Sim,Sim,9,5.9,Não,Não
AL02527,24,Desenvolvimento de Sistemas,Matutino,Presencial,Gaspar,1969,1.8,85.1,8.2,43,49.2,5.7,6.2,Não,Sim,Não,7,5.2,Não,Sim
AL02528,31,Administração,Matutino,Presencial,Gaspar,8446,15.8,87.3,4.4,50,73,6.8,10.4,Não,Não,Não,6,6,Sim,Não
AL02529,16,Eletromecânica,Matutino,Presencial,Timbó,2404,14.5,75,5.6,55,100,6.3,32.2,Não,Não,Sim,9,6,Sim,Não
AL02530,48,Eletromecânica,Noturno,Presencial,Pomerode,1991,12.8,85.6,8.4,60,100,7.2,12.5,Sim,Não,Não,6,7.4,Sim,Não
AL02531,21,Eletromecânica,Noturno,Presencial,Blumenau,2963,16.8,90.6,5.6,60,100,6.9,13.7,Sim,Não,Sim,7,8,Sim,Não
AL02532,20,Administração,Noturno,Presencial,Timbó,3152,13.1,88.6,7.3,51,100,7.3,8.2,Sim,Não,Não,8,7.9,Sim,Não
AL02533,16,desenv. sistemas,Matutino,Presencial,Indaial,2370,5.8,82.7,4.6,37,70.6,4.7,16.9,Sim,Sim,Não,9,5.4,Não,Não
AL02534,38,Administração,Noturno,Presencial,Blumenau,971,8.3,86.2,7.6,36,94.8,7.3,5.9,Sim,Sim,Sim,8,8.5,Sim,Não
AL02535,44,Administração,Noturno,Presencial,Blumenau,4287,3.7,,5.8,54,46.8,7,8.5,Sim,Sim,Não,6,5.2,Não,Não
AL02536,23,Desenvolvimento de Sistemas,Matutino,Presencial,Blumenau,7090,9.9,73.4,5.7,38,77.9,7.4,11.4,Sim,Sim,Sim,9,8.7,Não,Não
AL02537,42,Desenvolvimento de Sistemas,Noturno,Presencial,Timbó,2515,12.9,97.6,6.3,56,91.8,8.6,20.4,Sim,Não,Não,5,7.3,Sim,Sim
AL02538,30,Automação Industrial,Matutino,Presencial,Blumenau,4283,2,67.6,6.6,32,85.7,6.2,3.9,Sim,Não,Sim,4,6.8,Não,Sim
AL02539,20,Administração,Noturno,Presencial,Blumenau,4559,14.8,92.7,6.3,49,100,8.3,17.1,Sim,Não,Não,8,8.3,Sim,Não
AL02540,17,Administração,Matutino,Presencial,Blumenau,1915,14.3,94.5,5.2,51,79.4,6.4,6.9,Sim,Não,Não,7,5.9,Não,Não
AL02541,33,Automação Industrial,Noturno,Presencial,Blumenau,1293,7.9,92.4,7.5,34,100,7.4,3.1,Sim,Sim,Sim,7,7.8,Sim,Não
AL02542,40,Eletromecânica,Noturno,Presencial,Pomerode,6419,7,82.9,7,10,78.5,8,8.8,Sim,Sim,Sim,4,5.8,Não,Não
AL02543,30,Automação Industrial,Matutino,Presencial,Pomerode,959,18.4,68.5,7.3,73,99.9,7.4,22.1,Sim,Não,Não,5,7.3,Não,Sim
AL02544,41,Eletromecânica,Noturno,Presencial,Blumenau,8915,11.4,83.8,8.2,36,95.3,5.6,2.5,Sim,Sim,Não,5,7.5,Sim,Não
AL02545,30,Automação Industrial,Noturno,Presencial,Blumenau,1022,4.5,91.6,7.4,42,87.3,6.7,11.2,Sim,Sim,Não,9,8.2,Sim,Não
AL02546,16,Administração,Noturno,Híbrido,Brusque,2029,6.4,74.9,5.6,28,95.6,8.5,10,Não,Não,Não,7,6.8,Não,Não
AL02547,24,Administração,Noturno,Presencial,Brusque,5373,6.2,95.9,5.7,27,37.2,6.4,6.4,Não,Sim,Não,6,5.1,Não,Sim
AL02548,23,Automação Industrial,Noturno,Presencial,Indaial,3282,9.5,79.6,8,46,92.4,6.9,17.7,Não,Não,Sim,8,7,Sim,Sim
AL02549,16,Desenvolvimento de Sistemas,Noturno,Presencial,Brusque,1878,10,91.1,5.3,39,100,6.7,5.6,Sim,Não,Não,5,7.6,Sim,Não
AL02550,25,Desenvolvimento de Sistemas,Noturno,Presencial,Pomerode,5352,9.9,97.8,5.6,45,87.1,7,0.7,Sim,Sim,Sim,7,7.8,Sim,Não
AL02551,35,Administração,Noturno,Presencial,Brusque,1205,6.9,61.7,7.2,47,92.7,6.1,3.9,Sim,Sim,Não,4,6.2,Não,Não
AL02552,37,Administração,Matutino,Híbrido,Brusque,1284,1.8,94.8,3.1,13,86.4,7.1,8.5,Sim,Sim,Não,7,5.7,Não,Não
AL02553,35,Administração,Matutino,Presencial,Blumenau,3958,13.7,76.2,7.4,17,100,9.4,8.3,Sim,Sim,Não,7,8.2,Sim,Não
AL02554,33,Desenvolvimento de Sistemas,Noturno,Presencial,Gaspar,2059,3.6,84.9,7.7,32,85.5,7.4,10.9,Sim,Não,Sim,10,6.7,Sim,Não
AL02555,28,Desenvolvimento de Sistemas,Noturno,Presencial,Brusque,3492,4.1,64.9,4.6,15,43.1,8.3,4.4,Sim,Sim,Não,9,3.6,Não,Sim
AL02556,27,Administração,Matutino,Presencial,Gaspar,3311,6.6,82.1,6.6,40,83,6.1,25.9,Sim,Sim,Não,5,6.7,Sim,Não
AL02557,19,Eletromecânica,Noturno,Presencial,Timbó,2280,7.2,65.7,6.1,3,96.7,7.3,26.8,Sim,Não,Sim,6,5.4,Não,Não
AL02558,26,Eletromecânica,Matutino,Híbrido,Blumenau,2411,13.5,91.8,5.5,49,80.4,5.3,1.9,Não,Sim,Não,10,4.5,Não,Sim
AL02559,34,Automação Industrial,Matutino,Presencial,Pomerode,1737,6.1,90.1,7,30,47.7,9.1,20.3,Sim,Sim,Não,8,5.8,Não,Não
AL02560,39,Automação Industrial,Matutino,Presencial,Pomerode,5219,8.3,87.9,7.2,30,96.4,6.1,7.2,Sim,Sim,Não,7,7.6,Sim,Não
AL02561,27,Eletromecânica,Matutino,Presencial,Brusque,2047,0,94.2,5.5,32,83.5,5.9,13.8,Sim,Sim,Não,7,6.7,Sim,Não
AL02562,18,Automação Industrial,Noturno,Híbrido,Indaial,3509,10.7,72.3,6.1,40,87.4,9.2,3.4,Sim,Não,Sim,9,7.2,Não,Não
AL02563,21,Desenvolvimento de Sistemas,Matutino,Presencial,Brusque,1688,10.4,89.9,7,41,90,7.1,6.3,Sim,Não,Não,9,7.9,Sim,Não
AL02564,40,Automação Industrial,Matutino,Híbrido,Pomerode,4512,1.6,87.8,6.3,37,73.1,8.6,5.7,Sim,Sim,Sim,6,6.2,Sim,Não
AL02565,29,Desenvolvimento de Sistemas,Matutino,Presencial,Timbó,3318,2.2,81.8,6.9,37,47.3,7.7,1.8,Sim,Sim,Não,7,6.7,Sim,Não
AL02566,29,Desenvolvimento de Sistemas,Noturno,Híbrido,Timbó,3017,13.6,85.5,6.8,26,68.1,5.4,20.2,Sim,Sim,Não,9,7.6,Sim,Não
AL02567,23,Desenvolvimento de Sistemas,Matutino,Presencial,Timbó,1484,5.3,89.8,5.5,35,47.1,7.7,9.4,Não,Sim,Não,6,5,Não,Não
AL02568,22,Administração,Matutino,Presencial,Pomerode,2274,6.2,83.9,6.1,27,73.6,4.9,8.8,Sim,Sim,Sim,8,4.9,Não,Não
AL02569,18,Administração,Noturno,Presencial,Pomerode,3803,13.9,100,9.5,42,100,9,1.7,Não,Não,Sim,7,7.9,Sim,Não
AL02570,16,Automação Industrial,Noturno,Presencial,Pomerode,2709,8.7,95.7,6.5,35,100,7.6,5.2,Sim,Não,Não,5,7.7,Sim,Sim
AL02571,36,Administração,Noturno,Presencial,Pomerode,6529,8,84.2,4.9,25,74.1,7.7,8.5,Não,Sim,Não,8,5.3,Não,Não
AL02572,32,Automação Industrial,Noturno,Presencial,Timbó,4128,9.9,83.6,7.7,36,98.7,5.3,10.1,Sim,Sim,Sim,6,6.8,Sim,Não
AL02573,33,Administração,Noturno,Híbrido,Gaspar,10498,11.5,91.3,6.1,23,98.2,6.5,13.1,Sim,Sim,Não,6,6.9,Sim,Não
AL02574,36,Desenvolvimento de Sistemas,Matutino,Híbrido,Brusque,2790,9,93.8,4.8,21,93.2,5.5,7.6,Não,Sim,Não,6,6.4,Sim,Não
AL02575,16,Automação Industrial,Matutino,Presencial,Blumenau,3543,9.9,81.7,5.3,46,66.2,9.2,12,Sim,Não,Não,7,6.2,Sim,Não
AL02576,21,Eletromecânica,Matutino,Presencial,Indaial,5048,13.8,74.6,7.2,42,100,5.6,6.1,Sim,Sim,Não,7,8.4,Não,Não
AL02577,31,Eletromecânica,Noturno,Presencial,Blumenau,1907,2.5,94,7.9,22,92.4,7.1,12,Sim,Sim,Sim,8,6,Sim,Não
AL02578,16,Eletromecânica,Matutino,Híbrido,Gaspar,3207,7.5,77.7,6.4,18,80.2,4.6,7.6,Sim,Sim,Sim,5,4.7,Não,Não
AL02579,25,Eletromecânica,Matutino,Presencial,Brusque,7871,9.8,82.2,7,43,94.2,6.5,3.3,Sim,Não,Não,6,6.9,Sim,Não
AL02580,29,Automação Industrial,Matutino,Presencial,Blumenau,4694,9.6,71.6,6.3,21,75,6.5,5.1,Sim,Não,Não,10,7.3,Não,Sim
AL02581,24,Desenvolvimento de Sistemas,Matutino,Presencial,Blumenau,2265,7.2,87.6,7.7,43,82.7,8.4,22.5,Não,Sim,Sim,7,6.6,Sim,Sim
AL02582,27,Automação Industrial,Noturno,Presencial,Gaspar,2128,4.2,80.9,6.9,27,97.2,7.8,10.1,Sim,Sim,Não,9,7,Sim,Não
AL02583,22,Desenvolvimento de Sistemas,Noturno,Híbrido,Indaial,3057,10.4,91,7.1,32,79.3,7.1,11.4,Sim,Sim,Não,4,7.3,Sim,Não
AL02584,19,Desenvolvimento de Sistemas,Matutino,Presencial,Timbó,1952,14.4,74.7,6.3,32,94.2,8.8,30.1,Não,Não,Não,5,6.6,Não,Sim
AL02585,36,Administração,Noturno,Presencial,Indaial,3410,6.2,87.4,7.4,39,100,6,2.2,Sim,Sim,Não,8,7.4,Sim,Sim
AL02586,26,Automação Industrial,Noturno,Presencial,Indaial,1510,9.7,92,3.9,34,72.3,6.3,2.7,Sim,Não,Não,7,5.9,Não,Não
AL02587,16,Administração,Matutino,Presencial,Pomerode,3516,6,87.3,3.9,34,73.8,10,9.7,Sim,Não,Não,10,4.7,Não,Sim
AL02588,41,Eletromecânica,Noturno,Presencial,Blumenau,2129,8.3,77.3,7,26,72.7,6,8.2,Sim,Sim,Não,5,7,Sim,Sim
AL02589,24,Eletromecânica,Noturno,Híbrido,Indaial,5532,2.7,85.9,5.2,31,79.3,7.5,7.3,Não,Sim,Sim,8,5,Não,Não
AL02590,16,Eletromecânica,Noturno,Presencial,Gaspar,4375,0,66.6,7.6,29,100,6.3,22.9,Sim,Sim,Não,8,6.4,Não,Sim
AL02591,16,Desenvolvimento de Sistemas,Matutino,Híbrido,Brusque,4787,17.6,85.4,5.5,25,100,9.8,4.1,Sim,Não,Sim,8,6.5,Sim,Não
AL02592,25,Automação Industrial,Noturno,Presencial,Blumenau,7337,10.9,92.3,7.1,33,66.3,6.2,5.2,Sim,Sim,Não,8,7.6,Sim,Não
AL02593,30,Eletromecânica,Matutino,Presencial,Brusque,5785,6.7,76.2,6.3,34,67.9,7.8,16.8,Sim,Sim,Não,10,5.1,Não,Não
AL02594,16,Desenvolvimento de Sistemas,Noturno,Presencial,Pomerode,3533,8.6,82.8,5.4,37,56.4,6.3,13.7,Sim,Sim,Não,8,4.8,Não,Sim
AL02595,28,Desenvolvimento de Sistemas,Matutino,Presencial,Blumenau,2871,14.7,96.4,6.8,51,82.5,6.6,43.1,Sim,Sim,Não,6,7,Sim,Não
AL02596,35,Administração,Noturno,Presencial,Brusque,2802,12.1,100,8.2,48,100,5.2,10.5,Sim,Sim,Sim,8,6.3,Sim,Não
AL02597,39,Eletromecânica,Noturno,Presencial,Gaspar,3049,5.5,77.7,8.3,30,84.4,7.9,8.1,Sim,Sim,Não,6,6.2,Sim,Não
AL02598,25,Automação Industrial,Noturno,Presencial,Indaial,3099,13.7,81.3,7.5,57,100,7.7,10.1,Sim,Não,Sim,7,9.1,Sim,Não
AL02599,30,Automação Industrial,Matutino,Presencial,Gaspar,14000,6.8,76.8,4.9,57,94.7,5.2,3.1,Sim,Sim,Não,8,6,Sim,Não
AL02600,16,Desenvolvimento de Sistemas,Matutino,Híbrido,Indaial,1543,11.5,100,6.8,26,100,5,3.5,Não,Sim,Sim,5,7.7,Sim,Não
AL02601,39,Desenvolvimento de Sistemas,Matutino,Híbrido,Gaspar,1338,8.2,71.7,6,44,94.5,6.1,9.5,Sim,Sim,Não,10,7.3,Não,Não
AL02602,16,Eletromecânica,Matutino,Presencial,Indaial,5890,7,71.4,4.9,21,71.8,8.7,13.7,Sim,Não,Não,8,3.2,Não,Não
AL02603,21,Eletromecânica,Matutino,Híbrido,Brusque,3319,16.1,64.8,5.7,48,100,8.2,6.7,Não,Não,Não,9,6.1,Não,Não
AL02604,25,Desenvolvimento de Sistemas,Noturno,Presencial,Blumenau,3253,11.6,78.7,5,33,80.7,7.3,4.7,Não,Não,Não,8,5.7,Não,Não
AL02605,30,Desenvolvimento de Sistemas,Matutino,Presencial,Gaspar,3609,6.2,87.6,8.4,37,100,6.4,8.3,Sim,Sim,Não,7,7.6,Sim,Não
AL02606,16,Administração,Noturno,Presencial,Timbó,1365,7.9,80.3,6.3,34,67.6,8.4,10.2,Sim,Não,Não,7,6.4,Sim,Não
AL02607,27,Desenvolvimento de Sistemas,Matutino,Presencial,Blumenau,3918,5,81.3,7.3,9,90.4,6,4.2,Sim,Sim,Sim,6,6,Sim,Não
AL02608,17,Automação Industrial,Matutino,Presencial,Gaspar,3182,11,73.3,7,34,80,6.7,3.4,Sim,Sim,Não,9,5.5,Não,Sim
AL02609,47,Eletromecânica,Matutino,Híbrido,Pomerode,1218,10.4,79.2,7.2,53,74.8,4.2,6.8,Sim,Sim,Não,4,5.8,Não,Não
AL02610,29,Desenvolvimento de Sistemas,Matutino,Híbrido,Timbó,2993,4.4,78.4,7.4,24,74.3,6.5,10.9,Sim,Sim,Sim,6,5.6,Não,Não
AL02611,16,Administração,Matutino,Presencial,Brusque,2738,11.7,84.8,5.2,38,79.6,6.6,7.2,Sim,Sim,Não,7,6.6,Sim,Não
AL02612,30,Automação Industrial,Noturno,Híbrido,Indaial,4688,2.3,86.5,9.1,41,78.3,6.4,3.9,Sim,Sim,Não,6,7.7,Sim,Sim
AL02613,24,Eletromecânica,Noturno,Presencial,Blumenau,6148,14.9,91.8,9,67,100,7.3,12.8,Sim,Não,Não,7,8.6,Sim,Não
AL02614,21,Desenvolvimento de Sistemas,Matutino,Presencial,Gaspar,3479,5.9,90.8,3.8,25,84.6,6.3,14.7,Sim,Sim,Não,8,4,Não,Não
AL02615,29,Automação Industrial,Matutino,Presencial,Indaial,5791,9.7,80.4,8.1,41,82.6,6.9,4.8,Sim,Não,Não,7,7.1,Sim,Não
AL02616,16,Automação Industrial,Noturno,Híbrido,Timbó,3412,10.1,85.6,7.1,18,89,6.8,16.8,Sim,Não,Não,8,6.2,Sim,Sim
AL02617,27,Desenvolvimento de Sistemas,Noturno,Presencial,Indaial,3089,5.1,92.4,6.5,32,92.5,7.7,3.9,Sim,Sim,Sim,8,7.5,Sim,Não
AL02618,32,Administração,Noturno,Presencial,Timbó,1290,14.5,100,5.1,30,69.2,6.1,10.1,Sim,Não,Não,4,4.7,Não,Sim
AL02619,25,Desenvolvimento de Sistemas,Matutino,Presencial,Indaial,3415,3.4,68.5,5,46,66,7.7,3.1,Sim,Sim,Não,7,5.7,Não,Não
AL02620,23,Administração,Matutino,Presencial,Gaspar,6752,12.5,95.4,6.9,55,97.3,7.3,9.3,Sim,Sim,Sim,8,8.5,Sim,Não
AL02621,38,Eletromecânica,Matutino,Presencial,Indaial,4635,8.8,73,8,42,100,7.4,7.1,Sim,Sim,Sim,8,6.5,Não,Não
AL02622,16,Automação Industrial,Matutino,Presencial,Blumenau,3996,11.5,77.2,5.9,29,68.4,9.4,13.6,Não,Não,Sim,10,5.5,Não,Não
AL02623,16,Desenvolvimento de Sistemas,Noturno,Presencial,Pomerode,2206,5.2,93.8,7.7,33,66.1,6.6,8.3,Sim,Sim,Não,5,7.3,Sim,Não
AL02624,29,Administração,Matutino,Híbrido,Pomerode,4462,5.8,84.4,6.6,16,94,6.9,7.7,Sim,Sim,Sim,7,6.7,Sim,Não
AL02625,43,Automação Industrial,Noturno,Híbrido,Timbó,2822,5.9,72.2,4.2,30,67.8,8.9,7.1,Sim,Não,Sim,7,4.8,Não,Não
AL02626,16,Eletromecânica,Noturno,Híbrido,Pomerode,2019,14.9,58.1,8.8,27,95,7.2,14.9,Não,Não,Não,7,6.6,Não,Sim
AL02627,33,Desenvolvimento de Sistemas,Noturno,Híbrido,Gaspar,8002,6.6,83.4,6.3,15,90.4,7.2,8.4,Sim,Não,Não,8,5.7,Não,Não
AL02628,16,Automação Industrial,Noturno,Presencial,Brusque,2506,5.4,84.1,5.3,47,77.4,8.3,7.5,Sim,Sim,Sim,9,6.1,Sim,Não
AL02629,18,Eletromecânica,Matutino,Presencial,Timbó,2040,6.5,64.5,6.2,44,69.1,7,31.9,Sim,Sim,Sim,5,5.6,Não,Não
AL02630,26,Automação Industrial,Matutino,Presencial,Timbó,2087,7.6,80.6,,32,76.8,7.6,5.3,Sim,Não,Sim,5,7.5,Sim,Não
AL02631,34,Desenvolvimento de Sistemas,noturno ,Presencial,Indaial,6118,6.3,76.9,5.9,32,91.9,7.6,8.3,Sim,Sim,Não,8,6,Sim,Não
AL02632,23,Automação Industrial,Noturno,Presencial,Brusque,2483,15.9,70.7,9.2,39,80.9,6.8,6.4,Sim,Sim,Não,9,7.9,Não,Sim
AL02633,19,Eletromecânica,Noturno,Presencial,Timbó,2697,3.9,100,5.7,24,84.2,4.9,7,Sim,Sim,Não,8,6.5,Sim,Não
AL02634,30,Desenvolvimento de Sistemas,Matutino,Presencial,Blumenau,1379,14.4,82.1,4.9,54,59.5,6.1,14.2,Sim,Sim,Não,9,5,Não,Não
AL02635,23,Automação Industrial,Matutino,Presencial,Gaspar,2640,13.1,80.2,7.3,36,95.9,5.7,8.5,Sim,Sim,Não,6,7,Sim,Não
AL02636,21,Automação Industrial,Noturno,Presencial,Pomerode,2165,6.8,93.8,5.3,30,77,7.6,5.5,Sim,Sim,Sim,8,6.1,Sim,Não
AL02637,30,Desenvolvimento de Sistemas,Matutino,Presencial,Timbó,1810,13.9,68.9,5.5,34,94.9,5.9,2.7,Não,Não,Sim,6,6.3,Não,Sim
AL02638,25,Eletromecânica,Noturno,Presencial,Pomerode,2518,1.6,85.6,7.4,31,67.4,6.4,16.4,Não,Sim,Não,7,5.9,Não,Não
AL02639,28,Administração,Matutino,Presencial,Indaial,4589,9.2,62.7,9.3,27,94.5,6.1,2.4,Sim,Sim,Não,8,5,Não,Não
AL02640,16,Automação Industrial,Noturno,Presencial,Pomerode,2756,1.3,85.6,5.4,4,79,7.3,6.8,Sim,Sim,Sim,10,7.4,Sim,Não
AL02641,31,Automação Industrial,Matutino,Híbrido,Brusque,2205,4.9,96.2,5.8,34,77.1,6.2,24.1,Sim,Sim,Sim,10,6.9,Sim,Não
AL02642,35,Administração,Matutino,Presencial,Brusque,4661,6.7,76.9,6,49,100,6.8,9.5,Sim,Sim,Não,5,6.6,Sim,Não
AL02643,29,Automação Industrial,Noturno,Presencial,Pomerode,1836,4,,5.7,46,75.2,7.6,19.2,Sim,Sim,Não,8,5.2,Não,Não
AL02644,17,Automação Industrial,Noturno,Presencial,Brusque,1553,10,80.5,5.3,74,96.8,4.5,20.4,Sim,Sim,Não,7,7.4,Sim,Não
AL02645,27,Eletromecânica,Matutino,Presencial,Blumenau,2523,2.4,84.7,5,45,66.8,8.4,5.6,Sim,Sim,Não,10,6.8,Sim,Não
AL02646,21,Desenvolvimento de Sistemas,Noturno,Presencial,Timbó,5482,0,83.5,5.7,26,76.3,5.9,8.9,Não,Sim,Não,6,4.4,Não,Sim
AL02647,23,Administração,Noturno,Presencial,Indaial,1708,4.7,92.2,7.7,34,93.6,5.2,4,Sim,Sim,Sim,8,6.6,Sim,Não
AL02648,24,Administração,Noturno,Híbrido,Indaial,3736,12.6,100,5.5,39,100,9.2,14,Sim,Não,Sim,7,9.2,Sim,Não
AL02649,20,Automação Industrial,Matutino,Presencial,Indaial,2813,1,81.6,5.8,28,30.4,5.5,8.8,Sim,Sim,Não,5,3.8,Não,Não
AL02650,43,Automação Industrial,Noturno,Presencial,Brusque,1244,9,93.1,4.4,55,73.2,7.2,11.3,Sim,Não,Sim,5,5.4,Não,Não
AL02651,17,Administração,Noturno,Presencial,Blumenau,2400,10.9,82,5.9,33,90.7,5.9,7.3,Sim,Sim,Sim,7,7.2,Sim,Não
AL02652,31,Desenvolvimento de Sistemas,Noturno,Híbrido,Indaial,3484,16.3,79.3,4.8,51,82.3,7.3,7.2,Sim,Não,Não,9,6.9,Sim,Não
AL02653,28,Administração,Noturno,Presencial,Brusque,3856,7.4,57.4,4.5,44,81.7,6.3,5.6,Sim,Sim,Não,10,5.1,Não,Sim
AL02654,32,Administração,Noturno,Presencial,Timbó,1614,1.8,77.5,,31,65.8,6.5,6.2,Sim,Sim,Não,7,8.1,Sim,Não
AL02655,34,Automação Industrial,Noturno,Presencial,Indaial,8247,3.8,90.8,3.9,26,66.1,7.2,9.6,Sim,Não,Sim,8,5.6,Não,Não
AL02656,38,Eletromecânica,Matutino,Presencial,Pomerode,2549,4,71.7,4.8,28,72.4,5,7.5,Sim,Sim,Não,5,4.9,Não,Sim
AL02657,36,Administração,Matutino,Presencial,Blumenau,3520,3.9,87.7,5,29,85,7.3,28.5,Sim,Sim,Sim,7,6.8,Sim,Não
AL02658,28,Eletromecânica,Noturno,Presencial,Blumenau,2784,4.4,86.8,7.4,16,79.5,8,4,Sim,Sim,Não,6,6.1,Sim,Não
AL02659,29,Administração,Matutino,Presencial,Blumenau,6026,13.1,75.3,4.1,38,96.8,8.4,15.5,Sim,Não,Não,6,6.5,Sim,Não
AL02660,35,Desenvolvimento de Sistemas,Matutino,Presencial,Pomerode,1897,5.1,95.8,7.3,32,91.1,7.9,7.9,Sim,Sim,Não,6,7.9,Sim,Não
AL02661,20,Desenvolvimento de Sistemas,Matutino,Presencial,Gaspar,2592,0.5,95.4,7.5,13,69.1,5.1,2.9,Sim,Sim,Não,7,6,Sim,Não
AL02662,21,Administração,Noturno,Presencial,Indaial,3096,11.8,81.6,9.5,59,99.7,5.3,9.2,Sim,Não,Sim,7,8.5,Sim,Não
AL02663,24,Eletromecânica,Matutino,Presencial,Brusque,5202,7.9,75,6.1,33,89.4,6,6.7,Sim,Sim,Sim,7,7.2,Sim,Não
AL02664,23,Desenvolvimento de Sistemas,Noturno,Presencial,Indaial,2734,15.3,87.5,6.1,56,63.7,7.4,6.2,Não,Não,Não,8,6,Sim,Sim
AL02665,23,Eletromecânica,Noturno,Presencial,Pomerode,4939,13.4,95.4,7.3,39,79.1,5.9,8.2,Sim,Não,Não,8,8,Sim,Não
AL02666,16,Automação Industrial,Noturno,Presencial,Indaial,9299,15.2,78.9,6.4,71,100,4.7,8,Sim,Sim,Não,8,7.5,Sim,Não
AL02667,37,Eletromecânica,Noturno,Presencial,Brusque,2028,11.8,85,8.1,32,100,4.9,8.1,Sim,Sim,Não,7,7.8,Sim,Não
AL02668,16,Desenvolvimento de Sistemas,Noturno,Presencial,Timbó,,9.1,87.7,5.8,30,75.5,9.1,3.2,Sim,Sim,Não,10,6.3,Sim,Não
AL02669,32,Eletromecânica,Matutino,Presencial,Gaspar,3340,7.1,81,7.5,23,78,5.7,20.7,Sim,Sim,Sim,7,7.1,Sim,Não
AL02670,34,Eletromecânica,Matutino,Presencial,Brusque,8228,5,71.7,4.3,30,68,7.3,4.2,Sim,Sim,Não,6,4.7,Não,Não
AL02671,20,Desenvolvimento de Sistemas,Noturno,Presencial,Blumenau,4120,13.7,99.6,7.8,45,86.3,7.5,12.8,Sim,Não,Não,7,7,Sim,Não
AL02672,22,Automação Industrial,Noturno,Presencial,Timbó,4357,2.6,75.6,6.7,18,77.2,5.5,14.9,Sim,Sim,Sim,5,6.2,Sim,Sim
AL02673,31,Automação Industrial,Noturno,Presencial,Blumenau,2434,9.7,78,8.6,40,65.7,7.8,13.5,Não,Sim,Não,6,6.5,Sim,Não
AL02674,29,Administração,Noturno,Híbrido,Indaial,2802,10.7,90.4,7.2,25,81.2,6.2,9.2,Sim,Sim,Não,8,7.5,Sim,Não
AL02675,45,Desenvolvimento de Sistemas,Matutino,Presencial,Pomerode,5341,5.9,95.6,8.3,10,92.6,5.7,1.8,Sim,Sim,Não,8,7.4,Sim,Não
AL02676,23,Desenvolvimento de Sistemas,Matutino,Presencial,Gaspar,900,1.8,75,8.9,32,40.8,5.3,6.3,Sim,Sim,Não,8,5.4,Não,Não
AL02677,24,Desenvolvimento de Sistemas,Noturno,Híbrido,Brusque,2633,4.5,98.7,4.5,9,74.2,6.3,9.6,Sim,Sim,Sim,10,6.3,Sim,Não
AL02678,26,Desenvolvimento de Sistemas,Matutino,Presencial,Gaspar,1658,7.3,63,7.9,12,100,6.6,3.9,Sim,Sim,Sim,8,6.7,Não,Sim
AL02679,34,Desenvolvimento de Sistemas,Noturno,Híbrido,Brusque,2445,7.5,78.8,5.2,39,83.7,9.2,3.5,Sim,Sim,Não,8,6.9,Sim,Não
AL02680,22,Eletromecânica,Matutino,Presencial,Pomerode,3054,9.4,68.2,7.6,45,95.9,6.6,5.6,Sim,Não,Não,7,7.9,Não,Sim
AL02681,32,Administração,Matutino,Presencial,Brusque,1943,13.3,81.9,4.8,60,64.7,6.1,21.3,Não,Sim,Sim,9,5.2,Não,Não
AL02682,16,Eletromecânica,Noturno,Presencial,Brusque,900,12.9,84.2,6.9,49,100,6.8,6.9,Sim,Não,Sim,7,8.1,Sim,Não
AL02683,16,Administração,Matutino,Presencial,Timbó,2568,8.5,,7.6,37,69.4,5.1,21.6,Sim,Sim,Não,5,5.4,Não,Não
AL02684,42,Automação Industrial,Noturno,Presencial,Pomerode,1738,12.6,100,5,42,90,6.8,4.4,Não,Sim,Sim,8,7.9,Sim,Não
AL02685,48,Automação Industrial,Matutino,Presencial,Gaspar,5578,18,86.8,4.3,33,100,7.8,6.5,Sim,Não,Não,7,6.3,Sim,Não
AL02686,27,Eletromecânica,Matutino,Presencial,Blumenau,2433,11.8,96.3,5.9,29,95.8,8.2,10.1,Sim,Não,Não,6,8,Sim,Não
AL02687,23,Automação Industrial,Noturno,Presencial,Timbó,4233,8.4,90.2,3.7,45,86.4,6.9,3.1,Sim,Sim,Não,10,6.4,Sim,Não
AL02688,16,Administração,Noturno,Presencial,Gaspar,3302,11.5,86.5,7.4,45,74.1,6.9,4.3,Sim,Não,Sim,10,7.3,Sim,Não
AL02689,28,Desenvolvimento de Sistemas,Matutino,Presencial,Pomerode,8513,11.7,85.3,6.2,30,83.6,6.1,38.5,Não,Não,Não,8,6.2,Sim,Sim
AL02690,34,Eletromecânica,Matutino,Presencial,Pomerode,7652,11.2,81,7.4,36,93.2,6.8,6.3,Não,Sim,Não,9,7.1,Sim,Não
AL02691,23,Eletromecânica,Noturno,Presencial,Timbó,2346,0.3,77.1,6.6,22,69.8,5.6,1.8,Não,Sim,Sim,2,6.4,Sim,Sim
AL02692,33,Desenvolvimento de Sistemas,Matutino,Presencial,Timbó,2387,6.6,69.6,4,45,88.4,5.4,29.8,Sim,Sim,Sim,6,5.3,Não,Não
AL02693,38,Eletromecânica,Matutino,Presencial,Pomerode,1937,21.8,76.8,7.6,33,100,6.5,3.9,Não,Não,Sim,6,7,Sim,Não
AL02694,29,Administração,Matutino,Presencial,Indaial,5793,11.6,82.7,7.1,20,79.9,6.9,10.8,Sim,Não,Sim,7,6.7,Sim,Não
AL02695,21,Eletromecânica,Matutino,Presencial,Blumenau,3485,13.3,99.5,5.6,39,81.5,7.2,11,Sim,Não,Sim,10,8.6,Sim,Não
AL02696,26,Desenvolvimento de Sistemas,Noturno,Presencial,Timbó,3161,7.5,78,5.8,49,86,7.6,11.4,Sim,Não,Não,5,6.2,Sim,Não
AL02697,24,Administração,Noturno,Presencial,Brusque,3408,14.6,76.6,6.5,35,92.9,8.3,9.5,Sim,Não,Não,8,6.5,Sim,Não
AL02698,34,Automação Industrial,Noturno,Presencial,Timbó,7242,9.9,93.8,8,29,72.7,7.9,3,Sim,Sim,Sim,4,8.3,Sim,Não
AL02699,25,Administração,Matutino,Presencial,Brusque,3413,6.5,83.7,6.6,20,81.9,5.7,3,Sim,Sim,Não,5,7.6,Sim,Não
AL02700,42,Eletromecânica,Noturno,Presencial,Timbó,3509,8.8,81.6,5.6,6,87.6,6.2,6.3,Sim,Sim,Não,7,5.2,Não,Não
AL02701,25,Desenvolvimento de Sistemas,Matutino,Presencial,Gaspar,5172,16,96.1,5.2,44,100,8.8,11.1,Sim,Não,Não,10,7.6,Sim,Não
AL02702,19,Administração,Noturno,Híbrido,Gaspar,4049,12.7,54.6,7.1,27,90.2,6.5,6.9,Sim,Sim,Sim,9,6.9,Não,Sim
AL02703,37,Automação Industrial,Matutino,Presencial,Indaial,1777,7.2,81.2,4.4,31,52.3,6,10.1,Sim,Sim,Não,5,5.8,Não,Não
AL02704,32,Administração,Noturno,Presencial,Gaspar,10799,0,73.3,7.6,19,93.6,4.7,11,Sim,Sim,Não,8,5.8,Não,Sim
AL02705,32,Administração,Matutino,Híbrido,Indaial,2373,10.7,76.6,5.7,35,63.9,6.2,10.2,Não,Sim,Sim,6,6.1,Sim,Sim
AL02706,24,Desenvolvimento de Sistemas,Matutino,Presencial,Indaial,2464,12.6,83.7,7.2,49,83.7,8.2,19.7,Sim,Sim,Não,8,6.8,Sim,Não
AL02707,37,Administração,Noturno,Presencial,Pomerode,1585,10.3,81.9,5.8,53,89.2,7.6,4,Sim,Não,Não,5,6.1,Sim,Sim
AL02708,29,Eletromecânica,Noturno,Presencial,Indaial,3722,6.3,88.1,5.8,30,90.2,6.9,15.4,Não,Sim,Sim,7,6.8,Sim,Não
AL02709,30,Eletromecânica,Noturno,Presencial,Gaspar,1888,1,79.7,7.9,13,64.4,6.8,23.3,Não,Sim,Não,6,5.5,Não,Não
AL02710,30,Eletromecânica,Noturno,Presencial,Gaspar,1419,17.7,74.3,8.5,42,100,6.7,2.6,Sim,Não,Não,8,8.5,Não,Sim
AL02711,41,Automação Industrial,Matutino,Presencial,Gaspar,1246,13.9,77,6.1,45,89.1,4.6,10.9,Sim,Sim,Não,9,6.9,Sim,Sim
AL02712,16,Eletromecânica,Noturno,Presencial,Brusque,5002,16.8,86,7.1,43,100,5.5,5.8,Sim,Não,Sim,10,8,Sim,Não
AL02713,19,Automação Industrial,Noturno,Presencial,Pomerode,4299,8.4,69,3.2,18,94.9,7.8,54.7,Sim,Não,Não,9,4.5,Não,Sim
AL02714,27,Desenvolvimento de Sistemas,Noturno,Presencial,Gaspar,1762,12,77.7,5.5,48,100,5.4,5.3,Sim,Sim,Não,5,7.8,Sim,Não
AL02715,22,Desenvolvimento de Sistemas,Matutino,Presencial,Timbó,6747,17.7,69,7.7,52,100,6.4,34.7,Sim,Não,Não,7,7.6,Não,Sim
AL02716,23,Eletromecânica,Noturno,Presencial,Indaial,2814,10.7,70.1,7.3,36,92.5,5.5,9,Sim,Não,Sim,10,7.6,Não,Não
AL02717,23,Administração,Matutino,Híbrido,Gaspar,3268,10.3,90.6,7.9,28,70.1,6,10.8,Sim,Sim,Não,8,7.1,Sim,Não
AL02718,24,Automação Industrial,Matutino,Híbrido,Brusque,3106,11.6,75.6,9.6,61,84.5,5.9,5,Sim,Sim,Não,4,7.1,Sim,Não
AL02719,22,Eletromecânica,Noturno,Presencial,Gaspar,6415,14.9,90.6,6.6,42,74.6,7.5,34.3,Sim,Não,Não,4,7.7,Sim,Não
AL02720,20,Eletromecânica,Matutino,Híbrido,Indaial,1983,12.1,83.6,7.7,40,94.2,6.5,6.5,Não,Sim,Não,3,7.7,Sim,Não
AL02721,16,Automação Industrial,Noturno,Presencial,Gaspar,3730,7.7,84.9,5.5,48,52.4,4.3,11.5,Sim,Sim,Não,8,3.4,Não,Não
AL02722,16,Administração,Noturno,Presencial,Pomerode,3921,13.5,85.7,5.9,46,100,6.5,6.1,Sim,Não,Não,6,7.1,Sim,Não
AL02723,16,Desenvolvimento de Sistemas,Matutino,Presencial,Brusque,4831,9.3,77.4,8.3,63,61.4,5,5.5,Sim,Sim,Não,8,6,Sim,Não
AL02724,18,Automação Industrial,Noturno,Presencial,Gaspar,3972,12.7,100,7.8,35,83.6,7.7,9.4,Sim,nao,Sim,6,8.3,Sim,Não
AL02725,20,Administração,Noturno,Presencial,Timbó,1720,4.7,80.7,2.2,3,98.6,8.3,11.5,Sim,Sim,Não,8,6.3,Sim,Sim
AL02726,33,Desenvolvimento de Sistemas,Matutino,Presencial,Gaspar,8501,15.7,80.6,6.2,33,99.6,7.7,3.6,Sim,Não,Não,8,7.9,Sim,Não
AL02727,28,Eletromecânica,Matutino,Presencial,Brusque,5416,9.6,67.5,6.1,52,81.3,6.6,5.2,Não,Sim,Sim,5,4.9,Não,Sim
AL02728,35,Desenvolvimento de Sistemas,Noturno,Híbrido,Brusque,2677,5,89.4,7.2,46,97.3,5.8,15.4,Sim,Sim,Não,5,7.8,Sim,Sim
AL02729,34,Administração,Matutino,Presencial,Pomerode,2295,6.5,83.1,7.5,14,95.4,7.6,21.8,Sim,Sim,Não,7,7.1,Sim,Não
AL02730,32,Eletromecânica,Matutino,Presencial,Gaspar,3782,7.6,57.4,6.6,21,90.3,5.2,4,Sim,Sim,Não,5,4.7,Não,Sim
AL02731,16,Eletromecânica,Noturno,Presencial,Gaspar,2808,9,85.8,8.3,54,85.9,6.5,5.6,Sim,Não,Não,5,5.4,Não,Não
AL02732,17,Eletromecânica,Matutino,Híbrido,Indaial,2817,7.6,81.7,8.4,23,85.7,5,6,Sim,Sim,Não,8,6.3,Sim,Não
AL02733,32,Desenvolvimento de Sistemas,Noturno,Presencial,Blumenau,6638,9.8,76.4,4.7,28,89.3,7.2,6.6,Sim,Sim,Não,10,6.9,Sim,Não
AL02734,30,Administração,Matutino,Híbrido,Indaial,1942,11.4,68.3,7.5,52,100,5,3,Sim,Sim,Não,5,8,Não,Sim
AL02735,22,Automação Industrial,Matutino,Presencial,Timbó,4242,4.1,87.7,4.8,24,79.4,6,6.4,Sim,Sim,Não,10,5.4,Não,Não
AL02736,23,Administração,Noturno,Presencial,Brusque,1741,9,75.9,6.8,23,85.3,5.6,6.5,Sim,Não,Não,8,5.5,Não,Não
AL02737,37,Eletromecânica,Matutino,Presencial,Gaspar,10503,13.3,83.8,6.1,58,100,5.8,6.8,Sim,Não,Sim,7,6.4,Sim,Não
AL02738,24,Administração,Noturno,Presencial,Brusque,3780,0.2,86.3,7.8,14,68.3,8.7,9,Sim,Sim,Não,10,6.5,Sim,Não
AL02739,30,Administração,Noturno,Presencial,Indaial,3068,12.5,66.4,7.9,44,100,9.2,5.2,Não,Sim,Não,8,7.3,Não,Não
AL02740,27,Administração,Matutino,Híbrido,Indaial,900,2.6,81.2,8.3,38,72.4,6.1,13.5,Sim,Sim,Não,9,6.6,Sim,Não
AL02741,29,Desenvolvimento de Sistemas,Matutino,Presencial,Timbó,2143,7.5,83.6,6.9,29,100,7.2,10.9,Sim,Sim,Não,8,6.4,Sim,Não
AL02742,29,Desenvolvimento de Sistemas,Noturno,Híbrido,Blumenau,1619,9.2,67.9,5.4,46,97.6,7.5,4.6,Sim,Não,Não,,5.2,Não,Não
AL02743,31,Administração,Noturno,Presencial,Timbó,3246,4.2,78.2,8.7,16,81.7,6.1,6.7,Sim,Sim,Sim,10,6.7,Sim,Não
AL02744,16,desenv. sistemas,Matutino,Presencial,Gaspar,5082,3.2,,5.2,53,84.4,6.9,6,Sim,Não,Sim,6,6.1,Sim,Não
AL02745,28,Automação Industrial,Matutino,Presencial,Blumenau,3830,12.9,89.6,9.8,53,82.1,6.1,6.5,Sim,Não,Não,5,5.8,Não,Não
AL02746,37,Eletromecânica,Noturno,Presencial,Blumenau,4457,7.2,96.3,8.7,51,83.5,5.1,3.8,Sim,Sim,Não,7,7.8,Sim,Não
AL02747,34,Desenvolvimento de Sistemas,Matutino,Presencial,Timbó,3354,15.1,70.8,10,48,90.3,7.6,8.1,Sim,Não,Não,7,8.5,Não,Não
AL02748,20,Eletromecânica,Matutino,Presencial,Pomerode,1924,12.4,64,5.7,43,64.1,5.9,4.8,Sim,Não,Não,9,5.6,Não,Não
AL02749,32,Administração,Matutino,Presencial,Brusque,1705,6.4,83.4,5.7,30,71.4,9.3,2.2,Sim,Não,Não,3,7.2,Sim,Não
AL02750,16,Administração,Noturno,Presencial,Pomerode,1901,9.2,77.7,5.1,59,94.4,8.1,6.1,Sim,Não,Não,8,7.1,Sim,Não
AL02751,34,Automação Industrial,Matutino,Presencial,Gaspar,6245,15.6,95.7,7.3,56,96.2,5.5,18.8,Não,Sim,Não,6,7.7,Sim,Não
AL02752,26,Administração,Matutino,Presencial,Blumenau,5465,8.1,83.3,6.4,30,82,6.3,6.6,Sim,Sim,Não,6,6.7,Sim,Não
AL02753,23,Automação Industrial,Noturno,Presencial,Timbó,6538,9.1,88.7,9.2,27,87.5,5.1,6.5,Sim,Sim,Não,8,8.6,Sim,Não
AL02754,29,Eletromecânica,Noturno,Presencial,Indaial,3410,9.1,84.5,6.8,35,76.4,7.5,5.5,Sim,Sim,Sim,8,6.5,Sim,Não
AL02755,16,Automação Industrial,Noturno,Presencial,Pomerode,3769,15.7,74.4,5.1,56,100,4.6,9.6,Sim,Não,Não,7,6.6,Não,Não
AL02756,18,Administração,Noturno,Presencial,Gaspar,1857,16.2,79.5,5.7,53,100,7.8,5.4,Não,Não,Sim,8,6.9,Sim,Não
AL02757,33,Administração,Noturno,Presencial,Pomerode,3334,6,73.7,4.1,43,65.4,6.2,4,Sim,Sim,Não,8,5.1,Não,Não
AL02758,16,Automação Industrial,Noturno,Híbrido,Brusque,5042,13,95.6,8.4,33,100,5.7,12,Sim,Sim,Sim,8,8,Sim,Não
AL02759,22,Administração,Noturno,Presencial,Brusque,6304,7.1,85.9,6.9,19,100,6.7,40,Sim,Sim,Sim,7,7.5,Sim,Não
AL02760,22,Administração,Noturno,Presencial,Indaial,2625,11,68.3,4.8,41,94.2,6.3,5.8,Não,Sim,Sim,7,6.8,Não,Não
AL02761,31,Desenvolvimento de Sistemas,Matutino,Presencial,Pomerode,934,5.3,97.6,5.6,44,85.2,6.7,5,Sim,Sim,Não,6,6.8,Sim,Não
AL02762,16,Desenvolvimento de Sistemas,Noturno,Híbrido,Pomerode,8912,13.7,71.1,4.8,51,100,6.7,33,Sim,Não,Não,7,6.8,Não,Não
AL02763,23,Eletromecânica,Matutino,Presencial,Gaspar,2861,5.2,80,6.5,36,97,7.6,19.5,Sim,Sim,Não,6,8,Sim,Sim
AL02764,22,Desenvolvimento de Sistemas,Matutino,Hibrido,Gaspar,3869,8.8,73.4,8.4,30,76,9.3,15.1,Sim,Sim,Não,8,6.4,Não,Não
AL02765,28,Eletromecânica,Noturno,Presencial,Gaspar,3200,10.6,77.8,7.8,43,100,6.7,6,Sim,Sim,Não,9,6.7,Sim,Não
AL02766,22,Automação Industrial,Noturno,Presencial,Brusque,5540,0,82.9,8.5,18,66.4,6.2,2.5,Sim,Sim,Sim,9,5.5,Não,Não
AL02767,34,Desenvolvimento de Sistemas,Noturno,Presencial,Indaial,2315,3.5,92.3,7.6,17,84.2,6.8,2.2,Não,Sim,Não,6,6.4,Sim,Não
AL02768,16,Administração,Noturno,Presencial,Brusque,2161,14.1,58.6,6.8,35,88.1,9,8.4,Sim,Não,Não,6,6.6,Não,Sim
AL02769,16,Desenvolvimento de Sistemas,Noturno,Presencial,Pomerode,2710,5.8,64.1,8.2,48,71,6.2,6.4,Não,Sim,Não,7,5.8,Não,Sim
AL02770,20,Automação Industrial,Noturno,Presencial,Pomerode,2291,9.4,76.6,6.5,26,98.8,5,10.3,Sim,Não,Sim,8,8.1,Sim,Sim
AL02771,22,Administração,Matutino,Híbrido,Brusque,2586,9.5,89.8,5.8,43,65.4,6.2,7.4,Sim,Sim,Não,10,6.2,Sim,Sim
AL02772,25,Desenvolvimento de Sistemas,Noturno,Presencial,Pomerode,7738,8.5,74.3,5.9,45,87.1,3.8,11,Sim,Sim,Não,7,6,Não,Não
AL02773,36,Desenvolvimento de Sistemas,Noturno,Presencial,Blumenau,3431,14.1,80,9.1,69,82.8,5.9,1.7,Sim,Não,Não,9,7.4,Sim,Não
AL02774,16,Desenvolvimento de Sistemas,Noturno,Presencial,Blumenau,1263,13.6,100,7.4,47,100,8.4,6.6,Não,Não,Não,9,8.5,Sim,Não
AL02775,23,Desenvolvimento de Sistemas,Noturno,Presencial,Gaspar,3106,7.3,74.9,4.3,39,98.4,6.6,8.8,Sim,Não,Não,5,5.9,Não,Não
AL02776,38,Desenvolvimento de Sistemas,Noturno,Presencial,Blumenau,5458,8.4,83.8,7.2,45,58.6,6.6,13.3,Sim,Não,Não,8,5.4,Não,Não
AL02777,23,Eletromecânica,Noturno,Híbrido,Gaspar,1263,3.1,85.1,7.4,26,83.5,6.4,43.5,SIM,Sim,Não,7,7.4,Sim,Não
AL02778,19,Automação Industrial,Noturno,Presencial,Pomerode,1845,7.5,66.8,6.4,46,69.5,5.8,3.8,Não,Não,Não,7,5,Não,Não
AL02779,16,Eletromecânica,Noturno,Presencial,Timbó,2302,11.5,90.7,3.9,31,100,6.5,3.8,Sim,Sim,Sim,6,7.1,Sim,Não
AL02780,26,Automação Industrial,Matutino,Presencial,Pomerode,900,14.5,83.8,3.5,35,89,7.4,4.1,Sim,Não,Sim,5,6.3,Sim,Não
AL02781,32,Automação Industrial,Matutino,Presencial,Timbó,3128,6.7,90.6,7.3,14,67.9,7.7,7.1,Sim,Sim,Sim,7,6.3,Sim,Não
AL02782,18,Desenvolvimento de Sistemas,Noturno,Presencial,Indaial,2610,13.9,81.1,5.6,41,96.5,8.2,29.3,Não,Não,Não,8,7,Sim,Sim
AL02783,25,Automação Industrial,Noturno,Híbrido,Brusque,1164,15.4,65.5,9.2,46,95.2,4.6,9.6,Não,Sim,Não,8,6.7,Não,Sim
AL02784,29,Desenvolvimento de Sistemas,Noturno,Presencial,Blumenau,1801,8.4,91.7,5.8,50,72,6.9,6.2,Sim,Sim,Não,9,6.4,Sim,Não
AL02785,37,Desenvolvimento de Sistemas,Matutino,Presencial,Pomerode,5712,3.8,76.6,5.1,4,62.2,4.4,15.7,Sim,Sim,Não,8,4,Não,Não
AL02786,40,Automação Industrial,Matutino,Presencial,Indaial,2021,14.6,88.5,6.8,51,100,7.5,3.5,Não,Não,Sim,7,7.4,Sim,Não
AL02787,21,Desenvolvimento de Sistemas,Noturno,Híbrido,Indaial,2771,7,92.3,7.2,18,86.7,5.6,17.5,Não,Sim,Sim,7,6.5,Sim,Não
AL02788,35,Desenvolvimento de Sistemas,Noturno,Presencial,Pomerode,2398,8.4,79.3,6.4,41,95.8,8.4,5,Não,Sim,Sim,10,6.7,Sim,Não
AL02789,30,Automação Industrial,Noturno,Presencial,Brusque,5871,18.7,81.4,3.8,74,100,7.6,8.2,Sim,Sim,Não,8,6.7,Sim,Não
AL02790,24,Administração,Matutino,Presencial,Pomerode,1944,8,94.2,6.3,36,98.4,6,5.1,Não,Não,Sim,6,7.9,Sim,Não
AL02791,25,Administração,Noturno,Híbrido,Gaspar,2615,9.9,72,4.6,30,100,6.2,13.5,Sim,Não,Não,7,7.3,Não,Não
AL02792,25,Eletromecânica,Matutino,Presencial,Gaspar,3976,7.4,86,7.5,21,91.3,5.8,4.9,Sim,Sim,Não,7,6.1,Sim,Não
AL02793,27,Desenvolvimento de Sistemas,Noturno,Presencial,Brusque,2630,1.6,,9.7,8,85,5.8,6.8,Não,Sim,Não,4,7.4,Sim,Sim
AL02794,16,Automação Industrial,Noturno,Híbrido,Blumenau,1108,4.7,73.6,6.7,43,70.3,6.9,11.3,Não,Não,Não,4,6.6,Não,Não
AL02795,21,Desenvolvimento de Sistemas,Noturno,Presencial,Gaspar,1889,9.5,97.9,6,48,100,8.3,4,Sim,Sim,Não,8,7.8,Sim,Sim
AL02796,33,Automação Industrial,Noturno,Híbrido,Timbó,5835,10.5,75,4.2,18,92.4,4.8,5.6,Sim,Sim,Não,7,5.7,Não,Não
AL02797,24,Desenvolvimento de Sistemas,Noturno,Presencial,Timbó,3604,9.9,61.1,7,38,85.2,7.3,3.2,Sim,Sim,Não,9,5.4,Não,Não
AL02798,17,Eletromecânica,Noturno,Presencial,Indaial,2461,8,87.6,8.7,47,83.4,8.5,9,Sim,Não,Não,8,7.6,Sim,Não
AL02799,33,Eletromecânica,Matutino,Presencial,Pomerode,8677,7.7,68.1,5.4,22,69.1,8.5,4.1,Sim,Sim,Não,8,6.1,Não,Não
AL02800,30,Administração,Noturno,Presencial,Timbó,1098,5.2,77.2,5,30,82.5,6.9,1.2,Sim,Sim,Não,4,5.7,Não,Sim
AL02801,36,Automação Industrial,Matutino,Presencial,Blumenau,1838,10.1,81.9,5.5,45,100,6.7,6.5,Sim,Sim,Não,5,7.1,Sim,Não
AL02802,33,Eletromecânica,Matutino,Presencial,Blumenau,3786,14.1,87.3,4.6,24,94.8,8.4,7.7,Sim,Sim,Não,6,4.7,Não,Não
AL02803,16,Desenvolvimento de Sistemas,Noturno,Presencial,Timbó,2642,0.5,61.8,10,26,49.1,6.6,34.1,Sim,Sim,Não,10,5.1,Não,Sim
AL02804,25,Eletromecânica,Noturno,Presencial,Blumenau,986,6.9,86.3,5.3,52,73.1,7.5,9.9,Sim,Sim,Não,10,6.5,Sim,Não
AL02805,28,Automação Industrial,Matutino,Presencial,Timbó,3802,8.6,76.4,7.3,33,79.7,7.7,6,Sim,Sim,Não,7,6.8,Sim,Não
AL02806,19,Administração,Noturno,Presencial,Gaspar,900,12.3,83.5,6.9,52,83.4,5.8,6.8,Sim,Sim,Sim,9,7.8,Sim,Não
AL02807,44,Eletromecânica,Matutino,Presencial,Gaspar,2170,15.8,70.3,5.3,26,100,5.5,4.1,Sim,Sim,Sim,6,5,Não,Não
AL02808,22,Administração,Matutino,Presencial,Indaial,2485,7,75.6,8,45,86,5.7,26.2,Sim,Sim,Sim,5,7.9,Sim,Não
AL02809,16,Desenvolvimento de Sistemas,Matutino,Presencial,Pomerode,6585,10.1,97.3,4.5,53,94.8,7.7,7,Sim,Não,Não,7,7.1,Sim,Não
AL02810,30,Desenvolvimento de Sistemas,Matutino,Presencial,Timbó,2934,3,88.4,6.7,55,89.9,6.7,8.5,Sim,Sim,Sim,5,8.2,Sim,Não
AL02811,16,Automação Industrial,Noturno,Presencial,Pomerode,2791,7.5,70.9,4.5,29,74.5,8,4.7,Sim,Não,Não,4,6.4,Não,Não
AL02812,22,Administração,Matutino,Presencial,Blumenau,3370,8.4,92.8,5.3,38,78.3,5.4,3.7,Sim,Sim,Não,7,6.7,Sim,Não
AL02813,25,Eletromecânica,Noturno,Presencial,Indaial,3128,10.5,93.2,8.6,11,81.2,6,4.4,Sim,Sim,Não,6,7.8,Sim,Não
AL02814,19,Administração,Noturno,Presencial,Gaspar,5012,0,80.8,9.9,32,69.3,7.5,4.5,Sim,Sim,Não,8,7.4,Sim,Não
AL02815,22,Administração,Noturno,Presencial,Brusque,4482,9.6,94.7,8.8,27,88.2,7.1,16.6,Sim,Sim,Não,5,7.9,Sim,Sim
AL02816,16,Automação Industrial,Matutino,Híbrido,Pomerode,2346,4.5,71.8,10,10,98.9,6.2,3.9,Sim,Sim,Sim,8,7.3,Não,Não
AL02817,33,Desenvolvimento de Sistemas,Matutino,Presencial,Gaspar,2136,9.2,67.9,5.9,37,90.1,5.3,7.4,Não,Sim,Não,,4.6,Não,Não
AL02818,16,Desenvolvimento de Sistemas,Noturno,Presencial,Indaial,2785,0,100,6,25,87.7,7.9,4.1,Não,Sim,Não,9,5.8,Não,Sim
AL02819,34,Eletromecânica,Noturno,Presencial,Indaial,3649,10.1,100,8.8,24,100,8.5,10.1,Não,Sim,Sim,8,9.2,Sim,Não
AL02820,19,Eletromecânica,Matutino,Presencial,Blumenau,1997,4.5,88,5.3,28,70.1,7.3,16.6,Não,Não,Sim,7,4.3,Não,Não
AL02821,16,Automação Industrial,Matutino,Presencial,Timbó,3839,8.4,77.5,7,23,89.3,8,4.7,Sim,Sim,Não,9,6.4,Sim,Não
AL02822,25,Automação Industrial,Matutino,Presencial,Gaspar,2006,6,88.8,7.3,41,100,6.8,7,Sim,Sim,Sim,8,8.6,Sim,Não
AL02823,30,Desenvolvimento de Sistemas,Matutino,Presencial,Indaial,1309,11.9,91.8,3.9,21,100,4.8,6.9,Não,Sim,Sim,9,7.8,Sim,Não
AL02824,32,Eletromecânica,Noturno,Presencial,Blumenau,3575,14.9,85.9,6.2,43,94.9,7,3.2,Sim,Sim,Não,9,6.3,Sim,Não
AL02825,25,Desenvolvimento de Sistemas,Matutino,Presencial,Timbó,974,2.1,,7.4,39,70.9,5.4,2.6,Não,Sim,Não,7,6.4,Sim,Não
AL02826,31,Desenvolvimento de Sistemas,Matutino,Híbrido,Indaial,2545,7.9,58.9,6.2,52,75.6,7.3,3.8,Não,Sim,Não,5,6.3,Não,Sim
AL02827,35,Eletromecânica,Noturno,Híbrido,Gaspar,2680,4.3,70.8,5.7,5,90.4,6.1,13.6,Não,Sim,Não,6,5.4,Não,Não
AL02828,38,Desenvolvimento de Sistemas,Noturno,Presencial,Timbó,6216,5.5,90.9,8.7,16,73.7,5.2,6.7,Sim,Sim,Não,7,6.1,Sim,Sim
AL02829,28,Eletromecânica,Noturno,Presencial,Gaspar,3627,12.8,,6.6,39,100,5.9,4,Sim,Sim,Não,8,7.2,Sim,Sim
AL02830,16,Automação Industrial,Matutino,Presencial,Timbó,8419,8.1,77,8.4,32,100,5.9,2.7,Sim,Sim,Sim,7,7.2,Sim,Não
AL02831,36,Eletromecânica,Matutino,Híbrido,Blumenau,4372,7,73.6,9,12,77.5,6.2,12,Não,Sim,Não,7,6.2,Não,Não
AL02832,25,Desenvolvimento de Sistemas,Noturno,Presencial,Pomerode,4043,10.8,82,6.5,21,64.1,6.5,14.4,Sim,Sim,Sim,9,6.3,Sim,Não
AL02833,23,Automação Industrial,Noturno,Híbrido,Blumenau,2672,0,78.9,6.4,30,62.7,6.8,13.3,Sim,Sim,Não,7,4.5,Não,Não
AL02834,25,Eletromecânica,Matutino,Híbrido,Gaspar,5010,0,72.7,6.6,15,78.8,6.1,8.9,Não,Sim,Não,7,5.1,Não,Não
AL02835,43,Eletromecânica,Noturno,Presencial,Brusque,3693,12.8,84,4.9,36,100,6.2,1.4,Sim,Não,Não,8,8.2,Sim,Não
AL02836,20,Eletromecânica,Matutino,Presencial,Indaial,6146,7.8,87.4,6.5,30,100,6.7,18.1,Sim,Não,Não,5,6.2,Sim,Sim
AL02837,16,Automação Industrial,Noturno,Presencial,Brusque,1292,4.8,81,6.3,14,76.6,5.5,9.5,Não,Sim,Sim,7,4.4,Não,Não
AL02838,35,Administração,Noturno,Presencial,Brusque,2343,9.8,75.5,4.4,39,100,6,4.7,Sim,Sim,Não,9,7.8,Sim,Não
AL02839,37,Automação Industrial,Noturno,Presencial,Indaial,,11.6,78.6,5.3,31,96,6.4,4.9,Sim,Não,Não,8,6.7,Sim,Não
AL02840,21,Automação Industrial,Matutino,Presencial,Gaspar,3063,12,83.8,6.8,51,87.8,5.4,3.8,Sim,Não,Não,6,6.9,Sim,Não
AL02841,28,Eletromecânica,Matutino,Híbrido,Indaial,900,7.8,64.8,6.5,25,100,7.4,7,Sim,Não,Não,7,7.5,Não,Não
AL02842,16,Eletromecânica,Matutino,Presencial,Timbó,1647,14.3,83,4.7,45,100,6.1,9.7,Sim,Não,Não,10,8,Sim,Não
AL02843,26,Eletromecânica,Matutino,Presencial,Indaial,900,9.4,81.8,5.6,49,100,6.5,12.9,Não,Sim,Sim,7,6.7,Sim,Não
AL02844,25,Eletromecânica,Noturno,Presencial,Gaspar,1995,12.1,77.5,8.4,34,96.8,8.1,3.1,Não,Sim,Não,9,7.1,Sim,Não
AL02845,19,Administração,Noturno,Presencial,Indaial,2193,17.5,81.4,8.2,40,92.6,7.2,12,Sim,Não,Não,9,8.5,Sim,Não
AL02846,45,Automação Industrial,Noturno,Presencial,Timbó,4757,3.4,78.2,8.7,29,80.2,6.2,44.6,Sim,Sim,Não,10,6.1,Sim,Sim
AL02847,47,Administração,Matutino,Híbrido,Brusque,1224,7.9,100,9.1,17,62.5,7.7,17.3,Sim,Não,Não,9,7.1,Sim,Não
AL02848,19,Desenvolvimento de Sistemas,Noturno,Presencial,Blumenau,8365,5.1,85.4,6.2,35,92,5.9,8.6,Não,Sim,Sim,8,6.6,Sim,Não
AL02849,34,Administração,Noturno,Presencial,Timbó,5792,7.7,90.1,9,2,72.5,6.1,9.2,Sim,Sim,Não,7,6.4,Sim,Não
AL02850,26,Administração,Noturno,Híbrido,Timbó,3618,11.6,77.6,5.9,32,87.6,4.9,11.2,Sim,Sim,Sim,4,6.4,Sim,Sim
AL02851,40,Administração,Matutino,Presencial,Indaial,1391,3.2,80.9,6.4,48,74.1,7.2,15.6,Sim,Sim,Não,6,6.2,Sim,Não
AL02852,40,Automação Industrial,Noturno,Presencial,Brusque,5472,8.1,88.9,7.6,20,85.8,8.7,12.6,Sim,Não,Não,6,7.9,Sim,Não
AL02853,39,Administração,Noturno,Presencial,Indaial,2691,9.3,68.8,5.7,47,61.8,8.7,7.5,Sim,Sim,Não,7,5.7,Não,Não
AL02854,16,Administração,Matutino,Presencial,Blumenau,3042,9.7,86.1,6,16,91.2,10,12.4,Não,Não,Não,7,5.1,Não,Não
AL02855,22,Administração,Matutino,Presencial,Blumenau,3106,2.3,66.3,3.8,14,58.2,4.8,5.8,Não,Sim,Não,8,4.9,Não,Sim
AL02856,32,Desenvolvimento de Sistemas,Noturno,Presencial,Gaspar,900,13.6,75.8,5.8,30,57.3,6.2,19.3,Não,Sim,Não,9,5.3,Não,Não
AL02857,27,Eletromecânica,Matutino,Híbrido,Brusque,1838,1.3,84,4.7,15,59,7.9,15.4,Não,Sim,Não,7,5.4,Não,Sim
AL02858,16,Administração,Noturno,Presencial,Gaspar,2352,10.3,68,5.4,32,65.3,7,8.9,Não,Sim,Não,8,5.2,Não,Não
AL02859,32,Administração,Matutino,Presencial,Gaspar,1082,7.5,78.5,8.7,17,57.8,4.4,1.9,Não,Sim,Não,5,7,Sim,Não
AL02860,23,Administração,Matutino,Presencial,Timbó,3012,9.6,63.2,7.7,49,81.7,7.3,5.7,Sim,Não,Não,8,7.5,Não,Não
AL02861,37,Desenvolvimento de Sistemas,Noturno,Presencial,Timbó,5468,11.2,92.1,8.1,32,100,6.6,13.7,Sim,Sim,Não,7,8.3,Sim,Não
AL02862,20,Desenvolvimento de Sistemas,Matutino,Presencial,Indaial,3113,1.5,85.3,5.5,34,76.9,5.7,5.6,Sim,Sim,Sim,10,7,Sim,Não
AL02863,16,Automação Industrial,Noturno,Presencial,Indaial,1498,5.7,81.2,7.9,38,95.1,6.1,5.8,Sim,Sim,Não,8,7.3,Sim,Não
AL02864,27,Desenvolvimento de Sistemas,Noturno,Presencial,Indaial,2597,4.2,99.4,6.7,25,84,5.5,9.3,Não,Sim,Sim,10,8,Sim,Sim
AL02865,45,Desenvolvimento de Sistemas,Noturno,Presencial,Blumenau,2720,7.3,79.3,4.2,34,87.1,5.9,4.5,Sim,Sim,Não,8,5.3,Não,Sim
AL02866,43,Automação Industrial,Matutino,Presencial,Gaspar,2066,13.7,86.2,8.5,48,89,5.8,8.9,Sim,Não,Sim,9,8.3,Sim,Não
AL02867,18,Eletromecânica,Matutino,Presencial,Brusque,2772,6.3,73.3,4.6,36,87.7,7,11.9,Não,Não,Sim,6,5.2,Não,Sim
AL02868,18,Automação Industrial,Matutino,Presencial,Pomerode,1713,1.8,,6.2,25,64.4,7.3,23.1,Sim,Sim,Sim,6,5.9,Não,Sim
AL02869,19,Administração,Noturno,Presencial,Indaial,3281,12.7,74,3.6,52,87.1,8.8,13.6,Sim,Sim,Não,7,6.9,Não,Não
AL02870,46,Eletromecânica,Noturno,Presencial,Blumenau,2200,4.7,92.1,7.5,35,76.7,7,14,Sim,Sim,Não,8,7.3,Sim,Não
AL02871,16,Eletromecânica,Matutino,Presencial,Blumenau,2078,15.1,100,7.2,63,89.2,7.5,15.9,Não,Sim,Não,7,6.8,Sim,Não
AL02872,20,Eletromecânica,Noturno,Presencial,Brusque,2106,7.6,78.1,6.5,48,83.3,7.4,6.7,Não,Não,Não,8,6.9,Sim,Não
AL02873,28,Automação Industrial,Matutino,Presencial,Indaial,2036,14.7,81.8,8,40,83.3,7.9,12.1,Sim,Não,Não,8,8.1,Sim,Não
AL02874,27,Eletromecânica,Matutino,Presencial,Timbó,1591,14.1,91.8,6.3,40,68,6.2,5.6,Não,Não,Sim,5,6.9,Sim,Não
AL02875,40,Desenvolvimento de Sistemas,Matutino,Presencial,Gaspar,1458,9.4,74.7,7.2,15,86.5,5.7,8.8,Sim,Sim,Não,10,6.4,Não,Não
AL02876,44,Desenvolvimento de Sistemas,Matutino,Presencial,Indaial,2438,7.2,77.4,4.8,42,83.9,6.6,7.9,Não,Não,Não,6,5.2,Não,Não
AL02877,17,Automação Industrial,Noturno,Híbrido,Timbó,3593,9.9,80,8,41,95.4,9.2,9.1,Sim,Não,Não,8,8.1,Sim,Não
AL02878,19,Eletromecânica,Matutino,Híbrido,Gaspar,4751,4.9,73.4,9,35,80.9,10,6,Sim,Não,Não,7,6.4,Não,Não
AL02879,25,Administração,Noturno,Presencial,Blumenau,4854,6.9,78.9,9.1,45,79.2,7.3,9.6,Sim,Sim,Não,8,6.1,Sim,Não
AL02880,25,Automação Industrial,Noturno,Presencial,Brusque,2520,3.2,96.9,9,26,48.2,7,11.5,Sim,Sim,Não,10,6.2,Sim,Não
AL02881,32,Desenvolvimento de Sistemas,Noturno,Presencial,Pomerode,900,6.9,92.5,6.1,31,83.8,6.4,3,Sim,Não,Não,10,6.1,Sim,Não
AL02882,16,Automação Industrial,Noturno,Híbrido,Indaial,2145,6,96.7,10,48,72.6,5.8,2.7,Sim,Não,Sim,5,8.2,Sim,Não
AL02883,16,Automação Industrial,Noturno,Presencial,Indaial,3746,12.6,97.5,4.2,57,91.3,4.9,13.6,Sim,Sim,Sim,9,8,Sim,Não
AL02884,29,Desenvolvimento de Sistemas,Noturno,Presencial,Pomerode,7130,8.3,100,5.7,50,79.6,5.7,33.3,Sim,Sim,Sim,9,6.1,Sim,Não
AL02885,33,Automação Industrial,Matutino,Presencial,Blumenau,1574,5.3,92.2,9,29,70.2,8.2,4.5,Sim,Não,Não,8,6.5,Sim,Não
AL02886,27,Automação Industrial,Matutino,Presencial,Gaspar,1453,3.8,88.1,5.9,42,91.9,5.5,4.6,Sim,Sim,Não,6,5.8,Não,Não
AL02887,23,Automação Industrial,Matutino,Presencial,Blumenau,2717,8.6,83.9,8.8,40,88,7.8,29.7,Sim,Sim,Sim,6,7.1,Sim,Sim
AL02888,26,Automação Industrial,Matutino,Presencial,Blumenau,5367,12.2,88.8,6.1,35,98.8,6,3.1,Sim,Sim,Não,5,7.6,Sim,Sim
AL02889,32,Automação Industrial,Matutino,Presencial,Brusque,3127,13.9,75.2,7,23,60.4,7.4,1.5,Sim,Não,Não,9,5.2,Não,Não
AL02890,16,Automação Industrial,Matutino,Presencial,Blumenau,2422,14.1,80.8,4.5,44,100,8.1,7.8,Sim,Não,Sim,7,6.3,Sim,Não
AL02891,24,Automação Industrial,Noturno,Presencial,Indaial,6469,12.5,86.4,6.7,47,90.4,6.8,9.7,Sim,Sim,Não,7,7.8,Sim,Não
AL02892,21,Administração,Matutino,Presencial,Indaial,6239,14,97.8,6.8,45,100,8.1,9.3,Sim,Sim,Não,5,8.9,Sim,Não
AL02893,31,Desenvolvimento de Sistemas,Noturno,Presencial,Gaspar,2464,1.3,71.3,5.4,14,82.5,5.9,5.8,Sim,Sim,Não,4,5,Não,Não
AL02894,27,Automação Industrial,noturno ,Presencial,Gaspar,2706,4.6,90.4,6.3,30,84.4,6.2,33.1,Sim,Sim,Sim,9,8,Sim,Não
AL02895,23,Eletromecânica,Noturno,Presencial,Pomerode,1075,5.8,94.1,6.5,38,70.4,7.8,3,Sim,Sim,Não,8,6.3,Sim,Não
AL02896,26,Desenvolvimento de Sistemas,Noturno,Presencial,Brusque,4438,10.5,87.5,5.8,29,95.6,6.7,7,Sim,Sim,Não,7,7.7,Sim,Não
AL02897,33,Desenvolvimento de Sistemas,Noturno,Presencial,Timbó,4528,6.7,83.9,,22,96,7.1,10,Sim,Sim,Não,8,6.4,Sim,Não
AL02898,29,Desenvolvimento de Sistemas,Noturno,Presencial,Brusque,1565,10.2,89.9,6.9,55,100,7.8,4.6,Sim,Não,Sim,8,7.9,Sim,Não
AL02899,25,Automação Industrial,Noturno,Presencial,Timbó,3878,14,90.8,6.8,31,86.3,6.6,4.9,Sim,Não,Não,7,7.3,Sim,Não
AL02900,41,Desenvolvimento de Sistemas,Matutino,Presencial,Timbó,1678,5.1,78.5,7.6,39,90.5,5.5,20.2,Sim,Sim,Não,10,6.6,Sim,Não
AL02901,36,Automação Industrial,Noturno,Presencial,Gaspar,,11.7,84.8,6.6,39,90.5,6.5,5.3,Não,Sim,Não,8,6.1,Sim,Não
AL02902,51,Desenvolvimento de Sistemas,Noturno,Híbrido,Pomerode,2644,17.6,63.1,2.8,47,100,6.7,4.6,Sim,Não,Não,8,5.1,Não,Sim
AL02903,20,Desenvolvimento de Sistemas,Matutino,Presencial,Timbó,2611,8.6,85.3,5.8,21,99.2,5.1,6.8,Não,Não,Não,7,7.8,Sim,Sim
AL02904,40,Automação Industrial,Noturno,Presencial,Blumenau,4949,13.6,73.7,4.5,35,100,8.1,12.1,Sim,Sim,Não,6,5.5,Não,Não
AL02905,20,Automação Industrial,Noturno,Presencial,Blumenau,5148,4,95.4,6.1,35,72.4,4.4,13.3,Sim,Sim,Não,8,6.1,Sim,Não
AL02906,29,Eletromecânica,Noturno,Presencial,Blumenau,4649,15.4,89.4,7.2,17,100,5.7,3.5,Sim,Não,Não,6,8.8,Sim,Não
AL02907,30,Administração,Noturno,Híbrido,Gaspar,3601,13.1,79.3,6.8,22,100,8.1,3.5,Sim,Sim,Não,6,7.9,Sim,Não
AL02908,32,Administração,Noturno,Híbrido,Pomerode,4117,5.1,88.1,6.5,32,97.8,3.9,5.8,Sim,Sim,Não,6,7.4,Sim,Não
AL02909,23,Administração,Noturno,Híbrido,Blumenau,2734,13,66.6,4.9,39,98.5,7.3,13.1,Sim,Sim,Não,10,6.4,Não,Não
AL02910,30,Desenvolvimento de Sistemas,Noturno,Presencial,Brusque,2288,9.3,97.9,7.2,43,100,7.9,5.9,Não,Sim,Não,10,7.7,Sim,Não
AL02911,38,Eletromecânica,Noturno,Presencial,Pomerode,1793,7.6,71,4.2,28,80.3,6.3,13.4,Sim,Sim,Não,7,5.9,Não,Não
AL02912,32,Eletromecânica,Noturno,Presencial,Gaspar,1291,9.2,94.8,6.3,43,97.1,8.4,7.3,Sim,Sim,Sim,6,6.7,Sim,Não
AL02913,20,Automação Industrial,Matutino,Híbrido,Brusque,3128,6.7,70.5,6.3,29,100,9.5,9.8,Sim,Não,Não,5,8.7,Não,Não
AL02914,39,Administração,Noturno,Presencial,Gaspar,2546,3.6,84.8,8.7,20,88.6,6.3,6.1,Sim,Sim,Não,8,8,Sim,Não
AL02915,22,Eletromecânica,Matutino,Híbrido,Pomerode,1918,4.1,79.5,7.4,34,97.6,6.5,2.7,Sim,Sim,Não,5,7,Sim,Não
AL02916,22,Automação Industrial,Noturno,Presencial,Pomerode,2558,6.9,91.3,8,37,80.3,9.6,3,Não,Não,Não,8,6.8,Sim,Não
AL02917,22,Desenvolvimento de Sistemas,Matutino,Presencial,Timbó,6254,9.5,73.7,8,34,72.3,7.4,11.6,Sim,Sim,Não,8,6.2,Não,Não
AL02918,32,Administração,Noturno,Presencial,Brusque,4144,6.2,77.2,4.3,34,75.6,7.2,14.1,Sim,Sim,Não,8,6,Sim,Não
AL02919,16,Automação Industrial,Noturno,Presencial,Timbó,3125,10.9,64.7,6.4,59,79.9,5.6,12.5,Sim,Não,Sim,9,6.5,Não,Não
AL02920,42,Eletromecânica,Noturno,Presencial,Indaial,5354,11.7,90.2,3.8,49,100,6.2,12.1,Sim,Sim,Não,5,5.5,Não,Sim
AL02921,29,Automação Industrial,Noturno,Presencial,Indaial,1665,9.1,84.6,9.2,34,81,6.5,6.9,Sim,Sim,Sim,5,7.2,Sim,Não
AL02922,32,Automação Industrial,Matutino,Presencial,Brusque,2685,16.3,72.3,3.6,45,100,5.5,8.6,Sim,Não,Não,7,7.2,Não,Não
AL02923,16,Administração,Matutino,Presencial,Indaial,1265,15.6,75.4,6.3,41,100,6.5,6,Não,Sim,Sim,7,7.8,Sim,Não
AL02924,16,Automação Industrial,Matutino,Presencial,Indaial,3032,4.5,87.3,6.6,24,64.3,4.6,8.3,Sim,Sim,Não,8,7.5,Sim,Não
AL02925,22,Desenvolvimento de Sistemas,Noturno,Presencial,Blumenau,3364,1.8,73.4,5.7,20,73.1,7.7,19.5,Sim,Sim,Sim,9,3.8,Não,Não
AL02926,32,Eletromecânica,Noturno,Presencial,Pomerode,1854,14.8,70,7.6,41,75.4,6.4,10.3,Sim,Não,Não,7,6.3,Não,Não
AL02927,19,Desenvolvimento de Sistemas,Matutino,Presencial,Brusque,2201,9.1,80.5,8,23,65.6,7,13.1,Sim,Sim,Não,8,6,Sim,Não
AL02928,28,Automação Industrial,Noturno,Híbrido,Pomerode,900,7.6,96.8,7.5,43,75.9,6.6,14.4,Sim,Sim,Não,5,6.9,Sim,Não
AL02929,21,Eletromecânica,Matutino,Presencial,Gaspar,2289,4.8,80.4,7.4,15,71.4,5.9,2.1,Sim,Sim,Não,6,6.3,Sim,Não
AL02930,26,Desenvolvimento de Sistemas,Noturno,Presencial,Timbó,4054,8.2,73.5,5.9,30,71.9,6.9,3.9,Não,Sim,Não,6,5.1,Não,Não
AL02931,21,Desenvolvimento de Sistemas,Noturno,Presencial,Indaial,3542,8.9,82.3,10,38,77.8,7.3,17,Sim,Sim,Não,4,7.8,Sim,Sim
AL02932,25,Desenvolvimento de Sistemas,Matutino,Presencial,Timbó,4517,5.2,87,4.1,14,94.5,5.7,6.1,Sim,Sim,Não,7,6,Sim,Não
AL02933,27,Eletromecânica,Matutino,Presencial,Gaspar,2337,2.9,100,7.1,19,69.5,6.6,4,Sim,Sim,Sim,6,4.9,Não,Não
AL02934,18,Eletromecânica,Noturno,Híbrido,Indaial,9958,15.6,90,6.1,40,93.2,4.1,23.3,Sim,Não,Sim,6,8.5,Sim,Não
AL02935,22,Eletromecânica,Noturno,Presencial,Brusque,1054,7.1,71.4,8.3,48,98.2,8.8,6.3,Não,Sim,Não,7,5.7,Não,Sim
AL02936,24,Automação Industrial,Noturno,Presencial,Indaial,2511,18.5,83.4,9.3,41,100,7.4,8.4,Sim,Não,Não,7,9.9,Sim,Não
AL02937,30,Eletromecânica,Matutino,Híbrido,Brusque,1443,1.2,80.1,6.5,35,86.5,6.7,10,Não,Sim,Não,7,4.8,Não,Não
AL02938,26,Administração,Matutino,Híbrido,Gaspar,4609,14.4,54.5,5.4,44,90.3,3.5,9.5,Sim,Sim,Não,5,5.8,Não,Sim
AL02939,27,Eletromecânica,Noturno,Híbrido,Indaial,2500,11.1,88.7,2.4,32,93.9,6.7,7,Sim,Sim,Sim,8,6.7,Sim,Não
AL02940,29,Eletromecânica,Matutino,Presencial,Pomerode,4715,2,74.8,7.7,42,67.2,6.3,5.2,Não,Sim,Não,8,7,Não,Sim
AL02941,26,Administração,Matutino,Presencial,Gaspar,3007,5.9,93.2,4.1,32,68,7.9,7.7,Sim,Sim,Não,7,6.2,Sim,Não
AL02942,24,Eletromecânica,Matutino,Presencial,Blumenau,1847,8,84.6,7.6,38,66.4,6.6,9.2,Sim,Não,Não,6,6.6,Sim,Não
AL02943,31,Eletromecânica,Noturno,Presencial,Timbó,3339,2.6,61.6,7.5,16,50.7,6,4.8,Sim,Sim,Não,5,5.6,Não,Sim
AL02944,28,Desenvolvimento de Sistemas,Matutino,Presencial,Brusque,900,9,84.8,4.9,31,54.8,7.3,4,Não,Sim,Não,4,4.2,Não,Sim
AL02945,29,Eletromecânica,Noturno,Híbrido,Indaial,3887,11.2,74.1,4,51,100,7.2,4.7,Sim,Sim,Sim,9,7.5,Não,Não
AL02946,38,Automação Industrial,Noturno,Presencial,Blumenau,1753,5.3,82.1,7.2,14,95.5,6.9,3.3,Não,Sim,Não,8,7.3,Sim,Não
AL02947,30,Automação Industrial,Noturno,Presencial,Indaial,3516,11.7,72.3,5.6,32,92,6.1,10.4,Sim,Sim,Não,8,5.9,Não,Não
AL02948,21,Desenvolvimento de Sistemas,Noturno,Híbrido,Gaspar,4049,7.7,74.3,6.4,41,65.9,9.5,54.9,Sim,Não,Não,8,7.4,Não,Sim
AL02949,37,Desenvolvimento de Sistemas,Noturno,Presencial,Gaspar,3757,5.4,79,5.8,34,93.2,8.1,17.5,Sim,Sim,Não,8,5.8,Não,Não
AL02950,17,Administração,Matutino,Presencial,Pomerode,2061,13.4,65.8,4.7,34,100,6.1,4.3,Não,Sim,Não,7,6.4,Não,Sim
AL02951,18,Desenvolvimento de Sistemas,Matutino,Presencial,Pomerode,5761,13.2,83,6.2,39,86.1,8.6,7.6,Não,Não,Não,10,6.8,Sim,Não
AL02952,27,Desenvolvimento de Sistemas,Noturno,Híbrido,Brusque,1280,9.7,100,6,50,100,5.8,15.3,Sim,Sim,Sim,9,6.9,Sim,Não
AL02953,21,Eletromecânica,Noturno,Presencial,Timbó,3825,9.9,84,7.3,39,65.1,7.7,14.8,Sim,Não,Não,6,5.5,Não,Não
AL02954,31,Administração,Noturno,Híbrido,Pomerode,2925,7,98.4,4.8,21,98.8,7.4,14.1,Sim,Sim,Não,7,5.6,Não,Sim
AL02955,36,desenv. sistemas,Matutino,Presencial,Brusque,2898,3.8,74.8,7.8,18,80.2,7,6.3,Sim,Sim,Não,6,6,Não,Não
AL02956,16,Eletromecânica,Matutino,Presencial,Indaial,8948,12.7,74.6,6.7,52,100,7.6,5.4,Sim,Não,Não,4,6.1,Não,Sim
AL02957,22,Desenvolvimento de Sistemas,Noturno,Presencial,Gaspar,961,9,86.1,4.9,29,77.6,5.7,4,Não,Sim,Não,8,5.9,Não,Sim
AL02958,41,Desenvolvimento de Sistemas,Noturno,Híbrido,Timbó,5125,14.8,72.4,4.9,46,99.3,7.7,15.9,Sim,Não,Não,10,5.8,Não,Não
AL02959,16,Eletromecânica,Matutino,Presencial,Gaspar,1041,6.8,69.4,7.7,37,87.6,5.8,10.4,Sim,Não,Sim,8,6.5,Não,Não
AL02960,32,Administração,Matutino,Híbrido,Timbó,5018,6.4,88.1,6.5,33,75.1,5.6,5.8,Sim,Sim,Sim,9,5.5,Não,Não
AL02961,32,Eletromecânica,Noturno,Presencial,Gaspar,4660,4,68,7.1,12,85.3,7.2,3.4,Sim,Sim,Não,8,6.5,Não,Sim
AL02962,23,Administração,Noturno,Presencial,Indaial,3405,6.9,74,,18,74.9,6.1,7.1,Sim,Sim,Não,5,5.7,Não,Não
AL02963,37,Administração,Noturno,Presencial,Pomerode,6220,8.6,88.4,8.8,20,79.5,7.9,9,Não,Sim,Sim,8,7.2,Sim,Não
AL02964,25,Desenvolvimento de Sistemas,Noturno,Presencial,Timbó,1406,7.9,84.7,5.9,30,75.1,6.8,5.5,Sim,Sim,Não,5,6.6,Sim,Não
AL02965,42,Desenvolvimento de Sistemas,Noturno,Presencial,Gaspar,1545,1.5,77.3,9.5,15,60.2,5.6,21.3,Sim,Sim,Não,5,6.2,Sim,Sim
AL02966,28,Eletromecânica,Matutino,Presencial,Timbó,3852,9.2,96,8.4,41,98.2,8.3,5.6,Sim,Sim,Sim,6,8.7,Sim,Não
AL02967,19,Eletromecânica,Noturno,Presencial,Brusque,900,9.2,79.7,7.2,40,96.5,8.4,8.1,Sim,Não,Não,9,7.9,Sim,Não
AL02968,22,Administração,Noturno,Presencial,Blumenau,3268,14.1,95.4,6.5,51,100,6.7,6.4,Não,Não,Não,6,8,Sim,Não
AL02969,33,Automação Industrial,Matutino,Presencial,Brusque,4361,8.2,71.8,3.5,26,68.3,7.9,6,Sim,Sim,Não,9,4.6,Não,Sim
AL02970,16,Eletromecânica,Matutino,Presencial,Gaspar,2176,4.9,82.2,9.5,21,74.3,7.6,17.6,Não,Não,Sim,8,6.1,Sim,Não
AL02971,35,Eletromecânica,Matutino,Presencial,Gaspar,9182,10.2,88.4,7.8,32,93.8,6.5,0.8,Sim,Sim,Não,6,8.5,Sim,Não
AL02972,16,Automação Industrial,Matutino,Híbrido,Blumenau,2477,8,97.2,8.8,53,68.2,6.3,5.1,Não,Não,Não,5,6.8,Sim,Sim
AL02973,46,Administração,Matutino,Presencial,Blumenau,1868,9.5,82.8,7.2,41,75,5.8,5.9,Sim,Sim,Não,7,7.3,Sim,Não
AL02974,35,Automação Industrial,Noturno,Presencial,Blumenau,2239,2.3,87.2,6.1,40,100,5.5,4.6,Sim,Sim,Não,8,6.3,Sim,Sim
AL02975,16,Desenvolvimento de Sistemas,Noturno,Presencial,Blumenau,2868,11,97,8.7,62,80.9,7,9.3,Sim,Não,Sim,7,7,Sim,Não
AL02976,40,Eletromecânica,Noturno,Híbrido,Timbó,5920,12.3,99.6,9.4,43,100,6.8,7.4,Sim,Não,Sim,6,8.7,Sim,Não
AL02977,20,Desenvolvimento de Sistemas,Matutino,Híbrido,Brusque,6548,14.1,84.7,5.7,37,100,7.2,14,Sim,Não,Sim,7,6.2,Sim,Não
AL02978,26,Desenvolvimento de Sistemas,Noturno,Presencial,Blumenau,4872,8.5,83.6,8,0,96.1,7.3,7.4,Sim,Sim,Não,10,7.6,Sim,Não
AL02979,24,Eletromecânica,Matutino,Presencial,Brusque,9866,9.2,78.6,7.8,30,74.7,7,28.1,Não,Não,Não,5,6.5,Sim,Não
AL02980,30,Administração,Noturno,Presencial,Timbó,5718,2.2,67.4,7.1,23,77.2,7.9,12.2,Sim,Sim,Não,6,5.3,Não,Não
AL02981,18,Administração,Matutino,Híbrido,Pomerode,1790,9.7,60.7,5.3,20,100,5.5,11.1,Sim,Não,Não,6,5.5,Não,Não
AL02982,21,Administração,Matutino,Presencial,Indaial,4149,8.3,95.3,8.5,23,76.7,7.4,6.6,Sim,Não,Não,5,7.4,Sim,Não
AL02983,27,Automação Industrial,Noturno,Presencial,Indaial,1112,7.8,91,10,17,100,6.6,15.1,Não,Sim,Não,8,7.8,Sim,Não
AL02984,30,Desenvolvimento de Sistemas,Noturno,Híbrido,Indaial,2416,6.7,74.7,7.9,27,91.4,4.9,11.8,Sim,Sim,Não,5,7.9,Não,Não
AL02985,25,Automação Industrial,Noturno,Presencial,Brusque,3758,12,87.1,6.8,54,100,7.1,5.6,Sim,Não,Não,5,7,Sim,Não
AL02986,29,Automação Industrial,Noturno,Presencial,Gaspar,5425,12.8,78.5,8,47,85.9,5.8,3.1,Sim,Sim,Não,8,6.7,Sim,Não
AL02987,22,Administração,Matutino,Presencial,Blumenau,5226,3.3,79.8,7,36,38,6.8,2.2,Sim,Sim,Não,7,4.8,Não,Sim
AL02988,32,Administração,Noturno,Presencial,Blumenau,1009,8.3,85.4,9.7,37,76,6.6,13,Sim,Sim,Não,7,7.3,Sim,Não
AL02989,20,Eletromecânica,Noturno,Híbrido,Brusque,1887,13,99.3,5,27,100,7,14.1,Não,Não,Não,6,7.4,Sim,Não
AL02990,16,Eletromecânica,Matutino,Presencial,Brusque,7646,7.1,98.5,8,36,77.5,6.5,26.8,Não,Não,Não,9,6.8,Sim,Não
AL02991,23,Administração,Matutino,Presencial,Brusque,3016,8.6,99.4,6.4,33,75.7,6.8,2.5,Sim,Sim,Sim,8,7.3,Sim,Não
AL02992,16,Desenvolvimento de Sistemas,Matutino,Presencial,Indaial,2338,2.9,80,5.5,32,76.4,7.3,4.7,Não,Sim,Não,8,6.7,Sim,Sim
AL02993,24,Eletromecânica,Matutino,Presencial,Brusque,2799,9.4,89.1,6.4,27,88.8,5.7,2.1,Sim,Sim,Não,8,6.2,Sim,Não
AL02994,16,Administração,Noturno,Presencial,Indaial,6592,13.1,91.9,7.4,56,97.2,7.1,4.9,Sim,Não,Não,7,9,Sim,Não
AL02995,33,Eletromecânica,Noturno,Presencial,Timbó,3603,7.1,83.5,6.8,11,89.5,5.6,5.6,Sim,Sim,Sim,8,6.7,Sim,Não
AL02996,22,Desenvolvimento de Sistemas,Matutino,Presencial,Brusque,3153,2,78.1,5.4,32,80,5.3,7.7,Sim,Sim,Não,8,6.8,Sim,Não
AL02997,31,Eletromecânica,Matutino,Híbrido,Timbó,4366,5.4,66.4,5.5,17,47.8,8.5,10.4,Sim,Sim,Não,7,5.9,Não,Sim
AL02998,31,Desenvolvimento de Sistemas,Noturno,Presencial,Gaspar,1055,11.2,88.4,5,38,100,7.9,14.8,Não,Sim,Sim,10,8.2,Sim,Sim
AL02999,26,Desenvolvimento de Sistemas,Noturno,Presencial,Brusque,7493,5,79.5,7.1,23,64.7,9.6,13.5,Sim,Sim,Não,8,5.6,Não,Sim
AL03000,23,Administração,Noturno,Presencial,Gaspar,4844,3.6,78.7,6.7,4,83.3,7,3.5,Sim,Sim,Sim,,5.8,Não,Não
AL03001,24,Eletromecânica,Matutino,Presencial,Pomerode,2957,9,89.2,6,48,78.2,8.3,4.5,Sim,Não,Não,9,6.6,Sim,Não
AL03002,24,Administração,Noturno,Presencial,Pomerode,,14.1,82.6,7.6,58,96.5,7.1,9.1,Sim,Sim,Não,7,9.2,Sim,Não
AL03003,16,Desenvolvimento de Sistemas,Noturno,Presencial,Indaial,3641,2.4,91.5,6.6,20,51.3,6.2,3.5,Sim,Sim,Sim,8,5.1,Não,Não
AL03004,42,Automação Industrial,Noturno,Presencial,Brusque,4983,13.3,69.8,5.4,30,91.1,7.4,11,Sim,Sim,Não,7,7.2,Não,Sim
AL03005,27,Administração,Noturno,Presencial,Indaial,3859,7.3,97.6,7.3,43,45,6.9,13.1,Sim,Sim,Sim,10,5.9,Não,Não
AL03006,35,Desenvolvimento de Sistemas,Noturno,Presencial,Indaial,3339,6.2,76.1,3.9,42,87.5,4.3,13.7,Não,Sim,Não,9,5.2,Não,Não
AL03007,25,Automação Industrial,Noturno,Presencial,Pomerode,2634,10.9,84.4,6.4,56,96.2,5.6,3.7,Sim,Sim,Não,6,7.2,Sim,Sim
AL03008,18,Administração,Noturno,Híbrido,Pomerode,2330,3.2,81.1,6.9,33,100,6.7,8.1,Sim,Não,Não,8,6.2,Sim,Não
AL03009,16,Desenvolvimento de Sistemas,Matutino,Híbrido,Indaial,4025,10,82.1,4,48,80.5,6.7,6,Sim,Sim,Sim,6,6.9,Sim,Não
AL03010,27,Eletromecânica,Noturno,Presencial,Gaspar,3345,4,81.5,6.1,13,88.1,6.4,4.6,Sim,Sim,Sim,5,6.9,Sim,Sim
AL03011,21,Administração,Noturno,Presencial,Indaial,4887,8.3,86.5,7,43,88,4.7,21.6,Sim,Sim,Não,7,6.4,Sim,Não
AL03012,16,Eletromecânica,Noturno,Presencial,Brusque,2441,8.5,72.9,7.8,40,100,6.3,3.6,Sim,Sim,Não,7,6.5,Não,Não
AL03013,16,Administração,Matutino,Presencial,Timbó,1691,10.7,76.3,7.8,44,100,7,3.4,Sim,Não,Não,6,7.7,Sim,Não
AL03014,21,Eletromecânica,Noturno,Presencial,Brusque,2678,14.9,97.8,7.1,43,100,8,10.8,Sim,Não,Sim,9,8.6,Sim,Não
AL03015,38,Administração,Noturno,Híbrido,Indaial,3214,0,98.8,7.4,30,97.9,6.9,11.4,Sim,Sim,Sim,8,8,Sim,Não
AL03016,16,Administração,Matutino,Presencial,Indaial,2550,4.9,82.4,8,29,100,7,10.7,Sim,Sim,Não,6,6.8,Sim,Não
AL03017,20,Eletromecânica,Matutino,Presencial,Blumenau,2300,7.9,80.7,6.3,38,84.1,8.2,11.6,Sim,Não,Sim,10,6.7,Sim,Não
AL03018,23,Eletromecânica,Noturno,Presencial,Brusque,6288,7.3,77.5,8.6,47,82.3,5.2,28.8,Sim,Sim,Sim,7,7,Sim,Não
AL03019,35,Desenvolvimento de Sistemas,Noturno,Presencial,Blumenau,3748,8.7,81.9,8.1,29,95.3,7.5,9.7,Sim,Sim,Não,6,7.7,Sim,Não
AL03020,16,Administração,Matutino,Presencial,Timbó,1122,2.6,93.9,8.7,26,72.8,8.6,10.2,Sim,Não,Não,8,6.7,Sim,Não
AL03021,18,Desenvolvimento de Sistemas,Noturno,Presencial,Brusque,5046,17.4,76.5,3.6,25,98.7,7.2,2.1,Não,Não,Não,8,6.9,Sim,Não
AL03022,20,Desenvolvimento de Sistemas,Matutino,Presencial,Blumenau,2072,11.1,86,3,38,76.3,6.8,7.1,Sim,Não,Sim,7,5.3,Não,Não
AL03023,27,Administração,Noturno,Presencial,Brusque,2086,8.6,67.3,9,21,90.9,5.4,16.4,Não,Sim,Sim,10,6.7,Não,Não
AL03024,16,Desenvolvimento de Sistemas,Noturno,Presencial,Pomerode,3464,4.8,87.7,8.2,16,64,6.9,5.1,Sim,Não,Não,10,7.3,Sim,Não
AL03025,30,Eletromecânica,Matutino,Presencial,Indaial,2408,9.8,82.8,7.5,35,83.1,4.5,18.8,Sim,Sim,Não,10,5.8,Não,Não
AL03026,16,Automação Industrial,Noturno,Presencial,Indaial,4318,16.1,95.7,7.3,58,100,8.1,6.7,Sim,Não,Não,7,7.7,Sim,Não
AL03027,24,Desenvolvimento de Sistemas,Matutino,Híbrido,Blumenau,1397,10.9,59.4,7.2,48,78.9,6.4,4.1,Sim,Sim,Não,4,5,Não,Não
AL03028,16,Automação Industrial,Matutino,Híbrido,Brusque,4751,5.3,96.5,6.1,21,80.1,7.2,7.6,Não,Sim,Sim,9,5.8,Não,Não
AL03029,16,Eletromecânica,Matutino,Híbrido,Timbó,3291,9.6,83.1,7.6,56,81.1,7.6,6.7,Sim,Não,Não,7,5.8,Não,Não
AL03030,32,Eletromecânica,Noturno,Presencial,Indaial,4645,4.5,95.4,7,46,77.4,8.1,1.6,Sim,Sim,Não,9,8.4,Sim,Não
AL03031,38,Automação Industrial,Matutino,Presencial,Indaial,4224,4.1,90.1,4.9,55,60.4,5,7.8,Sim,Sim,Não,10,5.5,Não,Não
AL03032,16,Desenvolvimento de Sistemas,Noturno,Presencial,Pomerode,4126,5.4,94.1,7.5,30,64.4,8.6,19.7,Sim,Sim,Sim,5,6.5,Sim,Sim
AL03033,27,Automação Industrial,Matutino,Presencial,Gaspar,1476,10.1,98.3,6.1,27,93.7,5.4,7.7,Sim,Não,Não,7,6.4,Sim,Não
AL03034,27,Eletromecânica,Matutino,Presencial,Indaial,3754,10,75.2,5,50,69.3,6.6,11.2,Sim,Sim,Não,5,4.2,Não,Sim
AL03035,34,Eletromecânica,Matutino,Presencial,Brusque,9425,4.8,85.6,7.5,46,71.1,5.9,7.8,Sim,Sim,Não,6,5.4,Não,Não
AL03036,29,Desenvolvimento de Sistemas,Matutino,Presencial,Blumenau,3110,13.1,83.5,4.3,24,96.3,5.8,9.7,Sim,Sim,Sim,9,6.3,Sim,Não
AL03037,32,Eletromecânica,Matutino,Híbrido,Timbó,2111,6.6,76.9,7,43,86.3,6.5,19.3,Não,Sim,Não,8,7.4,Sim,Não
AL03038,32,Automação Industrial,Noturno,Presencial,Blumenau,1945,4.3,68.7,7.3,54,91.4,5.2,8.8,Não,Sim,Não,8,6.8,Não,Não
AL03039,16,Desenvolvimento de Sistemas,Noturno,Presencial,Indaial,2832,9.8,85,5.8,33,100,5.6,6.3,Sim,Sim,Não,8,7.8,Sim,Sim
AL03040,16,Automação Industrial,Matutino,Presencial,Indaial,3908,7.6,78.6,8.7,45,84.5,9.7,16.9,Sim,Não,Sim,8,8.1,Sim,Não
AL03041,27,Eletromecânica,Noturno,Presencial,Brusque,1781,9.1,90.9,8.9,60,96.5,7.9,11.4,Não,Sim,Não,7,6.9,Sim,Não
AL03042,31,Desenvolvimento de Sistemas,Matutino,Presencial,Timbó,10610,10.2,97.9,5.6,55,97.4,7.7,5.4,Sim,Não,Não,8,6.3,Sim,Não
AL03043,17,Desenvolvimento de Sistemas,Noturno,Híbrido,Brusque,2264,10.6,75.9,5.8,45,92.8,7.3,1.7,Não,Sim,Não,10,6.4,Sim,Não
AL03044,45,Eletromecânica,Matutino,Presencial,Blumenau,5337,3.9,90.2,7,19,63.4,6.3,6.9,Sim,Sim,Não,8,6.3,Sim,Não
AL03045,25,Eletromecânica,Noturno,Presencial,Gaspar,1496,14,79.7,10,54,95.8,7.7,12.1,Sim,Não,Não,7,6.9,Sim,Não
AL03046,33,Administração,Matutino,Híbrido,Indaial,900,13.9,100,9.1,60,100,7.4,3.8,Não,Sim,Não,2,7.2,Sim,Não
AL03047,36,Administração,Noturno,Presencial,Pomerode,1756,2.1,75.5,7.4,27,92,7.1,4.3,Sim,Sim,Não,9,6.5,Sim,Não
AL03048,29,Automação Industrial,Noturno,Híbrido,Timbó,4891,10.8,65.7,6.5,50,80.3,5.6,10.5,Sim,Sim,Não,8,6.1,Não,Não
AL03049,23,Desenvolvimento de Sistemas,Noturno,Híbrido,Blumenau,4631,20.8,97.1,8.4,57,97.9,5.1,13,Sim,Sim,Sim,4,9.1,Sim,Não
AL03050,30,Desenvolvimento de Sistemas,Matutino,Presencial,Timbó,2195,7.2,72.1,4.2,22,93.4,6.6,7.7,Sim,Sim,Não,9,5.9,Não,Não
AL03051,37,Desenvolvimento de Sistemas,Noturno,Presencial,Timbó,3475,8.8,83.8,8.3,44,88.4,5,2.9,Sim,Sim,Não,6,7.2,Sim,Sim
AL03052,28,Administração,Noturno,Presencial,Gaspar,4369,7.5,84.5,5.9,48,100,7,2.4,Sim,Sim,Não,8,7.2,Sim,Não
AL03053,20,Automação Industrial,Noturno,Presencial,Blumenau,2314,11.1,78.5,5.1,50,86.6,5.7,4.7,Sim,Sim,Sim,8,6.6,Sim,Não
AL03054,23,Administração,Noturno,Presencial,Timbó,6709,13.2,90.1,6.9,43,100,6.5,8.1,Sim,Não,Sim,8,8.6,Sim,Não
AL03055,24,Eletromecânica,Noturno,Presencial,Brusque,1689,6.7,100,5,26,75.3,8.5,9.1,Sim,Sim,Não,9,6.4,Sim,Não
AL03056,23,Automação Industrial,Matutino,Presencial,Pomerode,2243,6,86.3,5.7,53,79.2,5.8,6.4,Não,Sim,Não,8,6.7,Sim,Não
AL03057,22,Desenvolvimento de Sistemas,Matutino,Presencial,Brusque,1231,4.6,83.2,7.1,31,59.4,3.5,13.7,Não,Sim,Não,8,5.3,Não,Não
AL03058,38,Desenvolvimento de Sistemas,Noturno,Presencial,Timbó,1705,10.4,71.4,6.9,35,87.4,7.2,6.5,Sim,Sim,Não,8,6.5,Não,Não
AL03059,36,Automação Industrial,Noturno,Presencial,Indaial,3468,10.8,74.1,7.1,40,80.1,6.2,8.2,Sim,Sim,Não,8,7.2,Não,Não
AL03060,23,Administração,Noturno,Presencial,Gaspar,3908,10.4,58,5.3,36,74.9,7.6,16.2,Sim,Sim,Não,9,4.3,Não,Não
AL03061,23,Automação Industrial,Matutino,Presencial,Pomerode,2775,8.3,68,5,36,100,7.8,6.1,Não,Sim,Não,5,4,Não,Não
AL03062,29,Automação Industrial,Noturno,Presencial,Timbó,2352,5.6,74.8,8.1,44,100,5.7,5.9,Não,Sim,Sim,7,8.8,Não,Sim
AL03063,22,Desenvolvimento de Sistemas,Matutino,Presencial,Gaspar,1798,0,85.2,2.8,26,58.8,8.6,4.4,Sim,Sim,Não,6,4.2,Não,Não
AL03064,37,Desenvolvimento de Sistemas,Noturno,Presencial,Indaial,3900,6.2,79.9,7.1,12,83.4,7.2,17.7,Sim,Sim,Não,8,6.8,Sim,Não
AL03065,29,Eletromecânica,Noturno,Presencial,Pomerode,1184,8.8,65.5,6.7,18,87.3,6.4,4,Sim,Sim,Não,6,6.6,Não,Não
AL03066,30,Automação Industrial,Noturno,Híbrido,Indaial,1037,12.8,99.4,3.6,36,95.6,7.4,2.6,Não,Não,Não,7,5.8,Não,Não
AL03067,22,Desenvolvimento de Sistemas,Matutino,Presencial,Pomerode,2581,5.9,73.6,4.9,19,100,7.1,3.4,Sim,Sim,Sim,8,5.4,Não,Não
AL03068,20,Automação Industrial,Noturno,Presencial,Timbó,2125,6.8,90.7,6.5,33,82.8,6.3,23.9,Sim,Sim,Não,9,7,Sim,Não
AL03069,21,Eletromecânica,Matutino,Presencial,Blumenau,1625,7.9,88.3,6.6,0,86.3,7.7,10.1,Não,Não,Não,7,5.4,Não,Não
AL03070,27,Automação Industrial,Noturno,Presencial,Timbó,9058,13,70.2,7.7,45,87.7,7,10.1,Sim,Sim,Não,9,7.1,Não,Não
AL03071,32,Desenvolvimento de Sistemas,Noturno,Hibrido,Brusque,2558,7.4,85.4,4.4,33,66.5,4.9,5.8,Não,Sim,Não,8,5.9,Não,Não
AL03072,34,Desenvolvimento de Sistemas,Matutino,Presencial,Timbó,4389,8.6,67.7,5.5,40,95,6.1,7.8,Sim,Sim,Não,9,4.4,Não,Sim
AL03073,25,Desenvolvimento de Sistemas,Noturno,Presencial,Pomerode,1700,4.7,89.6,6.5,37,68.2,7.3,7.5,Não,Sim,Sim,9,5.4,Não,Não
AL03074,29,Automação Industrial,Matutino,Presencial,Timbó,900,12.3,78.5,8.3,68,93.4,5.8,9.1,Sim,Sim,Sim,7,5.8,Não,Não
AL03075,20,Eletromecânica,Matutino,Presencial,Blumenau,2564,11.6,79.7,7.6,34,61.8,8.3,7.6,Não,Sim,Sim,4,6.9,Sim,Não
AL03076,17,Automação Industrial,Noturno,Híbrido,Gaspar,1309,5.9,79.7,3.9,45,89.7,8.1,8.4,Sim,Não,Não,7,5.6,Não,Não
AL03077,32,Administração,Matutino,Presencial,Pomerode,3310,5.7,83.9,4.6,40,78.2,8.2,10.6,Sim,Não,Sim,8,5.9,Não,Não
AL03078,16,Eletromecânica,Matutino,Presencial,Timbó,4605,0,91.7,8.1,31,80.9,7.9,5.8,Sim,Sim,Sim,9,7.3,Sim,Não
AL03079,26,Administração,Noturno,Híbrido,Blumenau,3867,12.5,80.6,7.9,29,100,6.3,10.4,Sim,Sim,Não,6,7.6,Sim,Não
AL03080,28,Administração,Noturno,Presencial,Blumenau,2461,8.3,89.6,6.1,40,92.5,6.3,9.6,Sim,Não,Não,6,7.9,Sim,Não
AL03081,16,Automação Industrial,Matutino,Presencial,Gaspar,5936,7.8,87.6,6.3,27,79.3,6.5,6.6,Sim,Sim,Não,6,5,Não,Sim
AL03082,28,Administração,Matutino,Presencial,Indaial,2496,5.3,76.5,5.1,29,88.4,6.4,2,Sim,Sim,Não,6,6.5,Sim,Sim
AL03083,34,Desenvolvimento de Sistemas,Matutino,Presencial,Blumenau,1472,2.7,96.6,7.3,40,74.9,6,7.4,Não,Sim,Sim,6,6.6,Sim,Não
AL03084,38,Desenvolvimento de Sistemas,Matutino,Presencial,Timbó,2028,5.2,68.2,6.6,27,77,6.5,16.3,Sim,Sim,Sim,9,7,Não,Não
AL03085,34,Automação Industrial,Matutino,Presencial,Indaial,1451,3,77.6,6.5,25,66.8,5.8,4.5,Sim,Sim,Não,8,4.7,Não,Não
AL03086,16,Eletromecânica,Noturno,Híbrido,Blumenau,4151,6.3,83.6,5.8,46,99.7,7.3,4.5,Sim,Não,Não,6,7.2,Sim,Não
AL03087,16,Automação Industrial,Matutino,Híbrido,Blumenau,3123,4.9,72.7,8.1,13,100,6.7,9.6,Sim,Não,Não,7,7.6,Não,Não
AL03088,17,Desenvolvimento de Sistemas,Matutino,Presencial,Indaial,2770,4.3,75.3,6.9,24,72.6,6.7,4.1,Não,Sim,Sim,5,6.4,Sim,Não
AL03089,25,Automação Industrial,Matutino,Híbrido,Blumenau,2699,4.9,57.1,6.6,35,69.7,7,4.8,Sim,Sim,Não,7,5.2,Não,Sim
AL03090,21,Eletromecânica,Matutino,Presencial,Timbó,8839,11.2,89.5,6,61,100,8.3,5.4,Sim,Não,Não,8,8,Sim,Não
AL03091,16,Eletromecânica,Matutino,Presencial,Gaspar,2878,7.5,84.1,6.3,62,80.3,8.7,10.8,Sim,Sim,Sim,4,6.9,Sim,Não
AL03092,20,Automação Industrial,Noturno,Presencial,Brusque,1546,8.9,65,7.9,29,84.3,6.6,7.7,Sim,Não,Não,6,7.2,Não,Não
AL03093,40,Desenvolvimento de Sistemas,Matutino,Híbrido,Indaial,1908,1,94.7,6.4,20,78,7.7,15.1,Não,Sim,Sim,8,6.9,Sim,Não
AL03094,24,Automação Industrial,Matutino,Presencial,Blumenau,3031,7.3,80.4,10,31,82.6,5.7,3,Sim,Sim,Sim,9,8.1,Sim,Não
AL03095,33,Eletromecânica,Noturno,Presencial,Blumenau,1899,2.2,100,4.9,48,88.2,6.4,3.3,Não,Sim,Sim,8,6.6,Sim,Não
AL03096,26,Administração,Noturno,Presencial,Brusque,2489,7.4,83.2,5.4,30,83.5,6.8,16.5,Sim,Sim,Não,6,6.7,Sim,Não
AL03097,17,Administração,Matutino,Presencial,Blumenau,7768,18,80.1,4.3,56,92.8,6.6,16.9,Sim,Não,Não,8,6.1,Sim,Não
AL03098,17,Administração,Noturno,Presencial,Pomerode,5327,13.5,82.9,7.5,45,100,6.6,8,Sim,Não,Não,7,7.5,Sim,Não
AL03099,34,Eletromecânica,Noturno,Híbrido,Indaial,2722,0,76.1,9.3,10,54.2,6,14.5,Sim,Sim,Não,7,8.5,Sim,Não
AL03100,30,Administração,Matutino,Presencial,Timbó,2009,7.5,93.5,7.4,39,59.5,4.8,10.9,Sim,Sim,Não,5,6.5,Sim,Sim
AL03101,34,Desenvolvimento de Sistemas,Noturno,Presencial,Indaial,1826,10.2,86,9.7,35,79.4,5.3,4.1,Não,Sim,Não,5,7.6,Sim,Sim
AL03102,28,Desenvolvimento de Sistemas,Matutino,Presencial,Brusque,1523,9.2,89.9,7.7,47,70.4,8.5,4.3,Sim,Não,Não,7,5.8,Não,Sim
AL03103,22,Eletromecânica,Matutino,Híbrido,Blumenau,10452,5.2,,6.7,43,85.4,5.8,7.4,Sim,Sim,Não,7,6.5,Sim,Não
AL03104,30,Automação Industrial,Noturno,Presencial,Pomerode,3735,14.5,68.9,4.5,61,100,5.3,5.5,Sim,Sim,Não,8,6.1,Não,Não
AL03105,20,Desenvolvimento de Sistemas,Matutino,Presencial,Pomerode,4166,10,66.5,7.2,43,84.3,7.3,10,Sim,Sim,Não,7,5.9,Não,Não
AL03106,31,Desenvolvimento de Sistemas,Noturno,Presencial,Timbó,2182,10.7,96.9,5.4,33,100,5.6,9,Sim,Sim,Sim,8,7.8,Sim,Não
AL03107,25,Administração,Matutino,Presencial,Indaial,4734,6.2,70,4.7,25,81.8,8.2,6.8,Sim,Não,Não,7,4.6,Não,Não
AL03108,27,Desenvolvimento de Sistemas,Matutino,Híbrido,Gaspar,1550,10.1,87.4,8.9,27,93.7,7.4,5.4,Sim,Sim,Não,9,8.6,Sim,Não
AL03109,30,Eletromecânica,Noturno,Presencial,Pomerode,2944,10.1,83.6,6.4,40,96.4,6.4,19.7,Sim,Sim,Não,8,6.8,Sim,Não
AL03110,27,Eletromecânica,Matutino,Presencial,Blumenau,4076,3.4,100,6.1,21,80.5,7.4,16.9,Sim,Sim,Sim,9,6.7,Sim,Não
AL03111,34,Desenvolvimento de Sistemas,Matutino,Presencial,Pomerode,2156,8.9,76.8,8.7,48,55.7,6,5.1,Sim,Sim,Sim,7,6.2,Sim,Sim
AL03112,30,Desenvolvimento de Sistemas,Matutino,Presencial,Pomerode,1379,4.9,93,7.5,38,60.4,6.9,44,Sim,Sim,Não,5,6.3,Sim,Não
AL03113,40,Automação Industrial,Noturno,Presencial,Pomerode,5035,7.9,94.9,7.1,41,85.8,5.9,4.5,Sim,nao,Sim,7,7.2,Sim,Não
AL03114,25,Administração,Matutino,Presencial,Brusque,3669,10.5,70.2,7.5,39,86.8,6.3,7,Sim,Sim,Não,8,6.9,Não,Não
AL03115,33,Eletromecânica,Matutino,Presencial,Blumenau,3155,9.1,67.3,4.4,45,66.4,8,22,Sim,Não,Não,6,4.4,Não,Não
AL03116,19,Automação Industrial,Noturno,Presencial,Timbó,6035,13.6,74.6,5.1,53,94.4,6.9,8.5,Sim,Não,Não,8,6.1,Não,Não
AL03117,38,Automação Industrial,Matutino,Presencial,Indaial,1382,5.2,78.9,7.2,28,68.6,7.4,2.7,Sim,Sim,Sim,5,7.5,Sim,Não
AL03118,18,Eletromecânica,Noturno,Presencial,Brusque,2324,12.3,85.9,8.3,45,98,6.8,10.4,Sim,Não,Não,8,7.4,Sim,Não
AL03119,36,Desenvolvimento de Sistemas,Matutino,Presencial,Gaspar,,4.8,89.5,3.8,8,78.4,5.2,9.2,Sim,Sim,Não,7,5.8,Não,Sim
AL03120,16,Administração,Noturno,Presencial,Pomerode,2477,7.5,76,4.1,54,90.3,6.5,11.7,Sim,Não,Sim,6,7.2,Sim,Não
AL03121,23,Eletromecânica,Matutino,Presencial,Indaial,1817,15.9,100,6.7,43,100,7,8.4,Sim,Não,Não,8,7.8,Sim,Não
AL03122,29,Desenvolvimento de Sistemas,Matutino,Presencial,Brusque,7452,7.9,81.7,6.8,31,88.8,5.3,9,Sim,Sim,Não,9,6.5,Sim,Não
AL03123,18,Administração,Matutino,Presencial,Timbó,1728,10.8,78.2,6.8,36,75.2,6.6,17.3,Não,Não,Não,8,5.8,Não,Não
AL03124,16,Desenvolvimento de Sistemas,Noturno,Presencial,Brusque,4613,12.1,78.3,6.3,60,100,7,9.9,SIM,Sim,Não,4,6.9,Sim,Sim
AL03125,25,Automação Industrial,Matutino,Presencial,Indaial,2017,9.3,96.3,5.8,42,73.9,7.3,20.1,Não,Sim,Sim,6,6.1,Sim,Não
AL03126,34,Eletromecânica,Matutino,Híbrido,Gaspar,3486,6.1,100,6.5,46,71.7,6.2,11.7,Sim,Sim,Sim,8,5.7,Não,Não
AL03127,33,Automação Industrial,Noturno,Presencial,Timbó,2171,3.1,90.6,5.2,16,73.8,6.6,5.6,Sim,Sim,Sim,7,5.9,Não,Não
AL03128,24,Desenvolvimento de Sistemas,Noturno,Presencial,Blumenau,3009,0,73.9,8.8,13,64.4,4.9,4,Sim,Sim,Não,6,5.2,Não,Não
AL03129,26,Eletromecânica,Noturno,Presencial,Gaspar,5265,4.9,75.3,7,25,83.9,6.2,5.8,Sim,Sim,Não,6,5.4,Não,Não
AL03130,35,Eletromecânica,Matutino,Presencial,Indaial,14000,3.1,81,6.1,22,57,5.8,2.8,Sim,Sim,Sim,5,6.4,Sim,Sim
AL03131,25,Desenvolvimento de Sistemas,Matutino,Presencial,Timbó,2144,8.1,78.3,6.9,27,100,6.3,5.9,Sim,Não,Não,4,5,Não,Não
AL03132,36,Eletromecânica,Matutino,Presencial,Pomerode,5154,7.6,100,7.5,37,81.6,5.3,9.9,Sim,Sim,Não,8,6.8,Sim,Não
AL03133,19,Administração,Noturno,Presencial,Pomerode,1712,1.4,85.7,3.9,22,53.9,6.7,18.9,Sim,Sim,Não,8,4.8,Não,Não
AL03134,29,Automação Industrial,Matutino,Presencial,Brusque,5992,12.9,71.3,5.3,44,99.8,5,2.5,Sim,Sim,Não,6,7.3,Não,Não
AL03135,29,Desenvolvimento de Sistemas,Noturno,Presencial,Blumenau,2637,11.4,75.7,7.5,44,68.1,7.2,4.6,Não,Sim,Não,6,6.2,Sim,Não
AL03136,19,Eletromecânica,Matutino,Presencial,Timbó,1050,9.5,56.4,3.5,22,74.4,7.8,11.8,Não,Não,Não,7,3.8,Não,Sim
AL03137,21,Administração,Matutino,Presencial,Timbó,3190,13.1,91.3,7.2,42,94.6,5.5,10.6,Sim,Não,Não,7,7.4,Sim,Sim
AL03138,36,Eletromecânica,Matutino,Híbrido,Pomerode,3278,6.9,88.1,7.1,43,92.5,7.7,5.6,Não,Sim,Sim,9,6.9,Sim,Não
AL03139,16,Eletromecânica,Noturno,Híbrido,Blumenau,7842,9.8,94.7,7.9,39,83.1,6.5,3.6,Sim,Sim,Não,9,6.3,Sim,Não
AL03140,37,Eletromecânica,Noturno,Presencial,Pomerode,2327,4.1,99.3,7.2,11,81.4,6,3.5,Não,Sim,Não,8,7.4,Sim,Não
AL03141,16,Desenvolvimento de Sistemas,Matutino,Presencial,Brusque,5363,12.5,71.5,6,44,90.6,7.8,6.1,Sim,Não,Não,6,6.5,Não,Não
AL03142,21,Eletromecânica,Matutino,Presencial,Pomerode,250000,11.6,81.1,5.6,42,98,7.4,4.5,Não,Não,Sim,8,7.4,Sim,Não
AL03143,23,Desenvolvimento de Sistemas,Matutino,Presencial,Pomerode,3766,4.3,60.8,5.2,45,84,6.3,10.8,Sim,Sim,Não,6,5.1,Não,Sim
AL03144,26,Desenvolvimento de Sistemas,Noturno,Presencial,Indaial,2550,9.4,93.6,7.9,31,100,7.5,4.5,Sim,Sim,Não,8,8.1,Sim,Não
AL03145,40,Desenvolvimento de Sistemas,Matutino,Presencial,Timbó,2131,17.5,73.4,6.4,41,94.4,7.6,12,Sim,Sim,Sim,5,6.6,Não,Sim
AL03146,40,Desenvolvimento de Sistemas,Noturno,Presencial,Pomerode,3933,9.1,82.6,7,49,100,6.8,5.7,Sim,Sim,Não,9,6.3,Sim,Sim
AL03147,17,Desenvolvimento de Sistemas,Matutino,Presencial,Indaial,3294,6.5,75.7,4.7,12,85.5,5.7,8.4,Sim,Não,Não,8,6.8,Sim,Não
AL03148,18,Desenvolvimento de Sistemas,Matutino,Presencial,Indaial,1644,13.3,84.7,6.6,53,96.2,9.2,5.2,Sim,Não,Sim,8,6.7,Sim,Não
AL03149,29,Desenvolvimento de Sistemas,Noturno,Presencial,Timbó,2879,13.1,76,5.7,43,82.1,7,3.3,Não,Não,Sim,8,5.4,Não,Sim
AL03150,27,Automação Industrial,Matutino,Presencial,Gaspar,2345,11.5,63.9,5.9,28,88.8,4.4,14.1,Sim,Sim,Não,6,6.4,Não,Sim
AL03151,37,Eletromecânica,Noturno,Presencial,Pomerode,4495,8.2,70.8,5.7,24,81.4,7,19.7,Sim,Sim,Sim,8,5.7,Não,Não
AL03152,30,Automação Industrial,Matutino,Presencial,Brusque,4188,3.4,80.2,5.5,16,92.1,6.7,12.1,Sim,Sim,Não,8,5.8,Não,Não
AL03153,16,Eletromecânica,Matutino,Presencial,Indaial,2963,9.5,88.3,6.7,23,83.8,7.8,5.1,Sim,Não,Não,6,6.5,Sim,Não
AL03154,30,Automação Industrial,Matutino,Presencial,Timbó,2276,5.9,90.8,6.4,42,90,8.2,17.3,Não,Sim,Sim,7,7.7,Sim,Não
AL03155,16,Automação Industrial,Matutino,Presencial,Gaspar,1472,10.3,72.2,7,52,87.4,6.3,5.3,Sim,Não,Não,8,7.7,Não,Não
AL03156,25,Administração,Noturno,Presencial,Pomerode,1836,4.8,85.2,5.5,28,70.6,6.2,10,Sim,Sim,Não,8,5.3,Não,Não
AL03157,29,Desenvolvimento de Sistemas,noturno ,Presencial,Gaspar,10010,12.2,66.7,10,43,87.1,6,4.4,Não,Sim,Sim,7,6.5,Não,Sim
AL03158,34,Automação Industrial,Noturno,Presencial,Timbó,1157,14.1,93,5.4,48,100,6,3.5,Não,Sim,Sim,8,7.3,Sim,Não
AL03159,32,Administração,Matutino,Híbrido,Blumenau,1164,8.7,85.2,5.4,42,100,6.5,6.1,Sim,Sim,Não,9,6.4,Sim,Não
AL03160,38,Administração,Matutino,Presencial,Blumenau,5573,5.7,92.6,6.5,49,46.1,7.8,2.8,Sim,Não,Não,7,5.6,Não,Não
AL03161,28,Desenvolvimento de Sistemas,Matutino,Presencial,Brusque,2615,10.3,93,7,43,72.3,6.4,5.3,Sim,Sim,Não,6,6.2,Sim,Não
AL03162,38,Automação Industrial,Matutino,Presencial,Timbó,4711,9.9,96.9,5.2,54,84.8,5.1,9.3,Sim,Sim,Não,8,6.2,Sim,Não
AL03163,23,Automação Industrial,Noturno,Presencial,Blumenau,3268,8.7,87.5,4.5,34,64.9,5.4,8.7,Sim,Sim,Não,7,5.6,Não,Não
AL03164,25,Automação Industrial,Matutino,Presencial,Timbó,2319,5.2,99.5,5.8,35,74.3,7.1,4.7,Não,Sim,Não,10,5.1,Não,Sim
AL03165,20,Eletromecânica,Noturno,Presencial,Indaial,1424,7.9,87.5,6,43,100,6.5,11.6,Sim,Sim,Sim,7,6.7,Sim,Não
AL03166,16,desenv. sistemas,Noturno,Presencial,Timbó,1900,13.1,87.3,6.4,55,100,5.7,15.1,Sim,Sim,Não,6,6.9,Sim,Sim
AL03167,42,Desenvolvimento de Sistemas,Noturno,Presencial,Brusque,5815,14.1,,5.8,26,75,6.8,27.9,Não,Sim,Não,8,6.1,Sim,Não
AL03168,22,Automação Industrial,Noturno,Presencial,Pomerode,1500,13.2,69.9,6.1,53,77.5,6.7,14.3,Sim,Sim,Não,8,5.1,Não,Sim
AL03169,22,Automação Industrial,Noturno,Híbrido,Timbó,6110,5.6,85.1,6.6,34,83.6,5.8,4.2,Sim,Sim,Sim,9,7,Sim,Não
AL03170,24,Administração,Matutino,Híbrido,Pomerode,2189,0.7,86.9,5.1,24,66.7,5.9,8.2,Sim,Sim,Não,7,4.3,Não,Não
AL03171,21,Administração,Matutino,Presencial,Blumenau,4054,4.9,90.5,7,39,100,7.9,14.1,Sim,Não,Não,10,7.4,Sim,Não
AL03172,16,Automação Industrial,Matutino,Presencial,Timbó,5114,6.8,91.5,4.2,33,78.3,6.1,2.5,Sim,Não,Sim,10,7.3,Sim,Não
AL03173,25,Desenvolvimento de Sistemas,Noturno,Presencial,Gaspar,5614,11.3,89.4,6.7,36,94.8,7,13.3,Sim,Sim,Não,10,7.3,Sim,Não
AL03174,29,Administração,Noturno,Presencial,Blumenau,3632,1.5,69.6,6.6,6,69.9,5.2,5,Sim,Sim,Não,6,5.1,Não,Não
AL03175,42,Eletromecânica,Noturno,Presencial,Gaspar,4093,16.6,63.7,5.4,55,100,7,6,Sim,Sim,Sim,7,7.8,Não,Não
AL03176,28,Eletromecânica,Matutino,Presencial,Gaspar,1602,1,80.1,5.4,12,61.3,8.3,15.6,Sim,Não,Não,6,4.1,Não,Não
AL03177,36,Eletromecânica,Matutino,Presencial,Timbó,3685,9.3,71.6,6.3,35,100,4.8,5.4,Sim,Sim,Não,7,7.4,Não,Sim
AL03178,25,Administração,Noturno,Presencial,Timbó,3648,7.2,69.8,5.9,42,99,6.3,6.7,Sim,Sim,Não,8,6.6,Não,Não
AL03179,29,Eletromecânica,Matutino,Presencial,Pomerode,2687,6.6,73.6,7.4,51,76.7,6.8,7.1,Sim,Sim,Não,4,6.7,Não,Não
AL03180,43,Administração,Noturno,Presencial,Indaial,2286,11.6,76.2,7.3,45,82.4,7.1,9.1,Não,Não,Não,7,6.4,Sim,Não
AL03181,39,Administração,Matutino,Presencial,Pomerode,3367,6.2,79.9,5.6,27,70.2,7.2,4.1,Sim,Sim,Sim,8,5.4,Não,Não
AL03182,35,Automação Industrial,Matutino,Híbrido,Timbó,1885,4.9,78.4,9.2,26,91.8,7.8,8.2,Sim,Sim,Não,5,7.8,Sim,Sim
AL03183,18,Desenvolvimento de Sistemas,Noturno,Presencial,Timbó,2061,15.1,95.4,7.8,41,88.9,6.5,2.3,Não,Não,Não,7,6.6,Sim,Não
AL03184,27,Administração,Matutino,Presencial,Indaial,4071,5.5,92.8,6.1,40,59.9,5.4,3.7,Sim,Sim,Sim,6,6.7,Sim,Não
AL03185,24,Eletromecânica,Matutino,Presencial,Brusque,6293,0.8,75.7,6.6,13,68.5,5.3,10.2,Sim,Sim,Não,5,4.5,Não,Não
AL03186,26,Desenvolvimento de Sistemas,Matutino,Presencial,Brusque,1497,6.8,85.2,8.3,48,80,5.6,7.5,Não,Sim,Não,9,6,Sim,Não
AL03187,24,Automação Industrial,Matutino,Presencial,Pomerode,3408,5.9,78.8,7.1,29,82.8,6.9,11.2,Sim,Sim,Não,6,5.4,Não,Não
AL03188,33,Desenvolvimento de Sistemas,Matutino,Presencial,Blumenau,900,14.2,100,5.9,37,80.1,7.6,12.5,Sim,Sim,Não,8,7.2,Sim,Não
AL03189,22,Desenvolvimento de Sistemas,Matutino,Híbrido,Timbó,900,7,83.9,5.6,23,89.9,5.8,13,Sim,Sim,Não,5,5.9,Não,Não
AL03190,25,Administração,Noturno,Presencial,Gaspar,1725,11.2,96.1,6.4,26,72.4,7.8,4.6,Sim,Sim,Não,7,7.1,Sim,Não
AL03191,16,Desenvolvimento de Sistemas,Matutino,Presencial,Gaspar,2424,4.7,97.9,6.7,23,86.8,7.4,11.2,Sim,Não,Sim,6,6.6,Sim,Não
AL03192,31,Desenvolvimento de Sistemas,Matutino,Presencial,Blumenau,1005,5.1,80.5,6,30,78.7,7.3,5.1,Sim,Sim,Não,10,5.7,Não,Não
AL03193,35,Desenvolvimento de Sistemas,Noturno,Presencial,Gaspar,4987,7.4,80.8,8.1,34,100,5.7,6,Sim,Sim,Não,6,7.8,Sim,Não
AL03194,32,Desenvolvimento de Sistemas,Noturno,Presencial,Pomerode,1952,6.5,76.7,7.8,19,75,8.2,11.7,Não,Sim,Sim,10,5.7,Não,Não
AL03195,32,Eletromecânica,Noturno,Presencial,Blumenau,2994,1.6,100,3.6,30,95.8,7.5,5.8,Sim,Sim,Não,7,5.8,Não,Não
AL03196,31,Eletromecânica,Matutino,Presencial,Blumenau,2008,9.7,83.3,8.1,19,100,5.6,2.3,Sim,Não,Sim,8,6.3,Sim,Não
AL03197,19,Automação Industrial,Matutino,Presencial,Pomerode,7732,7.4,74.9,6.9,34,87.3,8.3,11.4,Sim,Sim,Não,6,7.3,Não,Sim
AL03198,27,Automação Industrial,Noturno,Híbrido,Blumenau,3722,11,95.8,8.6,37,97.1,5.3,7.4,Sim,Sim,Não,6,7.6,Sim,Não
AL03199,29,Desenvolvimento de Sistemas,Matutino,Híbrido,Gaspar,1805,9.1,93.5,7.8,35,97.9,7,10,Não,Sim,Não,6,8.3,Sim,Sim
AL03200,40,Desenvolvimento de Sistemas,Noturno,Híbrido,Timbó,2970,4.5,79.9,5.5,45,79.2,8.7,5.7,Sim,Sim,Sim,10,6.3,Sim,Não
AL03201,26,Desenvolvimento de Sistemas,Noturno,Presencial,Gaspar,2357,13.6,92.2,5.4,53,82.3,8,9.1,Sim,Sim,Não,8,6.9,Sim,Não
AL03202,25,Eletromecânica,Noturno,Híbrido,Timbó,3015,14,79.1,5.6,52,100,5.9,8,Sim,Sim,Não,5,6.3,Sim,Não
AL03203,38,Administração,Matutino,Híbrido,Indaial,3943,4.6,100,6.2,21,71.1,6.6,3,Sim,Sim,Não,7,6.3,Sim,Não
AL03204,17,Eletromecânica,Matutino,Presencial,Gaspar,3552,4,78.5,6.1,31,78.4,7.5,14.8,Sim,Sim,Sim,8,6.7,Sim,Não
AL03205,22,Automação Industrial,Noturno,Presencial,Indaial,2174,11.2,84.2,5.7,50,83,5.8,6.6,Sim,Não,Não,7,6,Sim,Não
AL03206,21,Desenvolvimento de Sistemas,Matutino,Presencial,Indaial,1581,13.4,92.1,5.1,36,96.1,6.3,10.2,Sim,Não,Não,7,6.2,Sim,Não
AL03207,33,Eletromecânica,Noturno,Presencial,Timbó,1704,13.6,81.8,7.9,44,87.6,5.5,11.9,Sim,Sim,Não,7,6.9,Sim,Não
AL03208,56,Automação Industrial,Noturno,Presencial,Brusque,1707,6.1,69.4,6.4,13,81.8,6.6,2.7,Não,Sim,Não,9,5.5,Não,Não
AL03209,28,Administração,Noturno,Presencial,Pomerode,1605,15.6,72.3,6.6,52,93.2,5.5,4.2,Sim,Sim,Não,5,7.3,Não,Sim
AL03210,26,Desenvolvimento de Sistemas,Noturno,Presencial,Brusque,3008,7.5,80.3,6.5,27,100,5.2,5.9,Sim,Sim,Sim,10,6.6,Sim,Não
AL03211,32,Desenvolvimento de Sistemas,Matutino,Presencial,Blumenau,2034,12.7,79.1,6,38,70.3,5.8,4.3,Não,Sim,Não,8,7,Sim,Não
AL03212,16,Eletromecânica,Noturno,Híbrido,Brusque,1621,13.9,98.9,5.8,26,83.7,6.4,11,Sim,Não,Não,8,7.5,Sim,Não
AL03213,31,Desenvolvimento de Sistemas,Matutino,Híbrido,Gaspar,5522,4.8,78.5,6.3,23,64.4,7,5.3,Sim,Sim,Não,8,6.2,Sim,Não
AL03214,16,Eletromecânica,Noturno,Presencial,Pomerode,4903,14.3,68.1,6,47,82.9,7.3,9.8,Sim,Não,Não,7,6.1,Não,Não
AL03215,16,Desenvolvimento de Sistemas,Noturno,Presencial,Brusque,3352,12,84.2,7.8,36,100,5.9,17.8,Sim,Sim,Não,5,7.3,Sim,Não
AL03216,32,Desenvolvimento de Sistemas,Matutino,Presencial,Blumenau,4910,12,86.4,7.2,30,79.3,7.7,5.9,Sim,Não,Não,6,7.7,Sim,Sim
AL03217,16,Desenvolvimento de Sistemas,Noturno,Presencial,Pomerode,4311,10,97,6.4,48,86.9,4.8,7.1,Sim,Não,Sim,5,8.1,Sim,Não
AL03218,23,Administração,Matutino,Presencial,Gaspar,1487,6.8,89.1,7.5,32,87.5,8.6,12.3,Sim,Não,Não,10,6.6,Sim,Não
AL03219,19,Desenvolvimento de Sistemas,Noturno,Presencial,Pomerode,1464,5.4,91.2,5.2,41,92.4,5.4,5.2,Sim,Sim,Não,10,7.5,Sim,Não
AL03220,31,Eletromecânica,Noturno,Presencial,Pomerode,1487,8.8,79.6,4.8,31,100,8.9,5.4,Sim,Não,Não,8,6.5,Sim,Não
AL03221,23,Desenvolvimento de Sistemas,Noturno,Presencial,Timbó,7941,11,64.8,5.7,51,84.5,7.9,30,Sim,Não,Não,9,5.5,Não,Não
AL03222,24,Desenvolvimento de Sistemas,Noturno,Híbrido,Blumenau,900,9.8,89.8,8.6,22,95.9,6.8,5.3,Sim,Sim,Não,8,6.8,Sim,Não
AL03223,28,Automação Industrial,Noturno,Presencial,Blumenau,1632,5.9,77.9,6.5,15,81.9,8.6,9.4,Sim,Sim,Sim,6,7.3,Sim,Não
AL03224,40,Eletromecânica,Noturno,Híbrido,Brusque,1372,9.9,81.7,6.1,37,100,6.6,9.9,Sim,Sim,Não,8,6.8,Sim,Não
AL03225,19,Desenvolvimento de Sistemas,Matutino,Presencial,Gaspar,2924,7.9,84,7,31,71.8,6.8,7,Sim,Não,Sim,6,6.4,Sim,Sim
AL03226,34,Automação Industrial,Noturno,Presencial,Brusque,5128,8.8,93.9,4.7,32,100,7,11.1,Sim,Não,Sim,9,6.8,Sim,Não
AL03227,21,Desenvolvimento de Sistemas,Matutino,Presencial,Brusque,2983,10.9,100,8.4,55,77.6,6.9,7.5,Sim,Não,Não,8,7.2,Sim,Não
AL03228,23,Desenvolvimento de Sistemas,Noturno,Híbrido,Timbó,2428,5.1,85.2,6.1,37,72.6,5.3,14.6,Não,Sim,Não,10,6.9,Sim,Não
AL03229,34,Desenvolvimento de Sistemas,Noturno,Presencial,Timbó,4739,8.9,89.8,7.3,19,98.5,7.6,17.9,Sim,Não,Não,,7.6,Sim,Não
AL03230,30,Automação Industrial,Matutino,Híbrido,Pomerode,3725,13.5,62.2,,56,85.9,6.5,2.3,Sim,Não,Sim,9,6.1,Não,Não
AL03231,17,Eletromecânica,Noturno,Presencial,Blumenau,3822,2.2,85.7,5.9,23,89.6,6.3,7,Sim,Não,Não,8,6.7,Sim,Não
AL03232,27,Automação Industrial,Matutino,Presencial,Gaspar,1353,12.8,76.4,6.2,31,88.7,6.7,2.8,Sim,Sim,Não,7,6.4,Sim,Não
AL03233,45,Eletromecânica,Matutino,Presencial,Brusque,3997,19,78.7,8.9,59,100,7.3,5.5,Não,Não,Não,9,9.6,Sim,Não
AL03234,29,Eletromecânica,Matutino,Presencial,Brusque,3494,10.3,85.7,6.1,46,83.4,7.1,10.5,Sim,Sim,Sim,8,7.6,Sim,Não
AL03235,39,Desenvolvimento de Sistemas,Matutino,Presencial,Blumenau,1169,3,77.7,4.3,22,61.7,6.9,12,Sim,Sim,Não,9,5.2,Não,Não
AL03236,29,Eletromecânica,Matutino,Híbrido,Indaial,1452,4.2,91.9,6.1,27,66.1,7.1,6.2,Não,Sim,Sim,7,5.8,Não,Sim
AL03237,24,Desenvolvimento de Sistemas,Noturno,Presencial,Timbó,3470,16.3,93.7,6.4,65,100,6.3,5.9,Sim,Sim,Não,6,6.8,Sim,Não
AL03238,29,Automação Industrial,Matutino,Presencial,Timbó,900,7.4,100,6.5,45,85.4,7,18.1,Não,Sim,Sim,8,6.8,Sim,Não
AL03239,24,Administração,Noturno,Presencial,Indaial,2903,5.1,86.7,8.7,30,66.1,6.1,4.8,Sim,Sim,Não,7,6.3,Sim,Não
AL03240,24,Administração,Noturno,Presencial,Blumenau,5197,4.6,67.2,7,34,98.1,5.6,15.8,Não,Sim,Não,7,6.3,Não,Não
AL03241,34,Administração,Matutino,Presencial,Brusque,2661,10.8,75.4,8.9,48,94.7,6,4.4,Sim,Sim,Sim,7,6.8,Sim,Sim
AL03242,31,Desenvolvimento de Sistemas,Noturno,Presencial,Brusque,2156,3.5,70.5,7.3,28,81.9,6.7,7.5,Sim,Sim,Não,7,5.9,Não,Não
AL03243,26,Automação Industrial,Noturno,Híbrido,Blumenau,1965,4.5,67,6,45,98.7,6.3,5.6,Não,Sim,Não,7,6,Não,Sim
AL03244,16,Administração,Matutino,Presencial,Blumenau,5771,13.6,97,5.9,39,100,6,3.6,Sim,Não,Não,8,6.9,Sim,Sim
AL03245,28,Desenvolvimento de Sistemas,Matutino,Presencial,Blumenau,2552,11.2,87.3,3.6,54,92.7,6.2,9.8,Sim,Sim,Sim,7,6.7,Sim,Não
AL03246,20,Desenvolvimento de Sistemas,Matutino,Presencial,Brusque,4127,1.7,91.5,7.3,31,41.1,6,8.6,Sim,Não,Não,9,3.4,Não,Sim
AL03247,34,Eletromecânica,Noturno,Presencial,Indaial,2425,12.5,83.7,6.7,63,78.5,8,8,Não,Sim,Não,6,6.5,Sim,Sim
AL03248,25,Automação Industrial,Noturno,Presencial,Brusque,1021,3.5,73.2,3.9,26,55.5,7.7,6.4,Sim,Não,Não,8,5,Não,Não
AL03249,24,Automação Industrial,Noturno,Presencial,Gaspar,1254,9.7,77.8,6.8,42,87.1,6.3,10,Sim,Sim,Não,7,8.4,Sim,Não
AL03250,16,Desenvolvimento de Sistemas,Noturno,Presencial,Indaial,2611,12.4,81,5.8,50,100,8,55,Sim,Não,Sim,5,7.3,Sim,Não
AL03251,20,Desenvolvimento de Sistemas,Matutino,Presencial,Brusque,1570,11.4,91.6,4.1,17,87.3,5.8,5.7,Sim,Sim,Não,7,5.4,Não,Não
AL03252,29,Automação Industrial,Noturno,Presencial,Blumenau,2431,6.6,80.4,6,22,84.9,8.8,2.2,Não,Sim,Não,10,4.6,Não,Não
AL03253,33,Desenvolvimento de Sistemas,Noturno,Presencial,Blumenau,7321,13.9,85.3,4.2,38,100,7.5,23.4,Sim,Sim,Sim,5,7.5,Sim,Sim
AL03254,16,Desenvolvimento de Sistemas,Matutino,Presencial,Timbó,3817,11,75.3,8.3,60,85.2,7.1,4.8,Sim,Não,Não,8,7.6,Sim,Não
AL03255,25,Desenvolvimento de Sistemas,Noturno,Presencial,Blumenau,2570,8.7,,5.8,21,100,7.1,10.6,Sim,Sim,Sim,8,8.6,Sim,Sim
AL03256,37,Eletromecânica,Matutino,Presencial,Brusque,2863,5.4,86,5.8,25,64.6,5.5,6.9,Sim,Sim,Sim,6,7.4,Sim,Não
AL03257,24,Desenvolvimento de Sistemas,Noturno,Presencial,Blumenau,4320,7.6,70.3,3.3,33,59.1,4.2,9.2,Sim,Não,Não,6,4.8,Não,Não
AL03258,33,Eletromecânica,Noturno,Presencial,Brusque,1942,2.3,73.1,6.9,34,72.6,8.3,6.4,Não,Sim,Sim,,5.9,Não,Não
AL03259,40,Automação Industrial,Noturno,Presencial,Timbó,2537,15,83.1,7.3,54,100,6.5,5.3,Não,Sim,Sim,5,7.6,Sim,Não
AL03260,32,Desenvolvimento de Sistemas,Noturno,Presencial,Timbó,5142,12.8,86,7.9,56,97.2,6.5,9.7,Sim,Sim,Não,7,7.6,Sim,Não
AL03261,25,Desenvolvimento de Sistemas,Noturno,Presencial,Pomerode,2316,17.1,71.9,4.3,58,100,5.1,4.2,Sim,Não,Não,9,7,Não,Não
AL03262,27,Administração,Matutino,Presencial,Indaial,1528,5.4,92.2,6.2,48,78.9,7.4,6.7,Não,Sim,Sim,5,6.7,Sim,Não
AL03263,27,Automação Industrial,Noturno,Presencial,Gaspar,2320,11.2,100,8.9,46,89.8,6.1,3.3,Sim,Sim,Sim,10,8.8,Sim,Não
AL03264,16,Eletromecânica,Noturno,Presencial,Pomerode,3662,8.9,75,5.8,43,96,8.1,7.6,Sim,Sim,Sim,8,5.9,Não,Não
AL03265,32,Automação Industrial,Noturno,Presencial,Timbó,4257,4.3,81.5,6.9,18,69.1,5.3,12.5,Sim,Sim,Não,6,6.3,Sim,Sim
AL03266,50,Eletromecânica,Noturno,Presencial,Timbó,1146,10,57.4,6.4,45,100,6.5,34.3,Sim,Sim,Não,4,7.2,Não,Sim
AL03267,19,Eletromecânica,Noturno,Presencial,Timbó,,5.4,86.7,3.4,50,60.7,7.3,12.4,Sim,Sim,Não,6,5.6,Não,Não
AL03268,35,Eletromecânica,Matutino,Presencial,Timbó,4223,11.9,78.7,7.2,42,98.2,5.7,2.1,Não,Sim,Não,9,7.5,Sim,Não
AL03269,26,Administração,Matutino,Presencial,Pomerode,2303,10.6,77.1,5.7,50,85.1,8.5,7.7,Sim,Sim,Não,6,6.8,Sim,Não
AL03270,19,Administração,Matutino,Presencial,Timbó,1546,7,69.2,4.6,41,71.8,6,7.7,Não,Sim,Não,8,4.9,Não,Sim
AL03271,33,Eletromecânica,Noturno,Híbrido,Timbó,1274,7.3,94.5,9.1,37,100,6.7,10.8,Sim,Sim,Sim,7,9.2,Sim,Não
AL03272,34,Administração,Noturno,Presencial,Indaial,4822,7.8,85.9,7,46,59.1,5.5,7.1,Sim,Sim,Sim,9,6.4,Sim,Não
AL03273,22,Administração,Matutino,Presencial,Timbó,2923,7.3,85.1,7.8,23,80.7,7.2,3.6,Sim,Sim,Não,6,6.8,Sim,Não
AL03274,29,Administração,Noturno,Presencial,Gaspar,3110,5,87,6.6,24,61.5,5.5,4.5,Não,Sim,Não,7,5.3,Não,Não
AL03275,34,Automação Industrial,Noturno,Presencial,Indaial,2483,6.8,76.5,8.2,49,100,7.1,8.7,Não,Não,Não,8,6.5,Sim,Não
AL03276,34,Automação Industrial,Noturno,Presencial,Brusque,5774,13.6,86.6,5.5,50,100,5.3,21.4,Sim,Sim,Não,7,6.7,Sim,Não
AL03277,32,Desenvolvimento de Sistemas,Matutino,Presencial,Gaspar,1856,8.4,85.4,7.3,38,100,8.7,9.1,Sim,Sim,Não,7,8.4,Sim,Sim
AL03278,38,Desenvolvimento de Sistemas,Noturno,Presencial,Gaspar,6286,4.2,80.3,7.8,24,72.4,6,4.9,Não,Sim,Não,6,5.7,Não,Não
AL03279,17,Eletromecânica,Matutino,Presencial,Timbó,2467,3.9,90.8,6.9,33,92.1,5.1,10.2,Sim,Sim,Não,7,5.4,Não,Não
AL03280,19,Desenvolvimento de Sistemas,Noturno,Presencial,Blumenau,1690,10.4,94.8,7,50,96.3,7.1,6.3,Sim,Não,Não,6,9,Sim,Não
AL03281,20,Administração,Matutino,Presencial,Brusque,3080,3.5,83.3,9.1,30,100,6.7,8.6,Sim,Sim,Não,5,7.6,Sim,Não
AL03282,22,Administração,Noturno,Presencial,Indaial,1612,7.9,75.9,3.8,33,69.7,6.8,2.2,Sim,Sim,Não,4,5.5,Não,Não
AL03283,16,Automação Industrial,Noturno,Presencial,Timbó,2072,5.6,81.2,6.2,32,100,8.3,5.8,Sim,Não,Sim,7,7.1,Sim,Sim
AL03284,38,Desenvolvimento de Sistemas,Matutino,Presencial,Indaial,2538,3.7,90.3,4.1,17,50.8,7,4.5,Sim,Sim,Não,9,5.8,Não,Sim
AL03285,24,Administração,Noturno,Presencial,Timbó,1456,2.3,88.6,7.1,33,46.4,6,9.7,Sim,Sim,Não,6,6.2,Sim,Não
AL03286,23,Automação Industrial,Noturno,Presencial,Gaspar,3071,10,73.3,5.8,33,92.9,7,4.4,Sim,Sim,Não,5,5.9,Não,Sim
AL03287,18,Automação Industrial,Noturno,Presencial,Indaial,1513,12.6,70,4.3,44,76.2,7.7,5.3,Sim,Não,Sim,8,5.7,Não,Não
AL03288,29,Automação Industrial,Matutino,Presencial,Pomerode,4186,12.3,78.3,7.8,46,100,7.9,7.1,Sim,Sim,Sim,9,8.4,Sim,Não
AL03289,33,Desenvolvimento de Sistemas,Noturno,Presencial,Blumenau,3294,2.9,67.9,7.7,48,53.6,7.3,13,Sim,Sim,Não,8,4.5,Não,Sim
AL03290,31,Desenvolvimento de Sistemas,Noturno,Híbrido,Gaspar,2714,4.3,83.7,3.9,43,84.1,5.5,11.9,Não,Sim,Não,7,5.9,Não,Não
AL03291,16,Automação Industrial,Matutino,Presencial,Timbó,1956,2.7,73.2,8.9,19,68.6,7.9,17.7,Não,Sim,Sim,8,6.4,Não,Não
AL03292,28,Eletromecânica,Noturno,Presencial,Pomerode,5055,6.8,87.6,4.4,25,58.1,6.9,13.5,Sim,Sim,Não,6,7.1,Sim,Não
AL03293,23,Administração,Noturno,Presencial,Pomerode,1394,11.9,84,7.8,40,75.2,8.5,3.3,Sim,Não,Não,9,8.6,Sim,Não
AL03294,30,Desenvolvimento de Sistemas,Matutino,Híbrido,Brusque,5233,0,82.7,5.3,21,90,6.1,6.9,Sim,Sim,Sim,7,6.5,Sim,Não
AL03295,16,Desenvolvimento de Sistemas,Matutino,Presencial,Gaspar,989,6.3,92.3,6.7,46,93.7,7,8.6,Sim,Não,Não,10,7.9,Sim,Não
AL03296,29,Eletromecânica,Noturno,Híbrido,Pomerode,4276,5.9,87.6,8.6,25,87.6,5.1,7.6,Sim,Sim,Sim,7,8.4,Sim,Sim
AL03297,28,Eletromecânica,Matutino,Presencial,Timbó,3716,8.4,80.9,,34,95.8,8.3,11.3,Sim,Sim,Sim,8,8.1,Sim,Não
AL03298,39,Eletromecânica,Matutino,Presencial,Pomerode,2547,14.8,77.2,4.9,54,92.5,8.1,4.9,Sim,Sim,Não,7,7.6,Sim,Não
AL03299,35,Administração,Matutino,Híbrido,Pomerode,2829,8.9,58.7,6.3,27,90.5,8.7,7.5,Sim,Não,Sim,6,5.9,Não,Não
AL03300,25,Desenvolvimento de Sistemas,Matutino,Presencial,Brusque,1184,10.4,100,4.6,44,68.6,5.7,5.1,Não,Sim,Sim,4,7,Sim,Sim
AL03301,16,Administração,Matutino,Presencial,Brusque,9441,0,73.6,6.4,22,55.2,4.6,4.6,Sim,Sim,Não,6,6.2,Não,Não
AL03302,25,Desenvolvimento de Sistemas,Noturno,Presencial,Timbó,2023,9.7,76.7,4.6,34,85.2,8.1,5.4,Sim,Sim,Sim,6,6.5,Sim,Sim
AL03303,41,Automação Industrial,Matutino,Híbrido,Gaspar,3587,10.4,89.3,6.1,20,93.4,8.9,10.9,Sim,Não,Não,10,4.6,Não,Sim
AL03304,17,Desenvolvimento de Sistemas,Noturno,Presencial,Indaial,2041,5.9,87,6.2,39,65.9,5.9,5.7,Sim,Sim,Não,7,5.7,Não,Não
AL03305,36,Eletromecânica,Matutino,Presencial,Pomerode,1430,7.1,76.3,8.7,9,84.5,6.2,5.4,Sim,Sim,Sim,9,7.4,Sim,Não
AL03306,33,Eletromecânica,Noturno,Híbrido,Brusque,3660,7.5,78.8,5.2,38,83.6,6.5,16.3,Sim,Sim,Não,8,6.3,Sim,Não
AL03307,46,Automação Industrial,Matutino,Híbrido,Indaial,1821,6.9,81.7,6,20,90.1,6.7,4.7,Sim,Sim,Sim,8,5.6,Não,Não
AL03308,28,Desenvolvimento de Sistemas,Matutino,Presencial,Timbó,3856,10.8,63.9,6.4,34,80.4,8.2,5.3,Sim,Não,Não,6,4.2,Não,Não
AL03309,23,Desenvolvimento de Sistemas,Noturno,Presencial,Gaspar,900,8.9,90.7,7.9,22,98.8,7.7,2.4,Sim,Não,Não,9,7.7,Sim,Não
AL03310,34,Administração,Matutino,Presencial,Indaial,3694,6.7,72,7.4,29,71.1,8,12.5,Sim,Não,Não,8,5.5,Não,Não
AL03311,34,Desenvolvimento de Sistemas,Matutino,Presencial,Gaspar,2306,12.6,97.5,5.8,47,100,5.2,9.9,Sim,Sim,Sim,8,8.1,Sim,Não
AL03312,42,Desenvolvimento de Sistemas,Matutino,Híbrido,Gaspar,2043,6.6,80.9,4.3,30,96.8,6.2,3.2,Não,Sim,Sim,10,6.4,Sim,Sim
AL03313,32,Automação Industrial,Noturno,Presencial,Pomerode,5799,10.9,86,5.8,11,88.7,7,10.8,Sim,Não,Não,6,7.1,Sim,Não
AL03314,24,Administração,Noturno,Presencial,Blumenau,2155,9.1,81.1,5.2,26,93.6,5.7,3.3,Sim,Sim,Sim,5,7,Sim,Não
AL03315,26,Automação Industrial,Matutino,Híbrido,Pomerode,4605,11.4,82.2,5.9,48,100,4.7,5.2,Não,Sim,Não,4,6.8,Sim,Não
AL03316,29,Eletromecânica,Matutino,Presencial,Indaial,4008,12.7,92.1,8.5,37,100,6.6,6.3,Sim,Sim,Não,7,8.5,Sim,Não
AL03317,26,Administração,Noturno,Híbrido,Brusque,1953,0,87.5,5.5,30,76.1,8,6.9,Não,Sim,Sim,5,6.7,Sim,Não
AL03318,16,Desenvolvimento de Sistemas,Noturno,Presencial,Blumenau,3901,13.8,77.3,7.1,23,100,6.4,5,Sim,Não,Não,6,7.8,Sim,Não
AL03319,26,Administração,Matutino,Presencial,Blumenau,6434,3.7,91.6,6.1,16,85.1,6.4,25.6,Sim,Sim,Não,8,5.8,Não,Não
AL03320,36,Desenvolvimento de Sistemas,Noturno,Híbrido,Gaspar,6152,6.2,62.7,4,24,91.1,6.4,5.3,Sim,Sim,Não,8,5.2,Não,Não
AL03321,32,Administração,Matutino,Presencial,Pomerode,7819,11.2,87.8,6.3,26,71.1,8.1,19.4,Sim,Sim,Não,4,5.5,Não,Não
AL03322,26,Desenvolvimento de Sistemas,Matutino,Presencial,Blumenau,2172,9.5,87.8,7.2,31,85.1,6.7,17.1,Sim,Sim,Sim,4,6.7,Sim,Não
AL03323,23,Administração,Noturno,Presencial,Indaial,5196,14.7,82.2,6,43,100,6.3,7,Não,Não,Não,7,6.1,Sim,Não
AL03324,24,Desenvolvimento de Sistemas,Noturno,Híbrido,Blumenau,2949,9.4,92.6,5.1,30,100,5.3,25.7,Não,Sim,Sim,6,6,Sim,Não
AL03325,23,Administração,Matutino,Presencial,Pomerode,3047,10.7,83,5,32,94.7,8.6,19.4,Sim,Não,Não,7,7.6,Sim,Não
AL03326,31,Eletromecânica,Noturno,Presencial,Timbó,3900,9.6,94.2,3,30,92.6,6.7,7.2,Não,Não,Não,7,5,Não,Sim
AL03327,28,Automação Industrial,Matutino,Presencial,Timbó,1315,7.9,74,5.8,25,89.4,8.5,14.4,Sim,Não,Não,7,4.6,Não,Sim
AL03328,36,Eletromecânica,Matutino,Presencial,Gaspar,12204,8.3,80.3,4.8,6,63.6,4.2,5.9,Sim,Sim,Não,8,6.3,Sim,Não
AL03329,22,Administração,Matutino,Presencial,Blumenau,2194,13.4,77.9,6.7,30,100,8.8,4.8,Sim,Não,Sim,7,7.2,Sim,Não
AL03330,16,Automação Industrial,Matutino,Presencial,Timbó,1998,7.4,94.4,6,33,81.9,7,16.2,Sim,Sim,Sim,10,6.6,Sim,Não
AL03331,36,Administração,Noturno,Híbrido,Indaial,2736,8,72,6.9,44,93.9,5.6,3.8,Sim,Não,Não,5,6.3,Não,Não
AL03332,16,Automação Industrial,Matutino,Híbrido,Pomerode,3596,17.1,83.6,7.6,38,100,7.1,8.9,Sim,Não,Não,7,7.5,Sim,Não
AL03333,41,Administração,Noturno,Presencial,Indaial,900,12.9,75.4,6.2,33,76,6.3,6.9,Sim,Sim,Não,8,6.9,Sim,Não
AL03334,21,Automação Industrial,Noturno,Presencial,Blumenau,5507,4.4,79.5,5.4,51,69.9,4.2,10.4,Sim,Não,Não,5,5.6,Não,Não
AL03335,56,Desenvolvimento de Sistemas,Matutino,Híbrido,Pomerode,1872,14.8,89.7,7.8,39,77.6,5.9,9.9,Sim,Sim,Não,8,6,Sim,Não
AL03336,32,Administração,Noturno,Presencial,Indaial,1678,5.8,94.5,3.7,48,95.9,7,2.8,Não,Não,Sim,7,5.8,Não,Não
AL03337,38,Automação Industrial,Matutino,Presencial,Indaial,3285,13.5,74.9,5.7,59,95.3,6.4,18.1,Sim,Não,Não,9,6.9,Não,Não
AL03338,35,Desenvolvimento de Sistemas,Noturno,Presencial,Blumenau,2799,10.7,83.7,8.8,13,84,8.8,11.8,Sim,Não,Não,7,8.1,Sim,Não
AL03339,20,Desenvolvimento de Sistemas,Matutino,Presencial,Pomerode,4734,6.3,93.2,5,31,78.5,5.6,3.3,Não,Sim,Não,5,6.1,Sim,Não
AL03340,28,Automação Industrial,Matutino,Presencial,Blumenau,2558,2.4,78.6,8.2,14,37,6.9,6,Não,Sim,Não,6,5.2,Não,Sim
AL03341,31,Eletromecânica,Noturno,Presencial,Timbó,992,2.6,78.1,4,33,83.2,9.4,4.8,Sim,Não,Sim,8,6.1,Sim,Não
AL03342,33,Administração,Noturno,Presencial,Gaspar,2026,1.6,94.1,4.8,27,86.8,5.3,3.4,Não,Sim,Não,6,6.1,Sim,Não
AL03343,16,Desenvolvimento de Sistemas,Noturno,Presencial,Brusque,4070,4.4,80.7,4.8,39,86.7,6.2,5.7,Sim,Sim,Não,6,5.9,Não,Não
AL03344,32,Desenvolvimento de Sistemas,Matutino,Presencial,Blumenau,2516,20.4,84.8,6.5,73,100,7.8,9.4,Sim,Não,Não,6,7,Sim,Não
AL03345,34,Administração,Noturno,Presencial,Indaial,4437,7.2,91,4.4,39,61.6,6.8,3.9,Sim,Não,Não,9,4.7,Não,Não
AL03346,22,Eletromecânica,Matutino,Presencial,Indaial,3236,7.6,86.3,4.8,68,49.9,6.2,8.4,Sim,Sim,Não,,6.1,Sim,Sim
AL03347,20,Desenvolvimento de Sistemas,Noturno,Presencial,Indaial,5523,7.9,94.1,10,19,86.7,7.1,2.8,Sim,Sim,Sim,7,7.7,Sim,Não
AL03348,37,Automação Industrial,Noturno,Presencial,Blumenau,4959,6.2,89.5,9.5,34,100,6.2,9.4,Sim,Não,Sim,5,7.4,Sim,Não
AL03349,31,Administração,Noturno,Presencial,Brusque,928,11.5,81.7,8.5,48,100,7,4.6,Sim,Sim,Sim,6,6.9,Sim,Não
AL03350,16,Eletromecânica,Matutino,Presencial,Gaspar,4265,8.2,69.4,5.3,48,69.1,7.9,7.4,Sim,Não,Não,7,6.2,Não,Não
AL03351,21,Desenvolvimento de Sistemas,Noturno,Presencial,Blumenau,1571,19,88.8,4.5,62,100,5.1,2.7,Sim,Não,Não,6,7.4,Sim,Não
AL03352,17,Eletromecânica,Noturno,Presencial,Indaial,1598,12.5,84.6,7.7,61,85.8,5.8,5.2,Sim,Sim,Não,8,7.5,Sim,Não
AL03353,34,Eletromecânica,Matutino,Presencial,Pomerode,1412,13.2,83.1,7.6,39,87.1,6.9,16.4,Sim,Sim,Não,6,8.9,Sim,Não
AL03354,16,Eletromecânica,Noturno,Presencial,Indaial,2502,7.3,68.3,4.9,35,100,7.2,7.5,Não,Não,Sim,10,6.3,Não,Não
AL03355,16,Automação Industrial,Noturno,Presencial,Gaspar,1818,9.9,89.2,7.5,29,96.2,4.4,3.5,Não,Sim,Sim,6,6.9,Sim,Não
AL03356,37,Automação Industrial,Noturno,Presencial,Brusque,1242,9.7,89.1,8.7,40,83.8,6.6,4.5,Sim,Sim,Não,5,7.1,Sim,Não
AL03357,16,Desenvolvimento de Sistemas,Matutino,Presencial,Pomerode,1619,5.8,100,8.8,9,80.3,7.1,9.7,Sim,Não,Sim,9,8.2,Sim,Não
AL03358,17,Desenvolvimento de Sistemas,Matutino,Presencial,Timbó,3724,6.2,93.4,6.5,12,83.6,8.2,15.6,Sim,Sim,Não,9,7.4,Sim,Não
AL03359,23,Eletromecânica,Noturno,Presencial,Blumenau,2131,12.8,79.6,5,25,97.9,6.6,9.4,Não,Sim,Não,3,5.1,Não,Não
AL03360,16,Eletromecânica,Matutino,Presencial,Brusque,5054,10.8,66.8,6.3,35,68.9,8.4,4.4,Sim,Sim,Não,6,5.5,Não,Não
AL03361,32,Desenvolvimento de Sistemas,Matutino,Presencial,Pomerode,3635,5.2,90.6,5.7,31,86.3,6.8,16.1,Sim,Não,Não,9,6.3,Sim,Sim
AL03362,39,Administração,Noturno,Presencial,Brusque,1659,10,99.4,7.7,44,82.8,6.9,20.7,Sim,Não,Não,7,6.7,Sim,Não
AL03363,33,Eletromecânica,Matutino,Híbrido,Blumenau,3002,13.4,83.5,5.4,49,84.4,7.2,5.8,Sim,Não,Não,8,7.2,Sim,Não
AL03364,26,Administração,Noturno,Presencial,Pomerode,3862,5.7,75.9,5.2,18,65.1,9,5.8,Sim,Não,Não,7,6.2,Sim,Não
AL03365,21,Automação Industrial,Matutino,Presencial,Timbó,7352,0.5,100,8.2,24,56.7,5,8.2,Sim,Sim,Não,8,6.1,Sim,Não
AL03366,41,Desenvolvimento de Sistemas,Noturno,Presencial,Brusque,3238,6.4,81.9,8,48,90.1,8.4,4.8,Sim,Sim,Não,6,6.2,Sim,Sim
AL03367,34,Eletromecânica,Noturno,Presencial,Timbó,2938,10,82.1,7.4,41,68.8,5.3,6.6,Sim,Sim,Não,7,6.1,Sim,Não
AL03368,43,Desenvolvimento de Sistemas,Noturno,Presencial,Blumenau,2947,11.2,86.3,7.7,51,90,6.9,28.6,Sim,Não,Não,4,8,Sim,Sim
AL03369,20,Administração,Noturno,Híbrido,Indaial,1926,7.2,92.1,6.3,18,100,5.4,7.7,Sim,Sim,Não,9,6.3,Sim,Não
AL03370,29,Eletromecânica,Noturno,Presencial,Blumenau,3302,7.4,82.3,9.6,38,90,7.1,4.6,Sim,Sim,Sim,9,7.8,Sim,Não
AL03371,16,Desenvolvimento de Sistemas,Noturno,Presencial,Pomerode,5370,11.1,100,8.6,40,77.2,5.4,5.1,Sim,Não,Sim,5,8.1,Sim,Sim
AL03372,31,Desenvolvimento de Sistemas,Noturno,Presencial,Brusque,3810,0.3,77.7,5.2,19,86.7,5.8,5.7,Sim,Sim,Sim,10,4.8,Não,Não
AL03373,22,Desenvolvimento de Sistemas,Matutino,Presencial,Gaspar,2266,11.8,77.8,6.2,35,69.2,8.5,17,Sim,Sim,Não,6,7,Sim,Não
AL03374,22,Administração,Noturno,Presencial,Pomerode,3254,10.5,85.7,5,28,100,5.4,5.9,Sim,Sim,Não,9,7.1,Sim,Sim
AL03375,28,Eletromecânica,Matutino,Presencial,Pomerode,1702,6.5,76.3,7.6,45,100,7.4,7.5,Sim,Sim,Não,8,7.2,Sim,Não
AL03376,32,Desenvolvimento de Sistemas,Noturno,Híbrido,Pomerode,3020,4.2,86.2,1.8,51,73.7,6.7,12.6,Sim,Não,Não,9,5.2,Não,Não
AL03377,26,desenv. sistemas,Noturno,Presencial,Indaial,2562,14,82.8,5.4,45,100,8.2,4.6,Sim,Sim,Não,5,5.6,Não,Não
AL03378,16,Automação Industrial,Noturno,Hibrido,Pomerode,3877,9.9,84.2,3.4,44,100,8.6,2.3,Sim,Não,Não,4,6.6,Sim,Não
AL03379,32,Automação Industrial,Matutino,Presencial,Blumenau,2467,9.7,,6.9,61,88.8,6.2,11.4,Sim,Sim,Não,8,7.3,Sim,Não
AL03380,28,Automação Industrial,Noturno,Híbrido,Indaial,1565,6.5,95.3,4.2,25,72.8,7.8,10.5,Sim,Sim,Não,9,5.8,Não,Não
AL03381,27,Desenvolvimento de Sistemas,Noturno,Presencial,Pomerode,1541,10.7,93.7,9.6,23,77.9,5.6,3,Não,Sim,Não,8,7.3,Sim,Não
AL03382,25,Eletromecânica,Noturno,Presencial,Brusque,1694,11,85.3,8.9,33,98.2,4.3,26.8,Sim,Sim,Não,8,7.9,Sim,Não
AL03383,33,Eletromecânica,Noturno,Presencial,Indaial,8411,8,81.5,6.2,36,64.9,5.2,3.3,Sim,Sim,Não,8,5.1,Não,Não
AL03384,27,Administração,Noturno,Presencial,Timbó,3714,6.4,82,9.3,34,73.9,5.8,4.4,Sim,Sim,Não,5,7.3,Sim,Não
AL03385,32,Desenvolvimento de Sistemas,Matutino,Presencial,Indaial,1911,18.5,96.5,8.5,45,80.5,7.1,3.9,Sim,Sim,Não,9,7.4,Sim,Sim
AL03386,40,Administração,Noturno,Presencial,Indaial,3090,8.4,82.9,6.7,35,100,6.7,16.4,Sim,Sim,Não,6,6.9,Sim,Sim
AL03387,16,Desenvolvimento de Sistemas,Noturno,Presencial,Pomerode,4367,12.5,88,7,61,100,6.2,5.6,Não,Não,Não,8,7.6,Sim,Não
AL03388,40,Administração,Noturno,Híbrido,Indaial,4578,16,87.8,5.9,58,83.8,5.2,17.5,Sim,Sim,Sim,8,6.3,Sim,Não
AL03389,33,Automação Industrial,Matutino,Híbrido,Timbó,2794,9.5,87.5,7.1,41,81,7.3,4,Sim,Sim,Não,7,6.6,Sim,Não
AL03390,18,Automação Industrial,Noturno,Presencial,Pomerode,2006,8.4,96.6,4,34,100,6.3,14.9,Sim,Não,Sim,9,7.2,Sim,Não
AL03391,16,Automação Industrial,Matutino,Presencial,Pomerode,6665,10.1,87.4,7,13,92.4,5.1,7.6,Sim,Não,Sim,9,6.4,Sim,Não
AL03392,23,Desenvolvimento de Sistemas,Noturno,Híbrido,Blumenau,5250,11.3,81.8,6.4,42,84.6,6.2,16.9,Sim,Sim,Não,5,7.3,Sim,Não
AL03393,27,Administração,Noturno,Presencial,Timbó,3564,5.5,100,5.1,30,98.1,4.8,6.3,Sim,Sim,Sim,7,7.2,Sim,Não
AL03394,32,Desenvolvimento de Sistemas,Matutino,Presencial,Indaial,2752,4.3,69.3,8.2,24,73.2,5.7,9.5,Sim,Sim,Não,8,6.1,Não,Sim
AL03395,18,Administração,Matutino,Presencial,Brusque,4353,9.9,99.6,6.2,36,90.3,7.1,8.5,Sim,Não,Não,6,7.5,Sim,Não
AL03396,35,Desenvolvimento de Sistemas,Matutino,Presencial,Indaial,1395,8.8,74.6,3.5,45,88.7,9.2,9.5,Não,Não,Não,7,6.1,Não,Não
AL03397,16,Desenvolvimento de Sistemas,Noturno,Presencial,Timbó,1951,8.9,73.7,6.9,32,95.2,6.3,9.8,Não,Não,Não,9,6.7,Não,Não
AL03398,30,Eletromecânica,Matutino,Presencial,Brusque,4218,15.3,86.7,7.6,40,68.9,8,22,Sim,Não,Não,7,8,Sim,Não
AL03399,35,Eletromecânica,Matutino,Híbrido,Brusque,2428,10.1,94.8,,19,99.8,7.1,16.1,Sim,Não,Não,9,7.5,Sim,Não
AL03400,17,Administração,Noturno,Presencial,Indaial,,8.5,95.5,3.4,39,92.1,7.3,10.9,Sim,Não,Não,5,6.3,Sim,Não
AL03401,24,Administração,Matutino,Presencial,Gaspar,1244,8.5,93.6,4.4,39,73,8.1,3.8,Sim,Sim,Não,8,6,Sim,Não
AL03402,29,Eletromecânica,Noturno,Presencial,Indaial,1327,4.8,66.6,7.5,17,94,6.8,4,Não,Sim,Não,9,5.9,Não,Sim
AL03403,30,Administração,Noturno,Híbrido,Indaial,3816,1,67.6,6.1,26,75.8,7.1,2.9,Sim,Sim,Não,5,5.4,Não,Sim
AL03404,32,Eletromecânica,Noturno,Presencial,Indaial,1957,10.7,100,6.7,47,89.6,6.4,8.8,Sim,Sim,Sim,6,7.5,Sim,Não
AL03405,28,Desenvolvimento de Sistemas,Matutino,Híbrido,Blumenau,3047,8.1,93.5,6.9,36,68.6,6,25,Sim,Não,Não,9,6.5,Sim,Não
AL03406,27,Automação Industrial,Noturno,Híbrido,Blumenau,2758,12.2,74.8,6,28,64.3,6.3,9.8,Sim,Sim,Não,8,5.1,Não,Não
AL03407,17,Desenvolvimento de Sistemas,Noturno,Presencial,Timbó,3985,8.9,75.3,5.7,31,70.9,5.9,14.4,Sim,Sim,Sim,5,6,Sim,Sim
AL03408,19,Administração,Matutino,Presencial,Blumenau,4349,3.9,71.6,6.9,33,87.4,8.1,12,Sim,Não,Sim,7,7.3,Não,Sim
AL03409,22,Automação Industrial,Matutino,Presencial,Blumenau,4483,11.8,83.3,3.7,23,93.4,5.4,14.7,Sim,Não,Sim,8,6.5,Sim,Não
AL03410,16,Eletromecânica,Noturno,Presencial,Gaspar,5208,8.3,75.1,5.5,25,99.9,7.9,8.3,Sim,Não,Sim,7,6.6,Sim,Não
AL03411,33,Administração,Noturno,Presencial,Blumenau,3318,5.3,90.3,6.9,20,76,6.9,6.2,Sim,Sim,Não,4,7.1,Sim,Sim
AL03412,16,Eletromecânica,Matutino,Híbrido,Brusque,2180,8.2,91,3.5,31,100,5.2,1.8,Não,Não,Não,7,5.4,Não,Não
AL03413,34,Administração,Matutino,Presencial,Pomerode,2876,7,85.2,5.3,30,84.2,7.3,5.6,Não,Sim,Sim,8,6.5,Sim,Não
AL03414,17,Desenvolvimento de Sistemas,Noturno,Presencial,Brusque,1200,11.3,71.9,7.7,36,85.6,6.8,5.2,Não,Sim,Sim,9,6.4,Não,Não
AL03415,42,Eletromecânica,Noturno,Presencial,Brusque,2534,2.3,78.5,5.1,27,83.4,6.6,4.6,Sim,Sim,Não,7,6.1,Sim,Sim
AL03416,20,Administração,Matutino,Presencial,Gaspar,1851,3.9,82.1,4.8,50,73.7,7.8,7,Sim,Sim,Não,10,4.9,Não,Não
AL03417,31,Eletromecânica,Noturno,Híbrido,Blumenau,,0.8,85.3,6.6,25,72.2,7,4,Sim,Sim,Não,5,6.4,Sim,Sim
AL03418,24,Desenvolvimento de Sistemas,Matutino,Presencial,Blumenau,2685,12.7,71.5,9.6,46,65.7,8.6,14.7,Sim,Não,Não,7,6.7,Não,Não
AL03419,23,Automação Industrial,Noturno,Presencial,Blumenau,3252,8,82.8,6.2,35,91.4,5.7,12,Sim,Sim,Sim,8,6.8,Sim,Não
AL03420,40,Desenvolvimento de Sistemas,noturno ,Híbrido,Timbó,2390,1.2,84.4,3.7,36,61.6,7,14.5,Sim,Sim,Sim,10,7,Sim,Não
AL03421,36,Eletromecânica,Matutino,Presencial,Timbó,1438,7.6,83,6.6,28,67.2,5.3,10.4,Sim,Sim,Não,4,7.3,Sim,Não
AL03422,22,Administração,Matutino,Híbrido,Brusque,2192,16.8,80.7,6.9,58,91.1,6.2,5.4,Sim,Não,Não,9,8.2,Sim,Não
AL03423,22,Desenvolvimento de Sistemas,Matutino,Presencial,Blumenau,948,16.3,100,5.9,37,100,7.6,10.2,Sim,Não,Não,7,9.2,Sim,Não
AL03424,40,Eletromecânica,Noturno,Híbrido,Brusque,1807,14.9,64.3,5.8,38,100,6.6,4.1,Sim,Não,Não,8,6.7,Não,Sim
AL03425,16,Eletromecânica,Noturno,Presencial,Timbó,1576,9.4,86.8,6.4,26,69.8,7.5,11.2,Sim,Sim,Não,5,7.3,Sim,Não
AL03426,22,Desenvolvimento de Sistemas,Noturno,Presencial,Gaspar,1474,9.4,77,4.1,29,100,6.5,15.6,Não,Sim,Sim,6,4.7,Não,Sim
AL03427,31,Automação Industrial,Noturno,Presencial,Pomerode,4885,5.8,78.1,7.9,45,70.1,6.4,8.2,Sim,Sim,Não,5,6.8,Sim,Não
AL03428,26,Eletromecânica,Noturno,Presencial,Brusque,14000,10.4,80.9,5.5,34,99.2,5.5,9,Sim,Sim,Sim,9,6.8,Sim,Não
AL03429,30,Automação Industrial,Matutino,Híbrido,Gaspar,1987,3.4,88.9,6.2,31,76.2,6.5,3.7,Sim,Sim,Não,6,7.2,Sim,Não
AL03430,16,Automação Industrial,Noturno,Presencial,Timbó,3290,11,85.2,4.8,54,83.4,8,5.4,Sim,Não,Sim,7,7.6,Sim,Não
AL03431,28,Administração,Matutino,Híbrido,Pomerode,4574,5.1,99.3,7.6,31,84.5,4.9,16.4,Sim,Sim,Não,8,8.5,Sim,Não
AL03432,29,Desenvolvimento de Sistemas,Matutino,Presencial,Timbó,4320,13.2,97.4,5,31,87.4,8,20.5,Sim,Sim,Não,10,8.4,Sim,Não
AL03433,16,Administração,Noturno,Presencial,Pomerode,7323,10.1,84.2,6.7,45,90.2,5.7,16.4,Sim,Sim,Não,7,6,Sim,Não
AL03434,20,Administração,Matutino,Presencial,Gaspar,4217,9.3,100,4.1,15,95.3,5.6,8.7,Sim,Sim,Sim,10,5.2,Não,Não
AL03435,28,Eletromecânica,Matutino,Híbrido,Indaial,1402,9.3,87.5,6.3,38,100,6.4,8.3,Sim,Não,Não,8,7.4,Sim,Não
AL03436,31,Eletromecânica,Matutino,Presencial,Pomerode,4321,8.2,83.4,7.9,23,77.2,7.4,1.6,Sim,Não,Não,9,7.6,Sim,Sim
AL03437,31,Automação Industrial,Matutino,Presencial,Brusque,3434,1.5,70.6,6.3,21,74.9,7,11.8,Sim,Sim,Não,6,4.9,Não,Não
AL03438,30,Administração,Noturno,Presencial,Blumenau,5980,6.5,83.8,7.3,28,60.3,4,7,Sim,Sim,Não,7,6,Sim,Não
AL03439,27,Eletromecânica,Noturno,Presencial,Gaspar,3353,7.2,100,5.6,28,82.2,6.3,6.4,Sim,Sim,Sim,5,7.3,Sim,Sim
AL03440,29,Eletromecânica,Noturno,Híbrido,Blumenau,1996,12,97.6,6.2,39,79.4,5.2,10.8,Não,Sim,Não,6,7.2,Sim,Não
AL03441,16,Eletromecânica,Matutino,Híbrido,Indaial,3114,9.5,100,4.7,50,74.7,6.7,18.3,Sim,Não,Não,6,5.6,Não,Não
AL03442,22,Desenvolvimento de Sistemas,Matutino,Presencial,Blumenau,3485,14,97.7,6.9,26,84.6,10,13.6,Sim,Não,Sim,9,7.8,Sim,Não
AL03443,28,Automação Industrial,Matutino,Presencial,Timbó,1725,7.5,82.5,6.8,31,81.8,5.8,7.6,Não,Sim,Sim,8,6,Sim,Não
AL03444,30,Administração,Matutino,Híbrido,Gaspar,4903,11.9,89.5,6,35,78.9,6.4,6.3,Sim,Sim,Sim,6,6.7,Sim,Não
AL03445,33,Administração,Noturno,Presencial,Pomerode,3511,11.9,75.8,6.6,31,90.5,6.6,4.5,Sim,Sim,Não,9,5.9,Não,Não
AL03446,16,Desenvolvimento de Sistemas,Noturno,Híbrido,Brusque,1899,3.9,98,8.2,46,70,6.1,4.8,Não,Sim,Sim,7,7.2,Sim,Não
AL03447,27,Administração,Matutino,Presencial,Gaspar,2129,4,87.9,5.4,41,64.5,6.6,8.1,Sim,Sim,Não,6,6.4,Sim,Não
AL03448,26,Eletromecânica,Noturno,Presencial,Indaial,5436,11.9,78.1,5.8,37,100,6,17.7,Sim,Sim,Não,7,6.3,Sim,Não
AL03449,16,Desenvolvimento de Sistemas,Noturno,Presencial,Gaspar,3960,13.1,81.7,8,40,93.3,6.3,4.6,Sim,Não,Não,8,7.6,Sim,Não
AL03450,37,Desenvolvimento de Sistemas,Matutino,Presencial,Brusque,1715,14.2,78.5,8.9,57,86.6,7.2,2.3,Sim,Sim,Não,6,8.5,Sim,Não
AL03451,17,Eletromecânica,Matutino,Presencial,Blumenau,4516,7.5,79.3,4.9,50,99.6,8,4.3,Sim,Não,Não,7,7.2,Sim,Não
AL03452,22,Automação Industrial,Matutino,Presencial,Indaial,4378,5.3,73.4,5.1,14,90.1,7.6,7.7,Não,Sim,Não,8,6.8,Não,Não
AL03453,28,Administração,Noturno,Presencial,Gaspar,4547,3.7,98.4,8,16,100,7,3.3,Sim,Não,Sim,10,8.1,Sim,Não
AL03454,41,Automação Industrial,Noturno,Presencial,Timbó,4020,3.7,100,6.9,24,63.2,8.7,7.6,Sim,Sim,Não,9,6.6,Sim,Não
AL03455,21,Desenvolvimento de Sistemas,Matutino,Presencial,Gaspar,4723,8.4,60.7,4.9,40,62.1,7.3,4.4,Não,Sim,Não,8,5.6,Não,Sim
AL03456,25,Eletromecânica,Matutino,Presencial,Indaial,1855,13.8,73.2,7.2,58,100,7.9,13.3,Não,Sim,Não,6,8.7,Não,Não
AL03457,22,Administração,Matutino,Presencial,Indaial,3933,4.6,87.8,5.1,19,67.7,8.6,13.1,Sim,Não,Não,6,5.4,Não,Não
AL03458,25,Desenvolvimento de Sistemas,Matutino,Presencial,Indaial,1113,9.1,81,7.8,36,73.7,6.7,7.1,Sim,Não,Não,7,7.6,Sim,Não
AL03459,31,Administração,Matutino,Híbrido,Pomerode,1921,10.9,82.9,7.1,53,64.4,4.8,27.6,Não,Sim,Não,8,7,Sim,Não
AL03460,27,Desenvolvimento de Sistemas,Noturno,Híbrido,Timbó,4757,5.1,84.5,4.9,9,93,6.1,38,Sim,Sim,Sim,8,5.8,Não,Sim
AL03461,36,Eletromecânica,Matutino,Presencial,Pomerode,1183,0,58.9,4.3,40,86.5,5.3,18.8,Sim,Sim,Não,8,5.2,Não,Não
AL03462,35,Administração,Noturno,Híbrido,Blumenau,1966,4.9,84.4,6.6,48,66.6,5.3,8.8,Sim,Sim,Não,8,7,Sim,Não
AL03463,28,Desenvolvimento de Sistemas,Noturno,Presencial,Indaial,3907,11.4,88.9,5.6,35,100,7.9,4.9,Sim,Não,Não,6,5.5,Não,Não
AL03464,22,Eletromecânica,Noturno,Presencial,Brusque,3616,14,74.6,8,35,100,6.4,1.4,Sim,Não,Sim,9,7.5,Não,Sim
AL03465,17,Desenvolvimento de Sistemas,Matutino,Presencial,Indaial,4250,11.7,78.9,6.6,28,88.3,7.9,2.6,Sim,Não,Não,10,6.8,Sim,Não
AL03466,19,Administração,Matutino,Presencial,Timbó,4080,8.7,96.5,7.4,42,69.6,6.1,4.4,Sim,Sim,Não,7,5.5,Não,Não
AL03467,44,Administração,Noturno,Presencial,Timbó,1249,5.3,95,5.5,26,80.5,7.3,3.3,Sim,Sim,Não,6,5.5,Não,Sim
AL03468,29,Eletromecânica,Noturno,Presencial,Pomerode,3871,3.9,100,5.4,0,61.5,6.8,5.7,Não,Sim,Não,8,7.5,Sim,Não
AL03469,26,Administração,Noturno,Presencial,Pomerode,2051,10.6,88.2,3.8,34,81.5,7.2,5.4,Sim,Sim,Sim,6,5.2,Não,Não
AL03470,16,Automação Industrial,Noturno,Presencial,Gaspar,2481,12.9,78.3,7.2,40,94.5,7.9,12.3,Não,Não,Não,9,8.7,Sim,Não
AL03471,39,Automação Industrial,Noturno,Presencial,Blumenau,7326,6.1,76.6,5.5,24,84.9,4.7,3.6,SIM,Sim,Não,8,5.9,Não,Não
AL03472,28,Administração,Matutino,Presencial,Gaspar,4938,6.8,80.2,5.9,27,100,6.4,2.9,Sim,Sim,Não,8,7.4,Sim,Não
AL03473,23,Administração,Noturno,Presencial,Gaspar,3108,6.7,81.8,7.5,33,61,6.5,2.7,Sim,Sim,Não,8,6.1,Sim,Não
AL03474,29,Administração,Matutino,Presencial,Timbó,3731,6.3,70.7,6.6,38,99.3,7.3,11.9,Sim,Sim,Sim,6,5.2,Não,Sim
AL03475,31,Desenvolvimento de Sistemas,Noturno,Presencial,Gaspar,3001,8.5,76.9,6.9,38,61.8,5.9,4.9,Não,Sim,Sim,6,5.8,Não,Não
AL03476,37,Eletromecânica,Noturno,Presencial,Gaspar,2608,15.2,90.8,7.6,51,100,6.8,4.6,Sim,Não,Sim,10,6.6,Sim,Não
AL03477,16,Eletromecânica,Matutino,Presencial,Timbó,3279,8.7,93.5,9.6,39,83.4,6.3,11.4,Sim,Não,Sim,9,7.1,Sim,Não
AL03478,23,Administração,Noturno,Presencial,Gaspar,6016,16.1,88.4,5.6,28,100,6.6,10.1,Sim,Sim,Sim,8,6.6,Sim,Não
AL03479,45,Automação Industrial,Noturno,Presencial,Gaspar,1623,4.3,85.1,10,31,70.3,4.8,2.3,Sim,Sim,Não,6,7.6,Sim,Não
AL03480,28,Desenvolvimento de Sistemas,Matutino,Presencial,Blumenau,7512,4.5,91.3,7,25,44,7.7,1.2,Sim,Não,Não,8,6.5,Sim,Não
AL03481,29,Administração,Matutino,Presencial,Timbó,,8.9,93.2,7.3,22,100,7.3,4.6,Sim,Sim,Não,7,8.7,Sim,Não
AL03482,20,Automação Industrial,Noturno,Híbrido,Blumenau,4350,7.2,60.5,7.9,29,60.1,6.9,8.3,Sim,Não,Não,9,4.7,Não,Não
AL03483,23,Automação Industrial,Noturno,Presencial,Gaspar,1448,10,59.8,6.8,35,100,6,8,Sim,Sim,Não,9,6.4,Não,Não
AL03484,29,Administração,Matutino,Presencial,Brusque,3381,6.6,72.8,8.6,43,85.8,9.5,8.6,Sim,Sim,Sim,6,8,Não,Não
AL03485,22,Desenvolvimento de Sistemas,Matutino,Híbrido,Blumenau,2283,9.2,92.3,7.3,41,52.8,7.1,14.3,Sim,Sim,Não,8,6.2,Sim,Não
AL03486,31,Administração,Noturno,Presencial,Pomerode,2648,11.9,94.1,3,49,100,6.9,6.2,Sim,Sim,Não,8,7.2,Sim,Não
AL03487,16,Automação Industrial,Noturno,Híbrido,Timbó,5446,12.5,85.8,6.2,42,97.5,8.2,23.3,Sim,Não,Não,6,8,Sim,Não
AL03488,16,Eletromecânica,Noturno,Presencial,Blumenau,3526,12.6,,5.2,50,96.5,9.1,7,Sim,Não,Não,6,6.4,Sim,Não
AL03489,33,Automação Industrial,Matutino,Presencial,Indaial,3550,4.4,73.6,7.4,39,82.7,6.4,8.3,Sim,Sim,Não,6,7,Não,Não
AL03490,27,Eletromecânica,Matutino,Presencial,Gaspar,1574,10,79,4.5,38,77.9,9.2,10.1,Sim,Não,Não,8,6,Sim,Não
AL03491,31,Automação Industrial,Noturno,Presencial,Pomerode,2669,9.4,75.3,8.9,32,89.1,8.9,2.8,Sim,Sim,Não,6,8.1,Sim,Não
AL03492,23,Automação Industrial,Noturno,Presencial,Brusque,3823,10.8,85.4,6.9,25,78.9,5.7,5.3,Sim,Sim,Não,8,6.2,Sim,Não
AL03493,48,Desenvolvimento de Sistemas,Matutino,Híbrido,Brusque,1033,6.9,83.3,4.8,33,48.4,7.6,6.6,Sim,Sim,Não,4,4.7,Não,Sim
AL03494,39,Automação Industrial,Noturno,Presencial,Indaial,1110,13,,6.9,38,79.5,3.9,10.1,Sim,Sim,Sim,10,7.4,Sim,Não
AL03495,28,Eletromecânica,Matutino,Presencial,Timbó,2966,17.1,73.6,6.2,55,93.4,5.4,6.9,Sim,Sim,Sim,8,6.7,Não,Não
AL03496,16,Eletromecânica,Matutino,Presencial,Indaial,2992,5,100,6,34,97,6.8,7.8,Sim,Sim,Não,9,7.7,Sim,Não
AL03497,32,Automação Industrial,Matutino,Presencial,Indaial,1386,11.3,88.2,5.9,61,83.7,7.3,16.6,Não,Sim,Não,9,7,Sim,Sim
AL03498,16,Eletromecânica,Matutino,Presencial,Pomerode,3613,11.8,97.1,8.1,32,95.1,9.3,4.2,Sim,Não,Sim,9,7.6,Sim,Não
AL03499,24,Eletromecânica,Matutino,Presencial,Pomerode,3839,0.1,99.3,7.5,28,62.4,6.3,12,Sim,Sim,Não,,6.1,Sim,Não
AL03500,22,Desenvolvimento de Sistemas,Noturno,Híbrido,Brusque,2821,7.2,78.4,6.1,48,100,5.6,16.3,Sim,Sim,Não,7,6.5,Sim,Não
AL03501,20,Desenvolvimento de Sistemas,Matutino,Híbrido,Blumenau,2734,5.3,61.4,5.1,28,75.9,4.5,25,Sim,Não,Não,8,5,Não,Não
AL03502,27,Automação Industrial,Noturno,Presencial,Brusque,1568,12.1,89.6,5.6,23,100,8.6,14.3,Sim,nao,Não,9,7.4,Sim,Não
AL03503,41,Administração,Matutino,Presencial,Indaial,2906,10.4,70.7,6.1,45,93.5,7,11.6,Sim,Sim,Não,8,6.2,Não,Sim
AL03504,23,Desenvolvimento de Sistemas,Matutino,Presencial,Pomerode,4690,5.3,74.4,7.6,38,92.3,7.5,7.4,Sim,Sim,Não,6,7,Não,Não
AL03505,24,Administração,Matutino,Híbrido,Brusque,1695,1.5,76.1,6.2,23,82.1,6.6,12,Sim,Sim,Não,8,5.9,Não,Não
AL03506,16,Administração,Noturno,Presencial,Timbó,4048,10.7,100,5.6,43,60.9,6.9,2.5,Sim,Não,Não,7,7.7,Sim,Não
AL03507,35,Desenvolvimento de Sistemas,Noturno,Híbrido,Blumenau,2536,13,88,7.9,38,95.2,5.5,28.1,Sim,Sim,Não,5,7.3,Sim,Não
AL03508,32,Administração,Matutino,Presencial,Gaspar,3039,5.7,60.5,6.2,51,100,7,4.4,Sim,Sim,Não,7,6.8,Não,Não
AL03509,22,Automação Industrial,Noturno,Presencial,Timbó,2501,9,66.9,7.5,34,89,8.1,3.6,Não,Sim,Não,8,5.7,Não,Sim
AL03510,16,Administração,Matutino,Híbrido,Blumenau,7815,13.5,71.5,3.8,44,100,6.2,3.9,Não,Não,Sim,9,5.4,Não,Não
AL03511,20,Desenvolvimento de Sistemas,Matutino,Presencial,Gaspar,1657,9.8,74.9,4.9,18,88.8,4.4,9.9,Sim,Sim,Não,7,5.8,Não,Não
AL03512,34,Desenvolvimento de Sistemas,Matutino,Presencial,Timbó,7041,11.8,94.1,10,58,100,5.9,12.4,Sim,Sim,Não,7,7.7,Sim,Não
AL03513,33,Desenvolvimento de Sistemas,Matutino,Híbrido,Timbó,5776,8.1,81.3,6.2,18,80.3,6.1,8.1,Não,Sim,Não,7,6,Sim,Não
AL03514,43,Administração,Noturno,Presencial,Gaspar,2415,7.7,100,6.8,52,87.7,5.8,8.4,Sim,Sim,Não,6,7.3,Sim,Não
AL03515,25,Eletromecânica,Noturno,Híbrido,Indaial,2715,5.9,84.9,7.2,33,86.1,4.3,25.7,Sim,Sim,Não,9,6.5,Sim,Não
AL03516,32,Administração,Noturno,Presencial,Pomerode,3145,0,83.7,5.9,32,54.5,6.6,6.6,Sim,Sim,Não,8,5.7,Não,Não
AL03517,31,Eletromecânica,Matutino,Presencial,Indaial,2269,12.2,67.5,6.8,36,80.6,5.7,23.8,Sim,Sim,Não,5,5,Não,Sim
AL03518,31,Desenvolvimento de Sistemas,Matutino,Presencial,Indaial,2655,7,83.7,5.4,50,65.8,6.4,5.3,Sim,Sim,Não,7,4.2,Não,Não
AL03519,29,Administração,Matutino,Presencial,Timbó,2074,5.6,99.5,7.8,34,87.1,6.9,4.7,Sim,Sim,Sim,5,6.9,Sim,Não
AL03520,24,Desenvolvimento de Sistemas,Noturno,Presencial,Indaial,3211,9.6,99.4,6,30,82.1,8.5,3.4,Sim,Não,Não,8,7.4,Sim,Não
AL03521,19,Eletromecânica,Matutino,Presencial,Pomerode,4454,9.8,70,5,33,85.7,6.6,14.3,Sim,Sim,Não,6,6.8,Não,Não
AL03522,26,Automação Industrial,Matutino,Híbrido,Pomerode,6741,7.4,84,6.6,23,98,5,8,Sim,Sim,Sim,9,7.1,Sim,Não
AL03523,24,Administração,Matutino,Presencial,Indaial,3167,13.2,91.4,5.1,59,85.2,8.1,2.6,Sim,Não,Não,6,7.1,Sim,Não
AL03524,24,Desenvolvimento de Sistemas,Noturno,Presencial,Timbó,2946,13,67.6,7.6,36,100,6.2,25.1,Sim,Não,Sim,8,6.7,Não,Não
AL03525,24,Eletromecânica,Noturno,Presencial,Indaial,3643,1.7,77,5,10,100,7.2,6,Sim,Sim,Não,7,6.2,Sim,Não
AL03526,16,Automação Industrial,Matutino,Presencial,Timbó,2805,11.5,88,3,34,100,6,4.9,Sim,Não,Sim,7,6,Sim,Não
AL03527,22,Eletromecânica,Noturno,Presencial,Blumenau,1854,5.5,67.8,5.4,41,85.3,5.5,5.4,Sim,Sim,Não,6,6,Não,Não
AL03528,23,Administração,Matutino,Presencial,Pomerode,3351,2.5,70.7,9.1,30,61.4,6.4,14.2,Sim,Sim,Não,5,5.5,Não,Sim
AL03529,19,Desenvolvimento de Sistemas,Matutino,Presencial,Pomerode,2924,9.5,71.2,6.5,34,81.8,6.8,6.3,Não,Não,Não,7,6.8,Não,Não
AL03530,27,Desenvolvimento de Sistemas,Noturno,Presencial,Timbó,5826,10.3,100,4.8,38,95.1,5.6,6.2,Sim,Sim,Não,8,7.8,Sim,Não
AL03531,27,Eletromecânica,Noturno,Presencial,Timbó,4351,6.7,65.7,4.6,41,98,7.3,3.6,Sim,Não,Não,7,6.1,Não,Não
AL03532,33,Administração,Noturno,Híbrido,Pomerode,4907,7.9,66.4,7.2,37,75.8,5.7,7.4,Sim,Sim,Não,6,6.9,Não,Não
AL03533,36,Automação Industrial,Matutino,Presencial,Indaial,4298,6.1,67.2,6.7,30,100,6.7,21.8,Sim,Sim,Não,8,5,Não,Sim
AL03534,43,Eletromecânica,Noturno,Presencial,Gaspar,4088,10.5,66,6.4,42,81.5,7.6,19.1,Sim,Sim,Não,6,6.1,Não,Não
AL03535,25,Desenvolvimento de Sistemas,Noturno,Presencial,Blumenau,3327,6.4,70.9,7,29,80.5,6.4,6,Sim,Sim,Sim,5,6.4,Não,Não
AL03536,28,Administração,Matutino,Híbrido,Timbó,1425,15.1,78,8.5,57,93.3,7.9,2.9,Sim,Não,Não,5,6.9,Sim,Não
AL03537,22,Administração,Matutino,Presencial,Brusque,3061,8.8,90.6,7.5,38,79.9,4.9,3.3,Sim,Sim,Sim,6,7.8,Sim,Não
AL03538,41,Eletromecânica,Matutino,Presencial,Blumenau,1987,8.1,83.2,5.8,32,100,6.6,20.3,Não,Sim,Não,7,6.6,Sim,Sim
AL03539,25,Administração,Noturno,Presencial,Brusque,2733,8.6,94.8,9.5,51,51.8,6.8,6.6,Sim,Não,Não,9,7,Sim,Não
AL03540,18,Automação Industrial,Noturno,Presencial,Timbó,2918,3.6,69.6,6.7,51,92.3,6.8,5,Sim,Sim,Não,8,5.6,Não,Não
AL03541,23,Administração,Noturno,Presencial,Brusque,9806,0,69.9,5,17,85.2,5.1,6.5,Sim,Não,Não,8,5.4,Não,Sim
AL03542,19,Automação Industrial,Matutino,Presencial,Gaspar,1904,6.9,85.7,,43,100,5.6,3.2,Sim,Sim,Não,9,7,Sim,Não
AL03543,16,Eletromecânica,Noturno,Presencial,Pomerode,1824,13.2,82.6,9.7,61,92.5,6.1,6.1,Sim,Sim,Não,8,8.8,Sim,Não
AL03544,32,Automação Industrial,Noturno,Presencial,Indaial,3971,5.8,74.6,5.7,21,70.5,7,12.8,Sim,Sim,Não,7,6.4,Não,Não
AL03545,36,Eletromecânica,Noturno,Presencial,Blumenau,4375,6.4,82.2,9.1,30,74.8,6.9,14.1,Sim,Sim,Sim,8,7.6,Sim,Não
AL03546,26,Automação Industrial,Matutino,Presencial,Pomerode,2476,5.6,80.9,6.2,34,96.2,7.9,15.4,Sim,Sim,Sim,8,6.9,Sim,Não
AL03547,27,Eletromecânica,Noturno,Presencial,Indaial,3621,9.7,72.5,5.4,38,100,7.9,13.3,Sim,Não,Sim,6,5.9,Não,Não
AL03548,27,Desenvolvimento de Sistemas,Matutino,Presencial,Timbó,2248,9.4,100,7.1,32,46.2,7.3,13.6,Sim,Não,Não,7,6.8,Sim,Não
AL03549,16,Eletromecânica,Matutino,Presencial,Gaspar,3692,1.9,81.6,7.5,28,61.3,7.2,2.6,Sim,Não,Não,5,5.3,Não,Não
AL03550,16,Desenvolvimento de Sistemas,Matutino,Presencial,Gaspar,2900,9.4,100,7.7,50,87.5,5.2,8.4,Sim,Sim,Não,5,7.9,Sim,Sim
AL03551,20,Desenvolvimento de Sistemas,Matutino,Presencial,Blumenau,1868,3,65.5,8.5,28,60.7,7.1,10.3,Sim,Não,Não,6,5,Não,Sim
AL03552,16,Desenvolvimento de Sistemas,Matutino,Presencial,Gaspar,1294,6.9,84.1,8.1,39,92.9,4.6,13.7,Sim,Sim,Não,7,8.6,Sim,Não
AL03553,35,Desenvolvimento de Sistemas,Noturno,Presencial,Gaspar,4765,6.1,90.9,7.5,17,100,7.6,4.7,Sim,Sim,Sim,9,7,Sim,Não
AL03554,40,Desenvolvimento de Sistemas,Noturno,Presencial,Pomerode,1231,2.9,63.8,5.2,24,87.7,6.9,11.3,Não,Sim,Não,6,5.9,Não,Não
AL03555,25,Administração,Matutino,Presencial,Timbó,5106,4.8,84.5,6.5,46,82.1,4.7,2.2,Sim,Sim,Não,7,6.1,Sim,Sim
AL03556,41,Automação Industrial,Noturno,Presencial,Brusque,1161,2.1,89.3,5.9,38,72.7,4.9,9.7,Sim,Sim,Não,7,5.5,Não,Não
AL03557,20,Desenvolvimento de Sistemas,Noturno,Presencial,Indaial,2561,4.3,100,8.3,18,67.5,7.1,13.2,Não,Sim,Não,4,7.8,Sim,Não
AL03558,33,Automação Industrial,Noturno,Presencial,Timbó,1772,3.6,81.9,7.3,35,74.6,6.8,6.8,Sim,Sim,Sim,6,6.7,Sim,Sim
AL03559,41,Desenvolvimento de Sistemas,Noturno,Presencial,Blumenau,10970,2.4,99.6,5.1,26,85.8,4.8,15,Sim,Não,Não,6,6.3,Sim,Não
AL03560,39,Administração,Noturno,Presencial,Indaial,2408,15.6,84.2,6.8,53,100,8.2,2.7,Sim,Não,Não,5,7.9,Sim,Não
AL03561,21,Administração,Matutino,Presencial,Blumenau,934,10.2,83.6,6.7,38,70.9,6.8,9,Não,Não,Não,7,6.3,Sim,Não
AL03562,35,Desenvolvimento de Sistemas,Matutino,Híbrido,Brusque,1657,7.4,70.2,8.1,0,73.3,6.9,5.7,Sim,Não,Sim,8,6.9,Não,Não
AL03563,17,Desenvolvimento de Sistemas,Matutino,Presencial,Gaspar,5919,12.2,99.3,7.3,55,62.8,6.2,2.8,Sim,Não,Não,9,6.2,Sim,Não
AL03564,27,Desenvolvimento de Sistemas,Noturno,Híbrido,Indaial,2253,7.5,82.6,7.7,22,67.5,5.9,25.5,Sim,Sim,Sim,7,7.7,Sim,Não
AL03565,18,Eletromecânica,Matutino,Presencial,Timbó,3062,6.3,83.9,4.6,32,76.6,7.1,3.4,Sim,Sim,Não,6,6.4,Sim,Sim
AL03566,16,Desenvolvimento de Sistemas,Matutino,Presencial,Pomerode,2803,7.7,89.6,5.5,32,84.4,7.8,18.2,Sim,Não,Não,8,5.4,Não,Não
AL03567,29,Administração,Noturno,Presencial,Pomerode,2708,7.2,82.5,5.6,43,100,7,3.8,Não,Sim,Sim,6,6.9,Sim,Não
AL03568,34,Administração,Noturno,Presencial,Timbó,2036,3,98.5,3.6,10,89.7,7.3,7.1,Sim,Sim,Sim,8,6.3,Sim,Não
AL03569,16,Desenvolvimento de Sistemas,Noturno,Híbrido,Blumenau,3024,12.3,100,5.5,57,67.1,7.1,5.3,Sim,Sim,Sim,5,6.4,Sim,Sim
AL03570,30,Desenvolvimento de Sistemas,Noturno,Presencial,Gaspar,1922,8.4,84.9,5,20,91.1,8,5.2,Sim,Sim,Não,7,6.5,Sim,Não
AL03571,46,Desenvolvimento de Sistemas,Matutino,Presencial,Indaial,8690,6.5,80.6,5.3,32,100,6.2,10.8,Sim,Sim,Sim,9,6.9,Sim,Não
AL03572,28,Desenvolvimento de Sistemas,Matutino,Presencial,Blumenau,5194,3.8,64.5,5.6,19,77.1,6,2.8,Sim,Sim,Sim,5,5.2,Não,Não
AL03573,23,Desenvolvimento de Sistemas,Noturno,Presencial,Indaial,2538,8.8,76.5,6.7,47,86.9,5.5,11.8,Não,Sim,Não,7,5.8,Não,Não
AL03574,29,Desenvolvimento de Sistemas,Noturno,Presencial,Indaial,5136,10.9,88.7,5.2,17,85.2,6.2,9.2,Sim,Não,Sim,6,6.8,Sim,Não
AL03575,23,Eletromecânica,Matutino,Presencial,Timbó,2246,0,77.1,5.7,16,75.8,8,2.8,Sim,Sim,Não,7,6.7,Sim,Não
AL03576,33,Administração,Noturno,Presencial,Timbó,6879,18.7,82.8,4.6,42,87.7,6.4,6.3,Sim,Não,Sim,7,5,Não,Não
AL03577,27,Administração,Noturno,Híbrido,Blumenau,1761,6.1,67.5,6.1,32,60.1,6.2,3.7,Não,Sim,Não,6,3.5,Não,Não
AL03578,30,Desenvolvimento de Sistemas,Noturno,Híbrido,Blumenau,10256,5.7,64.7,8.7,20,61.7,6.3,4.2,Sim,Sim,Não,6,6,Não,Sim
AL03579,26,Administração,Noturno,Presencial,Gaspar,1290,12.7,75.2,5.2,39,99.6,4.5,7.3,Não,Sim,Não,5,4.6,Não,Sim
AL03580,38,Automação Industrial,Matutino,Presencial,Indaial,2949,5.2,81.4,6.7,19,100,5.9,6.3,Não,Sim,Não,7,6.3,Sim,Não
AL03581,30,Desenvolvimento de Sistemas,Matutino,Híbrido,Gaspar,1887,9.7,80.3,6.5,37,63.7,8.3,4.8,Sim,Sim,Sim,8,7.1,Sim,Não
AL03582,38,Automação Industrial,Noturno,Presencial,Pomerode,6818,14.4,83.1,5.4,55,93.8,8,7.3,Sim,Não,Não,8,6.8,Sim,Sim
AL03583,16,Eletromecânica,Noturno,Presencial,Indaial,1769,15.2,97,5.4,32,77.2,6.4,1.5,Sim,Não,Não,5,6.8,Sim,Sim
AL03584,29,Administração,Matutino,Híbrido,Brusque,2714,4.5,,7.6,37,76.4,6.3,7,Sim,Sim,Não,6,6.9,Sim,Não
AL03585,41,Eletromecânica,Matutino,Híbrido,Timbó,1654,1.1,74,,0,94.6,6.2,3.3,Sim,Sim,Sim,7,7.4,Não,Não
AL03586,16,Administração,Noturno,Presencial,Brusque,2384,9.7,77.1,5.3,38,77.1,6,7.3,Sim,Não,Sim,6,6.1,Sim,Não
AL03587,16,Administração,Matutino,Presencial,Blumenau,1649,20,84.5,8.3,50,100,6.1,19.5,Sim,Sim,Não,10,8.1,Sim,Não
AL03588,26,desenv. sistemas,Noturno,Híbrido,Blumenau,2536,8.1,76.3,6.6,37,94.7,7.2,4.5,Sim,Sim,Sim,6,7.8,Sim,Não
AL03589,19,Administração,Matutino,Presencial,Brusque,3728,7.7,84,6.9,20,86.6,6.3,6.4,Sim,Sim,Não,5,7.2,Sim,Não
AL03590,41,Eletromecânica,Matutino,Híbrido,Gaspar,2740,8.1,73.8,6.5,35,100,9.3,23.7,Sim,Não,Sim,7,6.9,Não,Não
AL03591,39,Automação Industrial,Noturno,Presencial,Brusque,8606,1,84.3,6,30,78.8,6.2,10,Sim,Sim,Não,6,6.2,Sim,Não
AL03592,30,Desenvolvimento de Sistemas,Noturno,Presencial,Indaial,1996,5.8,76.3,5.7,31,82.6,5.6,13.8,Sim,Sim,Não,7,6.2,Sim,Não
AL03593,28,Desenvolvimento de Sistemas,Matutino,Presencial,Pomerode,1664,8.1,89.7,3.8,47,73.1,5.8,4.4,Sim,Sim,Não,6,5,Não,Não
AL03594,26,Automação Industrial,Matutino,Presencial,Brusque,4775,17.3,67.1,7.6,49,100,6.1,19.3,Sim,Sim,Não,7,7.5,Não,Não
AL03595,35,Desenvolvimento de Sistemas,Matutino,Presencial,Timbó,3668,15.7,81.1,7.2,48,91.9,6.2,5.1,Não,Sim,Sim,10,7.7,Sim,Sim
AL03596,36,Eletromecânica,Noturno,Presencial,Indaial,1741,3.7,63.3,7,21,47.8,5.4,4.4,Não,Sim,Não,5,5.1,Não,Sim
AL03597,21,Automação Industrial,Matutino,Presencial,Brusque,1387,19.2,79.4,5.7,30,100,7.8,6,Não,Não,Sim,9,7.5,Sim,Não
AL03598,16,Desenvolvimento de Sistemas,Noturno,Híbrido,Indaial,4017,4.3,85,4.8,19,81.2,6.1,5.9,Sim,Sim,Não,10,4.9,Não,Não
AL03599,23,Eletromecânica,Noturno,Híbrido,Brusque,5102,7.7,95.3,6.7,60,88.7,6.2,12.9,Não,Sim,Não,6,7.7,Sim,Sim
AL03600,34,Eletromecânica,Noturno,Presencial,Gaspar,2806,8.9,80.4,4.7,23,100,5.5,10.7,Não,Sim,Não,7,7.2,Sim,Não
AL03601,16,Automação Industrial,Noturno,Presencial,Indaial,2432,5.3,89.5,4.7,21,67,7,5.4,Sim,Sim,Sim,7,6.5,Sim,Não
AL03602,27,Eletromecânica,Matutino,Presencial,Indaial,5424,4,81.3,6.3,30,90.4,8.1,17.1,Sim,Sim,Não,5,6,Sim,Não
AL03603,37,Administração,Noturno,Presencial,Pomerode,3235,13.7,59.4,5.5,28,86.4,6.2,5.2,Sim,Sim,Não,8,6.3,Não,Não
AL03604,18,Automação Industrial,Matutino,Presencial,Gaspar,2198,3.5,71.7,8,45,67.8,7,1.3,Não,Sim,Não,9,5.2,Não,Sim
AL03605,35,Automação Industrial,Matutino,Presencial,Brusque,1627,5.2,93.6,5.9,6,71.8,9.1,8.7,Sim,Sim,Sim,,6.4,Sim,Não
AL03606,41,Administração,Noturno,Presencial,Brusque,6645,8.2,78.1,6.2,56,82.2,6.4,6.6,Sim,Sim,Sim,5,6.6,Sim,Não
AL03607,45,Administração,Matutino,Híbrido,Timbó,1572,7.5,71.1,6.1,31,66.4,5.5,21.7,Não,Sim,Não,9,4.5,Não,Não
AL03608,31,Administração,Matutino,Presencial,Brusque,2591,9.8,85.7,9.1,35,100,6.4,5.6,Sim,Sim,Não,6,7.7,Sim,Não
AL03609,34,Eletromecânica,Matutino,Presencial,Blumenau,4016,3.3,94,4.4,26,29,5.4,21,Sim,Sim,Não,5,4.9,Não,Sim
AL03610,36,Automação Industrial,Noturno,Híbrido,Gaspar,3095,9.7,64.4,4,24,92.9,8,7.4,Sim,Sim,Sim,10,5.6,Não,Não
AL03611,36,Administração,Noturno,Presencial,Indaial,2703,7.7,78.6,3.6,53,93,6.3,8.8,Sim,Sim,Sim,5,5.3,Não,Não
AL03612,16,Administração,Noturno,Presencial,Indaial,3061,2.8,90.3,4.9,27,62.5,8.3,16.6,Sim,Sim,Não,5,6.1,Sim,Sim
AL03613,16,Eletromecânica,Matutino,Presencial,Brusque,3591,9,91.4,4.7,48,83.1,8.7,10.7,Sim,Não,Não,9,7,Sim,Não
AL03614,46,Automação Industrial,Matutino,Presencial,Blumenau,2059,4.4,81.6,7.6,28,86.7,7.1,8,Sim,Sim,Não,7,8.7,Sim,Não
AL03615,19,Eletromecânica,Noturno,Presencial,Indaial,2898,12,81.4,5.2,22,74,7.1,4.2,Sim,Não,Sim,6,6.4,Sim,Não
AL03616,17,Desenvolvimento de Sistemas,Noturno,Presencial,Pomerode,2450,4.4,85.9,8.3,40,65.3,8,9.3,Sim,Sim,Sim,5,6,Sim,Sim
AL03617,23,Administração,Matutino,Presencial,Gaspar,1621,13.5,82,5.5,36,88,6.4,7.2,Sim,Sim,Não,4,7.9,Sim,Sim
AL03618,16,Automação Industrial,Matutino,Presencial,Indaial,5642,4.6,82.4,6.2,22,94.9,7.9,15.7,Sim,Não,Não,5,6.6,Sim,Sim
AL03619,30,Eletromecânica,Noturno,Presencial,Gaspar,10218,5.2,89.8,6.7,39,73.7,6.3,4.4,Sim,Sim,Não,6,6.1,Sim,Não
AL03620,21,Eletromecânica,Matutino,Híbrido,Timbó,3163,10.6,63.1,5.5,26,68.2,6,13.8,Sim,Não,Não,6,3.8,Não,Não
AL03621,37,Desenvolvimento de Sistemas,Noturno,Presencial,Pomerode,1220,5.4,63.1,5.5,24,97.5,6.8,11.3,Não,Sim,Não,9,6.9,Não,Não
AL03622,27,Automação Industrial,Noturno,Presencial,Blumenau,3083,11.3,87.7,6.1,45,86.9,8.9,13.7,Não,Não,Sim,,6.7,Sim,Não
AL03623,24,Eletromecânica,Matutino,Presencial,Indaial,8084,4.6,82.2,5.6,21,75.1,6.1,1.7,Sim,Não,Não,10,5.6,Não,Não
AL03624,16,Administração,Noturno,Presencial,Brusque,3185,0.3,100,8.2,34,60.6,5.9,2.4,Sim,Não,Sim,8,6.4,Sim,Não
AL03625,18,Administração,Matutino,Presencial,Gaspar,4631,4.9,80.1,6.5,12,74.6,6.5,3.3,Sim,Sim,Não,8,5.9,Não,Não
AL03626,18,Administração,Noturno,Presencial,Blumenau,4050,9.6,83.5,6.8,59,82.2,6.8,7.9,Sim,Não,Não,6,6.4,Sim,Não
AL03627,19,Desenvolvimento de Sistemas,Matutino,Presencial,Pomerode,2008,8.1,92,6.6,31,100,8.4,7,Não,Não,Não,8,7.1,Sim,Não
AL03628,31,Administração,Matutino,Híbrido,Brusque,1998,8.7,93.1,6.5,28,91.1,7.8,4.3,Não,Sim,Não,4,7,Sim,Não
AL03629,33,Automação Industrial,Noturno,Presencial,Timbó,4200,4.9,88.3,6.1,31,91.7,4.6,7,Sim,Sim,Não,9,6.3,Sim,Sim
AL03630,20,Eletromecânica,Matutino,Presencial,Gaspar,2541,6.8,83,6.4,27,89.6,6.8,3.2,Sim,Sim,Não,5,6,Sim,Sim
AL03631,18,Administração,Matutino,Híbrido,Pomerode,1397,0,99.9,5.6,27,74.2,8.6,3.3,Sim,Sim,Não,8,7,Sim,Não
AL03632,25,Automação Industrial,Noturno,Presencial,Pomerode,900,8.1,75.3,6.4,38,90.9,6.8,12.1,Não,Sim,Sim,2,6,Sim,Sim
AL03633,24,Desenvolvimento de Sistemas,Noturno,Híbrido,Gaspar,1858,8.9,77.9,5.2,23,100,8.4,16.7,Sim,Não,Não,7,5.9,Não,Não
AL03634,26,Desenvolvimento de Sistemas,Matutino,Presencial,Timbó,905,6.4,71.8,9,24,88.2,4.8,6.6,Sim,Sim,Sim,10,7.8,Não,Não
AL03635,26,Administração,Matutino,Presencial,Blumenau,2617,8.5,87.6,6.2,20,83.5,6.3,8.1,Sim,Sim,Não,7,5.7,Não,Não
AL03636,29,Administração,Matutino,Presencial,Pomerode,1958,11.9,82.1,7.9,49,79.4,7.2,23.4,Sim,Não,Não,6,7.5,Sim,Não
AL03637,21,Administração,Matutino,Presencial,Pomerode,2068,11.2,82.8,9.4,49,68.1,6.8,6.1,Não,Não,Não,7,6.6,Sim,Não
AL03638,38,Eletromecânica,Noturno,Presencial,Brusque,1530,5.7,88,6,27,59.2,6.7,13.8,Sim,Sim,Sim,7,6.3,Sim,Sim
AL03639,32,Desenvolvimento de Sistemas,Noturno,Presencial,Gaspar,1718,12.4,87.6,7,23,69.9,7.8,4.5,Sim,Sim,Sim,9,7.5,Sim,Não
AL03640,28,Automação Industrial,Noturno,Presencial,Pomerode,2143,2.9,91.2,7.1,34,63.1,8.4,7.7,Não,Sim,Não,7,4.8,Não,Não
AL03641,31,Administração,Matutino,Híbrido,Indaial,1980,12.7,82.2,5.7,42,84.7,7.6,4.2,Sim,Sim,Não,9,5.8,Não,Não
AL03642,25,Desenvolvimento de Sistemas,Matutino,Presencial,Blumenau,2767,13.2,80.8,5.5,42,100,8.7,4.9,Sim,Não,Não,8,7.2,Sim,Não
AL03643,31,Desenvolvimento de Sistemas,Noturno,Presencial,Timbó,1799,13.9,75.5,6.4,58,95.7,7.7,9.6,Sim,Sim,Não,5,6.6,Sim,Não
AL03644,42,Administração,Noturno,Híbrido,Gaspar,3311,9.8,86.3,5.9,37,92.6,5.6,4.9,Sim,Sim,Não,5,7.3,Sim,Sim
AL03645,22,Eletromecânica,Noturno,Presencial,Indaial,7805,6.5,85.3,8.6,47,64.9,5.6,6.3,Sim,Sim,Não,6,7.9,Sim,Sim
AL03646,23,Automação Industrial,Noturno,Híbrido,Blumenau,2237,7.7,91.7,7.7,38,100,8.4,7.9,Sim,Sim,Não,6,8.2,Sim,Sim
AL03647,29,Administração,Noturno,Presencial,Blumenau,2500,9.2,94.7,8.2,48,76.1,6.7,6.4,Não,Não,Sim,6,8,Sim,Sim
AL03648,16,Desenvolvimento de Sistemas,Matutino,Presencial,Gaspar,2153,3.5,91.6,7.7,35,60.4,7.2,13.6,Não,Sim,Não,4,5.9,Não,Sim
AL03649,31,Automação Industrial,Noturno,Presencial,Blumenau,2182,9.5,85.9,5.4,28,83.8,8.1,6.7,Sim,Sim,Não,5,5.2,Não,Sim
AL03650,40,Administração,Matutino,Presencial,Timbó,2974,5.6,80.3,6.4,35,94.1,8.1,3.5,Sim,Sim,Sim,5,6.1,Sim,Sim
AL03651,38,Eletromecânica,Noturno,Presencial,Indaial,2747,2.4,62.3,5.4,36,84.2,5.2,4.8,Sim,Sim,Sim,7,5.9,Não,Não
AL03652,34,Desenvolvimento de Sistemas,Noturno,Presencial,Gaspar,2543,7.8,85.1,6.7,24,100,7.3,6,Sim,Não,Sim,7,8.5,Sim,Não
AL03653,29,Automação Industrial,Noturno,Híbrido,Pomerode,3842,8.8,87,4.7,35,100,7.6,16.2,Sim,Sim,Não,10,6.4,Sim,Não
AL03654,21,Automação Industrial,Noturno,Híbrido,Blumenau,3533,9.5,71.7,6.6,47,95.6,5.3,9.9,Sim,Não,Não,7,6,Não,Não
AL03655,17,Eletromecânica,Noturno,Presencial,Blumenau,3218,1.2,95.6,4.6,0,81.9,6.4,10.6,Não,Não,Não,8,4.1,Não,Sim
AL03656,42,Eletromecânica,Matutino,Presencial,Indaial,2991,8.5,81.2,7.2,36,54.6,7.2,1.4,Sim,Sim,Não,10,6.5,Sim,Sim
AL03657,18,Eletromecânica,Noturno,Presencial,Gaspar,3323,9.3,86.2,6.7,30,55,7.2,8.4,Não,Sim,Não,6,4.8,Não,Não
AL03658,23,Desenvolvimento de Sistemas,Noturno,Presencial,Pomerode,6043,8.6,85,3.4,44,100,6.4,11.8,Sim,Sim,Não,9,6.6,Sim,Não
AL03659,31,Eletromecânica,Noturno,Híbrido,Blumenau,5901,7.4,90.1,6.7,27,79.4,7.1,6.5,Sim,Sim,Não,7,7.1,Sim,Não
AL03660,29,Eletromecânica,Noturno,Presencial,Pomerode,1469,7.6,86.3,8.7,32,65.5,7.5,19.7,Sim,Sim,Não,6,7.2,Sim,Não
AL03661,22,Eletromecânica,Matutino,Presencial,Gaspar,2008,8.5,93.8,7.5,42,100,6.9,12.1,Não,Sim,Sim,7,6.9,Sim,Não
AL03662,22,Eletromecânica,Matutino,Híbrido,Indaial,1429,18.4,96.1,7.7,41,100,5.7,15.4,Sim,Sim,Não,8,8.2,Sim,Não
AL03663,27,Desenvolvimento de Sistemas,Noturno,Híbrido,Blumenau,6292,9.8,60.7,6.6,27,86.3,7.6,7.5,Sim,Sim,Não,8,5.1,Não,Sim
AL03664,26,Automação Industrial,Noturno,Presencial,Gaspar,3676,7.5,86.5,6.4,52,85.4,5.1,3,Sim,Sim,Não,8,5.1,Não,Não
AL03665,19,Eletromecânica,Noturno,Presencial,Brusque,1696,3.9,92.1,7.8,33,94.6,6.9,3.1,Não,Não,Não,6,8.7,Sim,Não
AL03666,20,Eletromecânica,Noturno,Presencial,Indaial,2387,13.8,93.7,7.4,42,82.4,7.6,12,Não,Não,Não,6,7.1,Sim,Não
AL03667,23,Eletromecânica,Noturno,Presencial,Timbó,3008,0.1,76.1,4.3,11,82.4,5.9,28.3,Sim,Sim,Sim,5,5.9,Não,Não
AL03668,17,Eletromecânica,Matutino,Presencial,Timbó,5529,12.3,69.7,6.1,57,95.4,6.1,2.4,Sim,Não,Não,9,9,Não,Não
AL03669,30,Automação Industrial,Noturno,Presencial,Gaspar,3404,1.2,63.5,6.4,28,85.3,7.4,6.9,Sim,Sim,Não,7,4.5,Não,Não
AL03670,27,Desenvolvimento de Sistemas,Noturno,Presencial,Blumenau,1066,6.2,84.7,8.9,32,100,7,3.7,Sim,Sim,Não,6,8,Sim,Não
AL03671,31,Automação Industrial,Noturno,Presencial,Brusque,2318,5.6,79.3,3.2,25,100,6.6,6.3,Não,Não,Não,6,4.7,Não,Não
AL03672,22,Automação Industrial,Matutino,Híbrido,Brusque,3975,2.6,72.1,7.1,39,55.8,4.4,1.9,Sim,Sim,Não,7,6.7,Não,Não
AL03673,26,Automação Industrial,Matutino,Presencial,Gaspar,2886,4.8,83.8,5.2,25,83.4,6.5,9.5,Sim,Sim,Não,7,5.8,Não,Não
AL03674,23,Eletromecânica,Matutino,Presencial,Brusque,3501,9.3,94.1,8.2,22,71.6,6.4,8.1,Sim,Não,Não,4,7.2,Sim,Não
AL03675,24,Desenvolvimento de Sistemas,Noturno,Presencial,Pomerode,1658,9.1,69.5,7.3,41,100,7.4,5.6,Sim,Não,Não,5,8,Não,Não
AL03676,27,Desenvolvimento de Sistemas,Noturno,Híbrido,Indaial,7675,3.5,100,8.5,12,55.8,7.3,8.9,Sim,Sim,Sim,6,6.9,Sim,Não
AL03677,27,Desenvolvimento de Sistemas,Noturno,Presencial,Blumenau,2343,5.5,93.5,5.8,33,54.5,5,2.4,Sim,Não,Não,7,5.1,Não,Não
AL03678,35,Administração,Matutino,Presencial,Timbó,1212,9.3,89.2,8.5,31,67.2,6.1,11.3,Não,Sim,Sim,7,6.5,Sim,Não
AL03679,21,Administração,Noturno,Presencial,Pomerode,2549,10.7,89.2,4.7,62,82.4,8,18.6,Sim,Sim,Sim,8,7.1,Sim,Não
AL03680,28,Eletromecânica,Matutino,Híbrido,Indaial,4434,15.1,84.4,6.6,55,90.8,8.7,1.7,Sim,Não,Não,6,8.2,Sim,Não
AL03681,24,Eletromecânica,Matutino,Presencial,Indaial,1920,6.5,92.3,4.6,38,99.6,7.6,10.9,Não,Sim,Não,6,7.1,Sim,Não
AL03682,25,Eletromecânica,Matutino,Híbrido,Brusque,6604,6.3,82.9,6.3,21,96.2,7.5,10.1,Sim,Sim,Não,8,6.9,Sim,Sim
AL03683,27,Eletromecânica,noturno ,Híbrido,Gaspar,3204,11.6,71.7,4.6,57,75.6,7.5,11.6,Sim,Não,Não,6,5.8,Não,Não
AL03684,21,Desenvolvimento de Sistemas,Noturno,Presencial,Brusque,2568,11,100,9.6,36,100,7.3,8.5,Sim,Sim,Não,6,8.9,Sim,Não
AL03685,25,Desenvolvimento de Sistemas,Matutino,Hibrido,Timbó,3189,14,54.3,7.4,31,98.2,7.1,6.3,Sim,Sim,Não,9,6.9,Não,Não
AL03686,40,Eletromecânica,Noturno,Presencial,Timbó,4933,11.1,85.5,5.8,41,99.4,7.9,14.5,Sim,Não,Não,6,7.3,Sim,Não
AL03687,16,Automação Industrial,Noturno,Híbrido,Indaial,3790,7.4,88.2,6.9,38,71.9,6.4,3.3,Sim,Não,Sim,8,5.6,Não,Não
AL03688,16,Administração,Noturno,Presencial,Timbó,4779,12.8,79,5.6,35,70.5,6.4,14,Sim,Não,Não,6,5.1,Não,Sim
AL03689,26,Automação Industrial,Matutino,Presencial,Timbó,14000,12.4,92.3,7.8,45,88.9,6.5,10.5,Sim,Sim,Não,6,7.8,Sim,Sim
AL03690,40,Desenvolvimento de Sistemas,Noturno,Presencial,Blumenau,2036,10,70.9,,25,93,5.5,20.9,Não,Não,Não,10,7.3,Não,Não
AL03691,30,Automação Industrial,Matutino,Presencial,Brusque,2064,2.7,69.3,7.7,37,91.3,6.4,4.7,Sim,Sim,Não,8,6.1,Não,Não
AL03692,33,Administração,Matutino,Presencial,Gaspar,3188,7.4,100,5.7,17,87.4,6,13.5,Sim,Sim,Não,10,6.7,Sim,Não
AL03693,19,Administração,Noturno,Presencial,Pomerode,3479,9.4,87.1,7.2,53,65.3,6.6,8.9,Sim,Não,Sim,7,6.6,Sim,Não
AL03694,30,Desenvolvimento de Sistemas,Noturno,Presencial,Timbó,3644,10.2,79.4,8.1,46,100,7.5,4.9,Sim,Não,Não,4,6.6,Sim,Não
AL03695,16,Desenvolvimento de Sistemas,Noturno,Híbrido,Pomerode,5600,13.2,75.9,4.9,40,100,7.8,9.7,Não,Sim,Sim,9,5.1,Não,Não
AL03696,23,Automação Industrial,Noturno,Presencial,Gaspar,5599,7.7,81.1,5.3,32,67,5.3,8.5,Sim,Sim,Não,7,7.2,Sim,Não
AL03697,31,Automação Industrial,Noturno,Presencial,Gaspar,5014,8.4,82.4,7.4,17,100,5,28.3,Sim,Sim,Sim,7,7,Sim,Não
AL03698,30,Eletromecânica,Matutino,Presencial,Gaspar,900,5.8,90.8,6.3,41,96.6,5.9,16.6,Sim,Sim,Não,10,6.9,Sim,Não
AL03699,21,Administração,Matutino,Presencial,Gaspar,3414,5.8,79.7,6.4,28,61.9,5.9,14.3,Sim,Sim,Não,7,5.5,Não,Não
AL03700,23,Administração,Matutino,Presencial,Timbó,1992,12.5,79.5,7.1,61,76.8,6.6,15,Sim,Sim,Não,7,6.9,Sim,Não
AL03701,16,Administração,Noturno,Presencial,Brusque,4638,6.2,90.5,5.9,16,85.6,7.2,18.9,Sim,Não,Sim,10,8.1,Sim,Não
AL03702,40,Administração,Noturno,Presencial,Gaspar,3411,7.5,94.1,3.3,26,74.4,7.3,5.3,Sim,Sim,Não,6,4.8,Não,Não
AL03703,16,Administração,Noturno,Presencial,Indaial,2752,5,96.8,5.2,46,79.1,6.2,3.7,Sim,Sim,Não,3,5.5,Não,Sim
AL03704,24,Desenvolvimento de Sistemas,Noturno,Presencial,Blumenau,4399,5,89.8,6.2,14,54.6,5.6,21,Sim,Sim,Sim,6,5.4,Não,Não
AL03705,27,Desenvolvimento de Sistemas,Noturno,Presencial,Indaial,1960,6.5,82.9,7.4,26,78.7,5.4,4.4,Sim,Sim,Não,6,7,Sim,Não
AL03706,35,Eletromecânica,Noturno,Presencial,Gaspar,1227,3.3,95.8,5.4,20,54.3,4.8,17.4,Sim,Sim,Não,7,5.2,Não,Não
AL03707,16,Eletromecânica,Noturno,Presencial,Blumenau,3072,11.2,80.4,7,34,97,7.7,2.2,Sim,Não,Não,5,7.4,Sim,Não
AL03708,40,Automação Industrial,Noturno,Presencial,Brusque,4547,6.3,79,4.7,28,75.7,5.6,3.9,Sim,Sim,Sim,9,4.7,Não,Sim
AL03709,34,Automação Industrial,Matutino,Presencial,Blumenau,2640,10.7,72.5,5.8,24,100,5.4,8.2,Sim,Sim,Sim,10,7.7,Não,Não
AL03710,18,Automação Industrial,Matutino,Presencial,Brusque,1602,10.1,70.4,5.8,22,100,7.6,16.8,Sim,Não,Não,6,6.6,Não,Não
AL03711,21,Eletromecânica,Noturno,Presencial,Blumenau,2626,8.3,85.2,6.8,48,87,6.5,11.1,Sim,Não,Não,7,6.6,Sim,Não
AL03712,23,Desenvolvimento de Sistemas,Matutino,Presencial,Gaspar,3051,7.8,69.7,6.1,34,73.1,5.4,8.6,Sim,Não,Não,9,6.3,Não,Não
AL03713,32,Eletromecânica,Matutino,Presencial,Timbó,2847,18.2,74.8,7.5,40,100,9.7,1.7,Sim,Não,Não,10,7.2,Não,Não
AL03714,16,Automação Industrial,Noturno,Presencial,Indaial,5328,13.3,97.5,5.4,42,91.3,8.9,2.7,Sim,Não,Sim,6,7.4,Sim,Não
AL03715,22,Administração,Noturno,Híbrido,Brusque,6199,10.9,100,6.5,42,100,6,5.7,Não,Não,Sim,8,7.3,Sim,Não
AL03716,28,Desenvolvimento de Sistemas,Matutino,Presencial,Gaspar,3466,7.9,91.4,6.7,30,73,7.5,22.4,Sim,Sim,Não,7,5.5,Não,Não
AL03717,35,Desenvolvimento de Sistemas,Matutino,Presencial,Brusque,3678,11.4,78.9,5.3,42,100,5.6,3.1,Sim,Não,Não,7,6.6,Sim,Não
AL03718,25,Eletromecânica,Matutino,Presencial,Blumenau,2004,10.4,64.4,5.9,34,100,5.8,5.8,Não,Sim,Não,7,6.7,Não,Sim
AL03719,18,Eletromecânica,Matutino,Híbrido,Timbó,11669,9,98.1,6.3,28,80.2,5.6,5.4,Sim,Sim,Sim,6,7.2,Sim,Não
AL03720,23,Administração,Matutino,Presencial,Indaial,3745,0.8,86.9,6.7,43,87.6,6.7,4.5,Sim,Sim,Não,8,4.7,Não,Não
AL03721,26,Eletromecânica,Noturno,Presencial,Pomerode,4214,14.3,63.7,9.8,46,96.2,5.8,2.2,Sim,Sim,Não,5,8.7,Não,Não
AL03722,26,Automação Industrial,Noturno,Presencial,Blumenau,2583,2.7,92.5,5.3,16,70.9,7.3,4.7,Sim,Sim,Não,6,5.7,Não,Não
AL03723,30,Eletromecânica,Matutino,Presencial,Blumenau,2271,12.2,83.1,6.8,40,82.6,6.7,5.5,Sim,Não,Não,6,7.5,Sim,Sim
AL03724,21,Desenvolvimento de Sistemas,Matutino,Presencial,Blumenau,2181,4.9,83.6,7,15,78.1,4.8,8.6,Sim,Sim,Não,4,7.6,Sim,Sim
AL03725,21,Desenvolvimento de Sistemas,Matutino,Híbrido,Gaspar,2135,5.5,77.8,5.3,43,96.9,4.9,8.9,Sim,Sim,Sim,8,7.3,Sim,Não
AL03726,29,Automação Industrial,Matutino,Presencial,Timbó,3838,9.9,82.8,4.5,24,83.8,6.7,4.6,Sim,Sim,Não,9,6.1,Sim,Sim
AL03727,49,Automação Industrial,Matutino,Presencial,Gaspar,3173,8.2,78.6,7,3,80.7,7,3.4,Sim,Sim,Não,9,6.2,Sim,Não
AL03728,20,Automação Industrial,Noturno,Presencial,Pomerode,1056,12,92.4,9.3,32,100,5.9,6.1,Não,Sim,Sim,9,9.6,Sim,Não
AL03729,35,Desenvolvimento de Sistemas,Matutino,Presencial,Gaspar,3298,7.5,84.1,5.5,39,88.9,7.3,5.2,Sim,Sim,Não,8,7,Sim,Não
AL03730,27,Automação Industrial,Noturno,Híbrido,Pomerode,5251,3.2,85.8,6.2,25,100,6.4,9.2,Sim,Sim,Sim,5,8.1,Sim,Não
AL03731,35,Eletromecânica,Matutino,Híbrido,Brusque,1526,10.2,70.4,8.7,18,97.2,5.5,6.3,Não,Não,Sim,4,5.8,Não,Não
AL03732,35,Eletromecânica,Matutino,Presencial,Pomerode,2016,3.4,87.8,6.4,25,78.5,5.6,14.2,Sim,Sim,Não,7,5,Não,Não
AL03733,28,Administração,Matutino,Presencial,Blumenau,2961,10.1,,8.5,33,98.8,6.1,7.6,Não,Não,Não,7,6.7,Sim,Sim
AL03734,16,Automação Industrial,Noturno,Presencial,Pomerode,1777,6.6,76.5,5.5,29,82,6.2,16.2,Sim,Sim,Não,7,5.8,Não,Não
AL03735,24,Automação Industrial,Noturno,Presencial,Pomerode,5273,5.4,68.9,6.1,39,61.6,7.1,1.6,Sim,Sim,Não,10,5.6,Não,Não
AL03736,29,Administração,Matutino,Presencial,Gaspar,4001,13.4,80.2,9.6,31,85.9,5.3,6.5,Sim,Sim,Sim,7,9.6,Sim,Não
AL03737,41,Eletromecânica,Noturno,Presencial,Indaial,1909,5.2,63.1,8.3,24,84.9,8,10.5,Sim,Sim,Não,7,7.3,Não,Não
AL03738,29,Eletromecânica,Noturno,Híbrido,Brusque,1968,11.2,84.9,6.3,51,80.9,8,22.4,Sim,Não,Não,8,7.5,Sim,Não
AL03739,31,Automação Industrial,Noturno,Presencial,Pomerode,2716,9.2,77.8,7.8,22,100,7.7,4.7,Sim,Não,Não,8,7.3,Sim,Não
AL03740,22,Administração,Noturno,Híbrido,Gaspar,906,8.5,75.6,6.4,20,66.9,6.7,8.1,Sim,Sim,Não,8,5.1,Não,Não
AL03741,41,Automação Industrial,Noturno,Presencial,Indaial,1336,6,73.9,8.3,19,72,6.9,3.5,Sim,Sim,Não,7,6.6,Não,Não
AL03742,29,Administração,Matutino,Presencial,Gaspar,1692,13.6,96.4,,34,100,5.8,4.1,Sim,Sim,Não,9,7.5,Sim,Não
AL03743,29,Automação Industrial,Matutino,Presencial,Brusque,3585,13.2,77.3,4,25,97.3,4.9,12,Sim,Sim,Sim,4,6.8,Sim,Sim
AL03744,16,Administração,Matutino,Presencial,Indaial,5782,9,77.5,5.6,38,100,7.5,6.4,Sim,Sim,Não,6,6.2,Sim,Não
AL03745,20,Eletromecânica,Noturno,Presencial,Blumenau,3971,10.8,80.7,6.9,33,83.5,6.2,4.3,Sim,Sim,Não,8,6.3,Sim,Não
AL03746,24,Desenvolvimento de Sistemas,Noturno,Presencial,Gaspar,2979,9.3,73.2,4.9,33,75.9,7,7.6,Sim,Sim,Não,8,5.8,Não,Não
AL03747,36,Eletromecânica,Matutino,Presencial,Timbó,1778,10.2,71.6,5.6,48,100,9.2,4.9,Sim,Não,Não,7,5.9,Não,Não
AL03748,21,Automação Industrial,Noturno,Presencial,Timbó,5600,18.4,79.3,5,50,82.9,5.2,16,Sim,Não,Não,9,5.9,Não,Não
AL03749,30,Eletromecânica,Matutino,Presencial,Gaspar,2662,1.9,83.9,9,32,96.6,7.3,2.9,Sim,Sim,Sim,7,6.7,Sim,Não
AL03750,36,Administração,Noturno,Presencial,Gaspar,1455,6.5,85.9,7.1,24,83.4,6.1,32.5,Sim,Sim,Sim,7,7.2,Sim,Sim
AL03751,31,Desenvolvimento de Sistemas,Noturno,Presencial,Gaspar,1243,0.3,95.4,7.1,29,57.1,4.8,9.7,Sim,Sim,Não,9,5.8,Não,Não
AL03752,34,Administração,Noturno,Híbrido,Blumenau,1785,17.1,81.6,8.8,48,89.2,8.2,12.7,Sim,Não,Não,7,7.7,Sim,Não
AL03753,28,Eletromecânica,Matutino,Presencial,Brusque,2409,7.2,99.6,7,45,98.1,6.1,7.2,Não,Sim,Sim,9,6.5,Sim,Não
AL03754,19,Administração,Matutino,Híbrido,Gaspar,4175,4.2,82.9,9.8,43,100,6.2,10.8,Sim,Sim,Não,6,6.6,Sim,Sim
AL03755,16,Eletromecânica,Noturno,Presencial,Pomerode,3927,12.4,70.1,8.1,34,100,6.1,21.3,Sim,Não,Não,8,7.3,Não,Não
AL03756,32,Desenvolvimento de Sistemas,Noturno,Presencial,Gaspar,2697,10.9,80.9,6.6,41,92.4,6.1,2.2,Sim,Sim,Não,8,6.3,Sim,Não
AL03757,31,Administração,Matutino,Presencial,Blumenau,900,8.6,71.7,8.6,42,65.7,5.8,1.7,Sim,Sim,Não,5,5.5,Não,Não
AL03758,24,Administração,Matutino,Presencial,Indaial,9667,7.5,59,5.9,14,79.5,6.4,6.6,Sim,Não,Não,6,5.7,Não,Não
AL03759,34,Administração,Noturno,Presencial,Timbó,5196,6.4,96,5.3,27,94.5,6.6,8.1,Sim,Sim,Não,10,5.1,Não,Não
AL03760,31,Automação Industrial,Matutino,Presencial,Indaial,2243,6.8,85.8,8.7,31,53.6,5.7,7.4,Sim,Sim,Não,8,6.8,Sim,Sim
AL03761,18,Desenvolvimento de Sistemas,Matutino,Presencial,Indaial,3338,2.4,89.6,6.6,24,100,5.4,18.7,Sim,Não,Não,6,7.9,Sim,Não
AL03762,22,Administração,Matutino,Presencial,Gaspar,4810,7.5,94.7,4.3,28,76.6,9.3,3.7,Sim,Não,Não,6,4.7,Não,Não
AL03763,16,Automação Industrial,Matutino,Presencial,Indaial,2743,17.3,89.3,7.2,41,100,8.4,9,Sim,Não,Não,9,6.9,Sim,Não
AL03764,39,Administração,Matutino,Presencial,Blumenau,2377,13,90.4,7.3,62,100,6.9,3.3,Sim,Sim,Não,8,7.2,Sim,Não
AL03765,16,Automação Industrial,Matutino,Híbrido,Timbó,2765,10.4,97.9,5.3,48,93.7,7.6,4.6,Não,Não,Não,6,5.7,Não,Não
AL03766,16,Desenvolvimento de Sistemas,Noturno,Presencial,Pomerode,1335,11.4,83.9,6,78,62,6,4.8,Sim,Não,Não,6,6.7,Sim,Não
AL03767,18,Administração,Noturno,Presencial,Brusque,3839,6.2,77.5,3.6,30,100,6.4,4.4,Sim,Sim,Não,6,7.4,Sim,Não
AL03768,16,Administração,Matutino,Presencial,Brusque,1927,2.5,78.7,8.1,27,78.5,5.4,6.2,Não,Sim,Não,7,5.7,Não,Não
AL03769,25,Eletromecânica,Noturno,Presencial,Indaial,3891,4.3,78,6.4,33,80,6.2,7.7,Sim,Sim,Não,10,4.7,Não,Não
AL03770,24,Desenvolvimento de Sistemas,Matutino,Presencial,Brusque,2910,16.5,77.8,5.9,44,100,4.9,5.6,Sim,Sim,Sim,10,7.6,Sim,Não
AL03771,16,Automação Industrial,Matutino,Presencial,Timbó,2962,11.4,100,5.2,53,100,6.9,7.9,Não,Não,Sim,9,7.7,Sim,Não
AL03772,16,Automação Industrial,Noturno,Presencial,Timbó,3469,4.8,98.3,7.2,31,84.7,9.5,27.7,Sim,Não,Não,9,6.1,Sim,Não
AL03773,29,Desenvolvimento de Sistemas,Matutino,Presencial,Brusque,1440,13.7,76.1,6.4,34,72,8,2.3,Sim,Não,Não,7,6.2,Sim,Não
AL03774,22,Automação Industrial,Matutino,Presencial,Timbó,2513,3,96.4,7.7,42,64.3,6.1,10.3,Sim,Sim,Não,5,5.8,Não,Sim
AL03775,27,Administração,Noturno,Presencial,Gaspar,6341,10.5,74.1,6.6,59,100,4.7,7.9,Sim,Sim,Sim,7,8.4,Não,Sim
AL03776,33,Administração,Noturno,Presencial,Gaspar,5029,3.9,97.3,7.5,40,88.2,6.2,7.2,Não,Sim,Não,9,6.8,Sim,Não
AL03777,25,Administração,Noturno,Híbrido,Blumenau,2514,6.4,74.9,5.1,54,94.4,4.6,7.6,Sim,Sim,Não,6,6.2,Não,Não
AL03778,38,Eletromecânica,Noturno,Presencial,Indaial,4826,7.7,74.9,6.3,30,78.1,7.3,2.5,Sim,Não,Não,7,7,Não,Não
AL03779,31,Desenvolvimento de Sistemas,Matutino,Presencial,Pomerode,3091,9.8,84.6,8,36,91.2,5.4,11.9,Sim,Sim,Não,10,8.4,Sim,Não
AL03780,36,Eletromecânica,Matutino,Presencial,Timbó,2837,17.4,67.2,5.2,24,91.7,6.8,2.4,Sim,Sim,Não,8,5.6,Não,Sim
AL03781,26,Eletromecânica,Noturno,Híbrido,Gaspar,2878,12.1,78.4,3.1,36,100,7,9.6,Sim,Sim,Não,7,5.3,Não,Não
AL03782,30,Administração,Matutino,Presencial,Gaspar,6848,5.8,,7.8,22,100,5.2,18.4,Sim,Sim,Sim,10,6.8,Sim,Não
AL03783,28,Eletromecânica,Noturno,Presencial,Gaspar,2117,9.2,75.3,9.1,37,69.9,6.9,5.6,Sim,Não,Sim,5,6.5,Sim,Não
AL03784,17,Desenvolvimento de Sistemas,Noturno,Presencial,Blumenau,951,10.6,75.8,5.4,54,100,6.3,7.8,Sim,Não,Não,6,6.8,Sim,Não
AL03785,28,Administração,Noturno,Presencial,Brusque,2693,9.5,75.9,4.6,6,100,8.1,16,Sim,Não,Não,7,6.5,Sim,Não
AL03786,16,Eletromecânica,Noturno,Presencial,Gaspar,1942,10,88.9,5.5,57,94.8,5.4,2.6,Sim,Não,Não,9,5.9,Não,Não
AL03787,16,Eletromecânica,Matutino,Presencial,Blumenau,10361,10.8,88.3,5.4,16,100,5.6,12.9,Sim,Não,Sim,6,7.5,Sim,Não
AL03788,38,Desenvolvimento de Sistemas,Noturno,Presencial,Pomerode,1877,5.3,69.7,4,27,78.9,7.2,5.8,Não,Sim,Não,8,4.1,Não,Sim
AL03789,25,Administração,Noturno,Presencial,Brusque,1985,8.7,68.1,5.6,33,90,5.3,1.8,Sim,Não,Sim,8,6.1,Não,Não
AL03790,23,Eletromecânica,Matutino,Híbrido,Indaial,3330,10.8,87.1,4.4,40,94.7,5.9,19.4,Sim,Sim,Não,6,7.3,Sim,Não
AL03791,16,Eletromecânica,Noturno,Presencial,Pomerode,3762,7.5,89.7,5.7,42,70.6,6.5,14.7,Sim,Não,Não,8,5.9,Não,Não
AL03792,25,Administração,Matutino,Presencial,Pomerode,3400,7.7,90.3,8.4,37,86.2,5.8,10.2,Sim,Sim,Não,7,9.6,Sim,Não
AL03793,18,Automação Industrial,Matutino,Presencial,Brusque,6215,10.6,74.2,,44,63.3,7.4,13.5,Sim,Não,Não,5,5.6,Não,Não
AL03794,25,Administração,Noturno,Híbrido,Blumenau,3125,10.5,99.1,8,50,75.2,9.3,2.5,Sim,Não,Não,4,8.7,Sim,Não
AL03795,38,Administração,Noturno,Presencial,Brusque,1361,15.6,79.8,3.6,35,87.6,8.8,7.4,Não,Não,Não,6,6.4,Sim,Não
AL03796,38,Desenvolvimento de Sistemas,Matutino,Presencial,Gaspar,1553,13.7,73.3,7,50,100,6.5,7,Sim,Sim,Não,7,7.2,Não,Não
AL03797,25,Eletromecânica,Noturno,Presencial,Brusque,,16.3,78.9,8.4,42,98.2,7.6,5.8,Sim,Sim,Sim,7,8,Sim,Não
AL03798,16,Desenvolvimento de Sistemas,Noturno,Presencial,Brusque,2228,7.7,85.4,5.7,48,79.2,6.4,7.2,Não,Sim,Não,7,5.7,Não,Não
AL03799,22,desenv. sistemas,Matutino,Presencial,Brusque,4473,8.2,77.7,4.8,52,88.2,6,4.4,Sim,Sim,Sim,7,5,Não,Não
AL03800,40,Administração,Noturno,Híbrido,Indaial,,10.1,89.6,5.9,29,73,5.5,5.1,Sim,Não,Não,9,6.2,Sim,Sim
AL03801,32,Eletromecânica,Matutino,Híbrido,Brusque,4229,3.8,98.6,6.2,17,88,8.8,6.4,Sim,Não,Não,3,6.8,Sim,Não
AL03802,25,Automação Industrial,Matutino,Presencial,Indaial,2161,5.1,76.3,8.2,12,82.2,7.2,2.2,Não,Sim,Sim,8,7.6,Sim,Não
AL03803,17,Eletromecânica,Noturno,Presencial,Timbó,1632,15.2,90.4,6.6,50,100,7.6,32.6,Sim,Não,Sim,5,6.9,Sim,Não
AL03804,31,Eletromecânica,Noturno,Presencial,Pomerode,2013,5.1,97,9.2,43,86.4,6.8,5.5,Sim,Sim,Não,7,7.7,Sim,Não
AL03805,20,Desenvolvimento de Sistemas,Matutino,Presencial,Brusque,2423,14.1,98,7.5,56,71.3,8.2,26.2,Não,Não,Não,7,7,Sim,Não
AL03806,35,Eletromecânica,Matutino,Presencial,Timbó,1465,16.6,96.5,4.8,37,100,8.2,17.4,Sim,Não,Não,8,7.2,Sim,Não
AL03807,17,Desenvolvimento de Sistemas,Noturno,Presencial,Gaspar,1950,5.5,100,7.2,24,75.9,6.5,4.3,Sim,Sim,Não,9,6.9,Sim,Não
AL03808,27,Administração,Matutino,Presencial,Brusque,8728,16.2,75,6.9,47,98.1,7.8,2.2,Sim,Não,Não,5,8,Sim,Não
AL03809,28,Administração,Noturno,Presencial,Indaial,4401,10.7,75.3,4.5,27,100,7,5.6,Sim,Sim,Não,8,6.2,Sim,Não
AL03810,29,Automação Industrial,Noturno,Presencial,Pomerode,1462,5.3,79.3,8.7,34,59.3,6.4,4.9,Sim,Sim,Não,7,5.4,Não,Não
AL03811,32,Automação Industrial,Matutino,Presencial,Blumenau,3119,7.6,93.2,6.9,26,100,6.8,10.6,Sim,Sim,Sim,5,7.2,Sim,Não
AL03812,31,Automação Industrial,Noturno,Híbrido,Timbó,1186,13.6,77.8,6.1,30,90.3,9.5,3.4,Não,Não,Não,5,5.7,Não,Não
AL03813,30,Administração,Matutino,Presencial,Blumenau,3756,2.4,,5.8,52,65.5,6.3,17.6,Sim,Sim,Sim,7,5.7,Não,Não
AL03814,27,Desenvolvimento de Sistemas,Noturno,Presencial,Blumenau,2010,7.5,71.5,4.4,23,91.4,7.2,8,Não,Sim,Sim,9,5.6,Não,Sim
AL03815,22,Administração,Matutino,Presencial,Brusque,3761,5.6,,5.9,26,58.6,7.6,26.5,Sim,Não,Não,5,6,Não,Não
AL03816,29,Desenvolvimento de Sistemas,Noturno,Presencial,Brusque,2816,4.2,76.7,5.9,27,80.9,5.7,4.9,Sim,Sim,Não,5,6,Sim,Não
AL03817,24,Desenvolvimento de Sistemas,Matutino,Presencial,Pomerode,6019,14.8,87.3,6.2,35,87.6,8.3,11.4,Sim,Não,Sim,9,6.3,Sim,Não
AL03818,23,Administração,Matutino,Presencial,Blumenau,3127,5.2,63,7,50,93.1,3.5,2,SIM,Sim,Não,7,5.7,Não,Não
AL03819,25,Desenvolvimento de Sistemas,Noturno,Híbrido,Timbó,3738,12.8,56.1,4.3,56,71.9,6.9,5.4,Sim,Sim,Sim,7,6.7,Não,Não
AL03820,33,Desenvolvimento de Sistemas,Matutino,Presencial,Brusque,,11.7,72.1,5.3,32,83.2,6.5,4.1,Não,Não,Não,5,7.1,Não,Não
AL03821,27,Administração,Matutino,Presencial,Timbó,7372,4.2,79.2,4.1,22,53,5.2,2.5,Sim,Sim,Não,6,4.2,Não,Sim
AL03822,20,Administração,Matutino,Presencial,Blumenau,7503,4.2,74,8.6,44,79.8,7,40,Sim,Sim,Sim,5,7.5,Não,Não
AL03823,35,Desenvolvimento de Sistemas,Noturno,Presencial,Pomerode,2478,6.5,78.5,8.5,54,73.9,6.7,10.4,Sim,Sim,Não,9,6.3,Sim,Não
AL03824,16,Automação Industrial,Noturno,Presencial,Blumenau,3355,6.5,76,7.6,27,85.1,5.3,5.2,Sim,Sim,Não,8,6.6,Sim,Sim
AL03825,35,Desenvolvimento de Sistemas,Matutino,Presencial,Pomerode,6888,0.3,72.7,5.9,11,65.5,6,14,Sim,Sim,Não,7,4.7,Não,Não
AL03826,22,Eletromecânica,Matutino,Presencial,Blumenau,7062,9.6,82.5,7.7,39,76.7,8.5,17.4,Sim,Sim,Não,6,7.9,Sim,Não
AL03827,24,Eletromecânica,Noturno,Híbrido,Indaial,5000,6.2,100,4.3,38,84.3,5.5,7.3,Sim,Sim,Não,8,6.5,Sim,Sim
AL03828,32,Desenvolvimento de Sistemas,Noturno,Presencial,Timbó,3167,11.1,78.3,7.4,54,78.3,7.8,9,Sim,Não,Não,8,6.7,Sim,Não
AL03829,29,Eletromecânica,Matutino,Presencial,Pomerode,5133,10,67.6,6.9,23,84.6,7.9,8.6,Sim,Não,Não,9,6.4,Não,Não
AL03830,30,Eletromecânica,Noturno,Presencial,Blumenau,1438,6.7,79.3,,44,97.3,7.3,3,Sim,Sim,Sim,8,9.2,Sim,Não
AL03831,41,Automação Industrial,Noturno,Presencial,Brusque,4465,7.9,82.9,7.8,44,89.4,5.6,7.2,Sim,Sim,Não,3,7.9,Sim,Não
AL03832,23,Automação Industrial,Noturno,Presencial,Pomerode,2500,5.9,66.5,5.2,31,95.2,6.2,6.2,Não,Sim,Não,9,5.7,Não,Sim
AL03833,16,Administração,Noturno,Presencial,Indaial,1619,12.7,52.9,5.6,25,89.7,8,6.2,Sim,Não,Não,5,5.9,Não,Sim
AL03834,25,Administração,Matutino,Presencial,Blumenau,2449,8.5,62,8.3,52,88.1,7.2,1.9,Sim,Sim,Não,5,6.9,Não,Sim
AL03835,22,Administração,Matutino,Presencial,Pomerode,3723,12.4,83,6,55,100,6.1,7.4,Sim,Não,Não,6,7.9,Sim,Não
AL03836,16,Eletromecânica,Matutino,Presencial,Pomerode,3322,14.5,74.3,5.9,25,100,7.3,1.7,Sim,Não,Não,5,8.1,Não,Sim
AL03837,16,Desenvolvimento de Sistemas,Matutino,Presencial,Brusque,2417,16.7,84.3,7.3,51,89.5,5.8,4.5,Sim,Não,Não,,8,Sim,Não
AL03838,32,Automação Industrial,Matutino,Presencial,Timbó,1905,9,97.1,6.7,35,84.6,7.2,3.7,Sim,Sim,Não,7,7,Sim,Não
AL03839,33,Eletromecânica,Matutino,Presencial,Pomerode,1361,14.3,97,8.1,46,96.7,6.7,4.7,Sim,Não,Não,4,8.7,Sim,Não
AL03840,20,Automação Industrial,Noturno,Presencial,Gaspar,1701,3.8,79.3,6.4,38,70.4,6.5,5.7,Não,Sim,Não,7,6.4,Sim,Não
AL03841,21,Eletromecânica,Noturno,Híbrido,Pomerode,2415,5.8,67.6,6.4,22,84,5.9,5.7,Não,Sim,Não,5,6.3,Não,Sim
AL03842,18,Administração,Matutino,Presencial,Brusque,3377,5.1,97.6,7.9,14,69.6,6.6,4.9,Sim,Não,Sim,10,7.5,Sim,Não
AL03843,22,Automação Industrial,Matutino,Híbrido,Indaial,11012,7,95.1,6.7,40,66.5,7.1,6.7,Sim,Não,Não,8,6.2,Sim,Não
AL03844,27,Automação Industrial,Noturno,Presencial,Pomerode,2212,10.3,63.8,7.5,44,83.5,4.3,18.4,Sim,Sim,Sim,6,7.1,Não,Sim
AL03845,16,Desenvolvimento de Sistemas,Noturno,Presencial,Blumenau,3771,2.4,64.5,5.3,42,92.1,6.1,3.9,Sim,Sim,Não,5,6.1,Não,Não
AL03846,20,Administração,Noturno,Presencial,Indaial,5681,3.9,81,9.6,18,97.2,6.1,10.9,Não,Sim,Não,8,6.4,Sim,Sim
AL03847,16,Automação Industrial,Noturno,Híbrido,Indaial,2291,15.7,79.9,6.6,37,100,5.2,1.2,Sim,Sim,Sim,7,8.2,Sim,Não
AL03848,27,Eletromecânica,Noturno,Presencial,Pomerode,6041,2.6,100,8.9,36,80.1,5.7,27.2,Sim,Sim,Sim,6,8.9,Sim,Não
AL03849,29,Eletromecânica,Noturno,Presencial,Timbó,1928,1.2,87.6,6,29,84.5,5.8,7,Não,Sim,Não,10,4.8,Não,Não
AL03850,24,Administração,Noturno,Presencial,Timbó,3416,15.7,85.8,5.2,24,100,8.8,6.7,Sim,Não,Sim,5,7.1,Sim,Não
AL03851,38,Administração,Noturno,Presencial,Gaspar,5406,11.7,73,8.6,51,88.7,8.1,11.8,Sim,Sim,Não,8,9,Não,Sim
AL03852,19,Administração,Matutino,Presencial,Indaial,4150,16.3,97.8,7.2,40,96.1,7.2,6.9,Sim,Não,Não,8,7.9,Sim,Não
AL03853,40,Administração,Noturno,Híbrido,Blumenau,3399,7,80.4,6.5,24,89.8,6.8,4.3,Não,Sim,Não,9,6.6,Sim,Não
AL03854,29,Automação Industrial,Matutino,Presencial,Gaspar,2056,16,87.3,8.1,57,98.1,7.7,2.1,Sim,Sim,Não,10,8.1,Sim,Não
AL03855,24,Desenvolvimento de Sistemas,Noturno,Híbrido,Indaial,2042,8.6,99.5,7.6,24,67,5.7,4.9,Sim,Sim,Não,10,7.3,Sim,Não
AL03856,20,Administração,Noturno,Presencial,Gaspar,3684,13.4,95.7,7.1,36,100,7.8,5.9,Sim,Não,Não,8,5.9,Não,Não
AL03857,37,Administração,Matutino,Híbrido,Brusque,2335,5.7,82.5,6.7,16,100,7.9,2.8,Sim,Sim,Não,7,8.1,Sim,Não
AL03858,31,Desenvolvimento de Sistemas,Noturno,Presencial,Blumenau,2685,6.1,77,7,59,92.5,6.7,4.9,Sim,Sim,Não,8,6.1,Sim,Não
AL03859,38,Automação Industrial,Matutino,Presencial,Brusque,6070,5.3,,3.8,37,100,6.6,6.8,Sim,Sim,Sim,6,6.6,Sim,Não
AL03860,29,Eletromecânica,Matutino,Presencial,Gaspar,6350,11,90.7,6.9,7,57.3,4.9,5.3,Sim,Sim,Não,7,6.5,Sim,Não
AL03861,20,Desenvolvimento de Sistemas,Noturno,Presencial,Blumenau,1880,9.3,68.8,9.4,47,95.2,6.4,17,Sim,Não,Sim,7,9,Não,Não
AL03862,49,Desenvolvimento de Sistemas,Noturno,Híbrido,Indaial,4313,13.7,76.7,8.2,35,100,7.9,8.9,Sim,Sim,Sim,7,8.2,Sim,Não
AL03863,16,Desenvolvimento de Sistemas,Matutino,Híbrido,Indaial,3097,9.1,76.2,7.6,33,100,8.8,12,Sim,Sim,Sim,7,6.1,Sim,Não
AL03864,16,Administração,Matutino,Híbrido,Brusque,1608,13.6,66.6,4.9,43,98.5,7.1,12.8,Sim,Não,Não,10,6,Não,Não
AL03865,29,Desenvolvimento de Sistemas,Noturno,Presencial,Timbó,1060,13,,4.6,37,98.8,5.7,2.5,Sim,Não,Não,7,6.8,Sim,Não
AL03866,30,Desenvolvimento de Sistemas,Noturno,Presencial,Timbó,8112,2.1,94.9,5.5,15,99.1,8.4,7.7,Sim,Não,Não,7,7,Sim,Não
AL03867,27,Desenvolvimento de Sistemas,Noturno,Presencial,Indaial,2115,5.7,87.9,5.6,55,100,6.4,14.5,Sim,Sim,Sim,4,6,Sim,Sim
AL03868,35,Eletromecânica,Noturno,Presencial,Brusque,2513,13,78.5,5.6,32,100,8.4,5.3,Sim,Sim,Não,7,6.8,Sim,Não
AL03869,18,Administração,Matutino,Presencial,Timbó,4708,12.8,65.4,9,54,97.7,9,9.4,Sim,Não,Não,9,7.4,Não,Não
AL03870,25,Desenvolvimento de Sistemas,Noturno,Presencial,Blumenau,1689,7.2,90.7,4.9,41,94,6.8,9.5,Sim,Sim,Não,7,4.2,Não,Não
AL03871,16,Eletromecânica,Matutino,Presencial,Gaspar,2860,6.3,86.2,4.3,24,100,8.1,7.9,Sim,Sim,Não,6,6.6,Sim,Não
AL03872,35,Automação Industrial,Noturno,Híbrido,Pomerode,4245,10.8,82.8,6.6,40,93.4,7.6,3.7,Sim,Sim,Não,7,7.3,Sim,Não
AL03873,16,Desenvolvimento de Sistemas,Noturno,Presencial,Timbó,3477,13.3,74.7,10,65,90.9,6.3,3.2,Sim,Não,Não,10,7.9,Não,Não
AL03874,22,Eletromecânica,Matutino,Presencial,Gaspar,4003,10.1,81.9,7.4,27,97,7.8,4.8,Sim,Sim,Sim,9,6.3,Sim,Não
AL03875,23,Desenvolvimento de Sistemas,Matutino,Presencial,Gaspar,1174,11.3,85.4,6.1,33,100,8.1,5.9,Sim,Não,Não,5,7.2,Sim,Não
AL03876,16,Administração,Noturno,Presencial,Indaial,,11.9,87.1,6.2,34,97.2,5.3,7.8,Sim,Não,Não,9,7,Sim,Não
AL03877,39,Desenvolvimento de Sistemas,Noturno,Presencial,Timbó,4699,12.3,88.1,5.7,52,80.4,4.7,11.9,Sim,Sim,Sim,9,5.7,Não,Não
AL03878,29,Eletromecânica,Noturno,Presencial,Brusque,4148,12.7,86,5.8,31,79.4,5.2,3,Sim,Sim,Não,9,7.4,Sim,Não
AL03879,31,Desenvolvimento de Sistemas,Noturno,Híbrido,Indaial,2931,13.2,81.5,8.1,44,79.1,5.5,12.4,Sim,Sim,Sim,9,6.1,Sim,Sim
AL03880,19,Desenvolvimento de Sistemas,Matutino,Presencial,Timbó,5490,12.9,92.2,4.4,58,89.5,9.6,8.3,Sim,Não,Não,6,5.9,Não,Não
AL03881,16,Automação Industrial,Matutino,Presencial,Pomerode,3454,2.7,72.1,6.8,19,66.3,7.5,14.9,Sim,Sim,Sim,,6,Não,Não
AL03882,30,Automação Industrial,Matutino,Presencial,Indaial,1227,0,92.4,8.2,40,46.4,6.8,9.2,Sim,Sim,Sim,10,6.5,Sim,Não
AL03883,16,Eletromecânica,Matutino,Presencial,Pomerode,9416,9.9,83.5,6.4,66,79,7.3,22.2,Sim,Sim,Não,7,7,Sim,Sim
AL03884,31,Eletromecânica,Noturno,Presencial,Brusque,2842,15.4,68.5,9.3,41,91,7.4,4.1,Sim,Sim,Não,6,7.8,Não,Não
AL03885,22,Eletromecânica,Matutino,Presencial,Brusque,3199,9.5,63.2,4.6,23,100,8.4,4.8,Sim,Sim,Não,10,7.6,Não,Sim
AL03886,32,Automação Industrial,Noturno,Presencial,Blumenau,3444,7.2,99,6.5,17,94.4,6.6,15,Sim,Sim,Não,6,7.4,Sim,Não
AL03887,18,Automação Industrial,Noturno,Presencial,Indaial,2281,6.9,73.5,7.1,33,96.6,6.7,14.8,Sim,Sim,Sim,6,7,Não,Não
AL03888,22,Automação Industrial,Matutino,Presencial,Indaial,4727,3.8,89.7,5.3,41,81.9,6.5,9.5,Sim,Sim,Sim,10,6.5,Sim,Não
AL03889,24,Eletromecânica,Matutino,Presencial,Timbó,1091,11.6,79.8,7,34,83.8,5.3,10.8,Não,Não,Sim,8,6.9,Sim,Não
AL03890,40,Desenvolvimento de Sistemas,Matutino,Presencial,Timbó,900,6.9,74.7,7.5,52,67.4,5.9,21.2,Sim,Sim,Não,6,6,Não,Não
AL03891,36,Administração,Matutino,Presencial,Gaspar,5658,1.3,100,7.7,28,57.4,5.7,3.9,Sim,nao,Não,7,6.1,Sim,Não
AL03892,16,Automação Industrial,Noturno,Híbrido,Indaial,1500,14.9,82.1,9.2,41,85.8,6.7,7,Não,Não,Não,6,7.5,Sim,Não
AL03893,24,Administração,Matutino,Presencial,Blumenau,1966,10.3,92.1,6,40,97.1,8.2,7.5,Não,Sim,Não,5,6.2,Sim,Sim
AL03894,16,Administração,Noturno,Híbrido,Indaial,6950,5.5,60.7,7.7,28,100,8,2.5,Sim,Não,Não,10,6.8,Não,Não
AL03895,18,Administração,Noturno,Presencial,Indaial,6070,14,79.9,4.7,42,100,7.9,10.4,Sim,Não,Sim,7,7.4,Sim,Não
AL03896,19,Automação Industrial,Matutino,Híbrido,Indaial,2355,5.7,65.3,5.1,30,65.7,8.1,13.1,Não,Não,Não,8,5,Não,Sim
AL03897,20,Administração,Matutino,Presencial,Pomerode,1604,9.7,88.7,8.2,27,81.9,6.7,1.8,Sim,Não,Não,7,7.6,Sim,Não
AL03898,21,Desenvolvimento de Sistemas,Matutino,Presencial,Blumenau,4014,11.6,94.5,8.8,43,88.4,6.6,5.2,Sim,Não,Não,6,7.5,Sim,Não
AL03899,35,Desenvolvimento de Sistemas,Matutino,Híbrido,Timbó,2507,8,95.7,6.3,61,94.2,6.9,10.2,Não,Sim,Sim,7,7.3,Sim,Não
AL03900,29,Eletromecânica,Noturno,Presencial,Indaial,3668,11.1,74.1,6.7,58,88.5,7.9,6.9,Sim,Não,Não,9,6.2,Não,Não
AL03901,20,Desenvolvimento de Sistemas,Noturno,Presencial,Brusque,3616,12.5,80.3,6.8,49,89.3,5.7,4.1,Sim,Sim,Não,5,5.9,Não,Sim
AL03902,25,Eletromecânica,Noturno,Híbrido,Timbó,2713,15.2,89.3,9.2,41,100,7.2,22,Não,Não,Não,8,8.1,Sim,Não
AL03903,36,Automação Industrial,Noturno,Híbrido,Gaspar,4006,11,86.6,7,47,100,5.3,13.5,Sim,Não,Sim,9,7.5,Sim,Não
AL03904,16,Desenvolvimento de Sistemas,Noturno,Híbrido,Gaspar,3141,12.1,96.2,8.4,46,100,7.9,2.1,Sim,Não,Não,7,7.2,Sim,Não
AL03905,16,Automação Industrial,Noturno,Presencial,Pomerode,1951,9.9,79.3,6.3,25,78,6.6,5.4,Não,Não,Não,7,5.6,Não,Não
AL03906,22,Desenvolvimento de Sistemas,Matutino,Presencial,Brusque,3005,5.8,70.4,7.3,31,84.3,8.1,6.8,Sim,Sim,Não,7,5.8,Não,Não
AL03907,25,Administração,Noturno,Presencial,Pomerode,1763,5.6,80.5,5.2,23,72.4,6.3,8.4,Sim,Sim,Não,5,6.1,Sim,Não
AL03908,34,Administração,Noturno,Presencial,Pomerode,5719,9.3,77.3,4.8,49,96.2,5.1,8.6,Sim,Sim,Não,7,6.6,Sim,Sim
AL03909,29,Eletromecânica,Matutino,Presencial,Timbó,2910,1.5,67.9,6.1,20,68.8,7.5,11.7,Sim,Sim,Não,10,5.1,Não,Não
AL03910,17,Desenvolvimento de Sistemas,Matutino,Presencial,Pomerode,14000,4,84.9,5.3,23,93.8,5.8,8.4,Sim,Sim,Não,7,6.4,Sim,Não
AL03911,23,Eletromecânica,Matutino,Híbrido,Pomerode,6855,4.2,78.7,7.8,33,89.6,7,10,Sim,Sim,Não,8,6.9,Sim,Não
AL03912,16,Desenvolvimento de Sistemas,Matutino,Presencial,Gaspar,4601,13.7,73.8,5.3,40,87.2,7.9,5,Sim,Não,Não,7,5.9,Não,Não
AL03913,36,Eletromecânica,Matutino,Presencial,Blumenau,4575,0,68.1,7.8,3,59.4,4.7,7.6,Não,Sim,Não,6,3.4,Não,Sim
AL03914,30,Automação Industrial,Noturno,Presencial,Blumenau,2624,5.8,78.4,7.5,42,95,7.5,9.1,Não,Sim,Não,6,6.7,Sim,Não
AL03915,16,Administração,Matutino,Presencial,Pomerode,2493,7.5,88.8,5.9,29,93.9,8.3,11.4,Não,Não,Não,8,7.6,Sim,Não
AL03916,38,Administração,Matutino,Híbrido,Pomerode,8982,6,80.9,4.8,43,67.1,6.2,10,Sim,Sim,Não,3,4.6,Não,Sim
AL03917,18,Automação Industrial,Noturno,Presencial,Timbó,1254,14.2,87.1,7.5,30,89.8,7.1,17.5,Não,Não,Sim,8,7.5,Sim,Sim
AL03918,27,Desenvolvimento de Sistemas,Noturno,Presencial,Pomerode,2430,14,89.8,6.4,48,100,7.6,7.5,Sim,Sim,Sim,8,9.1,Sim,Não
AL03919,45,Automação Industrial,Noturno,Presencial,Timbó,1358,0,82.1,7.6,31,51,4.6,7.5,Não,Sim,Sim,9,5.7,Não,Não
AL03920,31,Desenvolvimento de Sistemas,Noturno,Presencial,Pomerode,3120,2,88.3,6.6,16,69.4,5,3.8,Sim,Sim,Não,8,6,Sim,Sim
AL03921,38,Eletromecânica,Noturno,Presencial,Gaspar,5709,0.3,73.7,5.2,37,78.6,6.9,3,Sim,Sim,Não,9,5.3,Não,Não
AL03922,44,Desenvolvimento de Sistemas,Matutino,Presencial,Timbó,3036,8.4,100,7.5,33,82.8,6.3,6.7,Não,Não,Sim,8,7,Sim,Não
AL03923,16,Automação Industrial,Matutino,Presencial,Blumenau,1569,4.3,70.2,6.9,44,83.9,7.3,11.1,Não,Não,Não,8,5.2,Não,Não
AL03924,30,Desenvolvimento de Sistemas,Matutino,Híbrido,Gaspar,1494,12.3,100,4.4,31,100,4.9,3.1,Sim,Não,Não,9,6.9,Sim,Não
AL03925,37,Administração,Matutino,Presencial,Blumenau,2712,8.7,76.9,5.6,48,78.5,6.8,2.7,Não,Sim,Não,8,5.6,Não,Não
AL03926,16,Administração,Noturno,Presencial,Timbó,4922,11.1,75.5,7,40,76.4,8,16.5,Sim,Não,Não,8,6.3,Sim,Não
AL03927,36,Administração,Noturno,Híbrido,Timbó,8782,18,77.5,5.7,55,100,5.7,3.8,Sim,Não,Sim,6,7.4,Sim,Não
AL03928,25,Desenvolvimento de Sistemas,Noturno,Presencial,Timbó,3555,6,76.4,5.2,42,75.5,6.7,6.4,Sim,Não,Não,8,6.2,Sim,Não
AL03929,37,Eletromecânica,Matutino,Presencial,Blumenau,3421,10.9,75.4,5.1,46,99.4,5.2,12.2,Sim,Sim,Não,9,5.9,Não,Não
AL03930,26,Desenvolvimento de Sistemas,Matutino,Presencial,Pomerode,3522,7.9,76.5,6.4,37,94.5,8.4,2.4,Sim,Não,Não,8,5.6,Não,Sim
AL03931,34,Desenvolvimento de Sistemas,Noturno,Híbrido,Pomerode,4384,9.3,84.2,5.9,36,92.7,9,9.2,Sim,Sim,Sim,9,7,Sim,Sim
AL03932,44,Desenvolvimento de Sistemas,Matutino,Híbrido,Indaial,3040,17,88.8,10,40,93,6.7,14,Sim,Não,Não,8,9.4,Sim,Sim
AL03933,35,Automação Industrial,Matutino,Presencial,Gaspar,2624,6.8,73.9,5,50,82.2,5.5,5.2,Não,Sim,Não,8,5.3,Não,Não
AL03934,27,Eletromecânica,Noturno,Presencial,Blumenau,6574,9.1,65.5,6.4,57,100,6.5,13.8,Sim,Sim,Não,7,7.4,Não,Sim
AL03935,16,Desenvolvimento de Sistemas,Matutino,Presencial,Pomerode,2490,4.7,99.4,6.3,18,69.4,6.6,23.1,Sim,Sim,Não,5,5.4,Não,Sim
AL03936,29,Eletromecânica,Matutino,Presencial,Indaial,1803,5.9,72.8,9.1,27,73.1,6.3,7.6,Sim,Sim,Não,9,7.4,Não,Sim
AL03937,16,Administração,Noturno,Presencial,Timbó,5238,8.6,90,6,22,91.7,6.3,21,Sim,Não,Sim,10,7.4,Sim,Não
AL03938,16,Automação Industrial,Matutino,Presencial,Timbó,5595,15.6,90.9,5.2,51,98.6,5.4,4.3,Sim,Não,Não,6,6.9,Sim,Não
AL03939,25,Automação Industrial,Noturno,Presencial,Blumenau,3144,5.8,79.5,4.9,18,81,3.5,3,Sim,Sim,Não,5,4.8,Não,Sim
AL03940,19,Administração,Matutino,Presencial,Timbó,3183,15.8,73.5,5.4,49,73.5,9.9,8.6,Sim,Não,Não,6,6.1,Não,Não
AL03941,17,Administração,Matutino,Presencial,Blumenau,2519,11.3,69.7,5.4,68,79,4.6,12.1,Sim,Sim,Sim,10,5.3,Não,Não
AL03942,24,Administração,Noturno,Híbrido,Brusque,2813,14.7,63.1,8.4,59,100,6.3,4.4,Sim,Sim,Sim,7,7.6,Não,Sim
AL03943,23,Automação Industrial,Matutino,Presencial,Pomerode,2692,8.6,91.8,8.9,25,55.3,6.1,18.7,Sim,Sim,Sim,8,6.2,Sim,Não
AL03944,16,Automação Industrial,Matutino,Presencial,Brusque,4812,15.5,83.5,4.5,25,89.9,8,5.7,Não,Sim,Sim,7,6.9,Sim,Não
AL03945,20,Automação Industrial,Noturno,Presencial,Timbó,1908,7.4,74.7,5.6,67,100,8.5,2.6,Sim,Não,Sim,9,6.8,Não,Não
AL03946,24,Administração,noturno ,Presencial,Pomerode,3610,17.3,97.4,5.5,45,79.9,5.3,10.1,Sim,Sim,Não,8,9.1,Sim,Não
AL03947,22,Eletromecânica,Noturno,Híbrido,Timbó,2652,7.9,75.1,8.9,28,91.3,5.9,4.9,Sim,Não,Sim,10,6.6,Sim,Não
AL03948,37,Desenvolvimento de Sistemas,Noturno,Presencial,Gaspar,2084,0,92.8,4.3,35,62.5,5.8,4.3,Sim,Sim,Não,5,6.7,Sim,Não
AL03949,21,Desenvolvimento de Sistemas,Matutino,Presencial,Blumenau,3274,4.9,70.6,5,53,70.3,6.4,7.9,Sim,Sim,Sim,6,6.4,Não,Não
AL03950,30,Administração,Matutino,Presencial,Pomerode,2433,5.2,83,8.1,25,83.8,8.7,6,Sim,Sim,Sim,7,7.8,Sim,Não
AL03951,31,Eletromecânica,Noturno,Presencial,Timbó,4042,6.5,85.3,7.6,14,70.9,6,42.8,Sim,Sim,Não,7,6.4,Sim,Sim
AL03952,19,Desenvolvimento de Sistemas,Noturno,Presencial,Timbó,6239,5.8,74.3,5.5,19,100,7.6,4.8,Sim,Sim,Não,7,7.5,Não,Não
AL03953,19,Administração,Noturno,Presencial,Brusque,1492,6.9,82.8,4.9,23,98.8,6.1,4.1,Sim,Não,Não,10,4.6,Não,Não
AL03954,23,Administração,Noturno,Presencial,Gaspar,8331,5.9,68.8,8,33,75.4,8.3,5.2,Não,Sim,Não,6,5.8,Não,Sim
AL03955,30,Administração,Noturno,Presencial,Gaspar,1091,4.8,92.6,7.2,29,62.1,7.7,8.9,Não,Sim,Não,4,5.7,Não,Sim
AL03956,16,Desenvolvimento de Sistemas,Matutino,Híbrido,Pomerode,8411,2.6,72.7,6,34,80.7,7.2,4.7,Sim,Sim,Sim,7,6,Não,Não
AL03957,22,Eletromecânica,Noturno,Presencial,Brusque,4286,8.8,92.2,6.3,22,66.1,7.4,4.2,Sim,Sim,Não,6,5.2,Não,Não
AL03958,35,Eletromecânica,Noturno,Presencial,Timbó,1474,0.5,88,8.4,41,75.7,5.6,15.9,Sim,Sim,Não,7,7.4,Sim,Não
AL03959,16,Eletromecânica,Matutino,Presencial,Indaial,4980,5.1,89.2,7.6,29,70.8,7.8,7.3,Sim,Sim,Não,5,7.3,Sim,Sim
AL03960,16,Automação Industrial,Matutino,Híbrido,Gaspar,3949,8.6,100,9.6,56,97.6,5.2,9,Sim,Sim,Não,6,9.5,Sim,Não
AL03961,16,Administração,Noturno,Presencial,Gaspar,3861,11.8,97.4,8.8,34,76.3,7.1,8.2,Sim,Não,Não,7,9.1,Sim,Sim
AL03962,17,Eletromecânica,Noturno,Presencial,Gaspar,2214,9.3,71.9,6,37,89.6,7,2.9,Não,Não,Não,8,7.5,Não,Não
AL03963,16,Automação Industrial,Matutino,Presencial,Indaial,3279,10.9,73.6,7.8,37,82.7,6.6,7.5,Sim,Não,Sim,6,7.3,Não,Não
AL03964,38,Desenvolvimento de Sistemas,Matutino,Presencial,Indaial,2646,12.5,80.3,5.2,35,97,7.3,4,Sim,Não,Não,6,7.2,Sim,Não
AL03965,27,Administração,Matutino,Presencial,Brusque,2806,9.8,94.8,5.6,27,91.2,7.1,4.8,Sim,Sim,Não,7,9,Sim,Não
AL03966,25,Administração,Noturno,Presencial,Pomerode,5407,9.2,73,4.6,21,100,8.4,14.1,Sim,Sim,Não,4,7.4,Não,Não
AL03967,16,Desenvolvimento de Sistemas,Matutino,Presencial,Gaspar,2399,12.2,63.1,3.5,52,100,6.8,6,Sim,Sim,Não,7,6.7,Não,Não
AL03968,25,Desenvolvimento de Sistemas,Noturno,Presencial,Indaial,1403,7.4,82.8,5.4,42,87.3,6.5,4.8,Sim,Sim,Não,9,5.9,Não,Não
AL03969,22,Automação Industrial,Matutino,Presencial,Gaspar,8975,12.4,78.9,5.3,18,91.1,8.4,13.5,Sim,Sim,Não,9,5.1,Não,Sim
AL03970,20,Automação Industrial,Noturno,Híbrido,Blumenau,4054,13.8,72.6,7.4,35,100,8.5,7.7,Sim,Não,Sim,7,7.3,Não,Não
AL03971,33,Desenvolvimento de Sistemas,Matutino,Presencial,Pomerode,4053,5.2,81.9,7.1,39,85.2,7.9,11.7,Sim,Sim,Não,9,6.4,Sim,Não
AL03972,31,Automação Industrial,Matutino,Híbrido,Blumenau,2076,12.8,93.6,4.7,57,100,7.3,2.8,Não,Não,Não,9,8.9,Sim,Não
AL03973,29,Desenvolvimento de Sistemas,Noturno,Presencial,Indaial,1469,8.1,92.6,8.6,45,86.1,8.1,12.8,Sim,Não,Não,8,7,Sim,Não
AL03974,26,Desenvolvimento de Sistemas,Noturno,Presencial,Brusque,1228,0,91.9,6.4,49,74.8,7.2,8.3,Sim,Sim,Não,6,5.6,Não,Sim
AL03975,38,Automação Industrial,Noturno,Presencial,Timbó,3172,6.5,71,5.9,16,82.5,5.4,14.5,Sim,Sim,Não,7,6.2,Não,Não
AL03976,20,Automação Industrial,Noturno,Presencial,Blumenau,2521,7.4,78.1,6.6,26,92.9,6,3.2,Sim,Não,Não,9,8,Sim,Não
AL03977,28,Automação Industrial,Matutino,Presencial,Indaial,1346,4.5,75.7,4.2,29,87.7,4.1,4.4,Não,Sim,Não,9,5.8,Não,Não
AL03978,41,Eletromecânica,Matutino,Híbrido,Blumenau,3347,11.9,91.2,7,42,95.7,6.6,8,Sim,Sim,Não,6,7.8,Sim,Não
AL03979,28,Administração,Noturno,Presencial,Blumenau,2318,12.9,81.3,8,41,93.1,5.3,7.7,Sim,Não,Não,9,6.5,Sim,Não
AL03980,33,Desenvolvimento de Sistemas,Matutino,Presencial,Brusque,2057,11.9,92.1,7.1,34,92.5,8.4,36.1,Não,Sim,Não,6,7.1,Sim,Não
AL03981,30,Desenvolvimento de Sistemas,Matutino,Presencial,Indaial,1024,2.4,73.5,7,18,56.7,5.8,4.8,Sim,Sim,Não,8,5,Não,Não
AL03982,25,Desenvolvimento de Sistemas,Noturno,Presencial,Gaspar,4523,10.5,76.6,8.5,18,65,7.1,4.6,Sim,Sim,Sim,6,7.2,Sim,Não
AL03983,16,Administração,Noturno,Presencial,Timbó,1615,10.3,80,3.8,14,100,7.4,13.5,Sim,Sim,Sim,7,6.4,Sim,Não
AL03984,32,Desenvolvimento de Sistemas,Noturno,Presencial,Pomerode,1922,14.6,68.3,4.5,41,100,7.5,7.6,Não,Não,Não,7,7,Não,Não
AL03985,23,Desenvolvimento de Sistemas,Matutino,Presencial,Indaial,2483,4.7,83.8,5.9,30,97,7.7,7.6,Não,Sim,Não,5,6.6,Sim,Não
AL03986,21,Desenvolvimento de Sistemas,Noturno,Presencial,Gaspar,1407,10.8,91.6,5.7,37,91.4,9.4,20.7,Sim,Não,Não,7,6.3,Sim,Não
AL03987,23,Administração,Matutino,Presencial,Blumenau,2214,5.7,82.3,5.4,10,93.1,7.8,3.1,Sim,Sim,Não,7,5.7,Não,Não
AL03988,37,Eletromecânica,Noturno,Híbrido,Timbó,3495,6.8,85.2,6.4,18,100,4.1,16.8,Sim,Sim,Sim,7,7.1,Sim,Não
AL03989,16,Desenvolvimento de Sistemas,Matutino,Presencial,Gaspar,3103,1.9,92.9,8.8,19,81.6,7.4,2.6,Sim,Sim,Não,9,7.4,Sim,Não
AL03990,23,Administração,Noturno,Presencial,Brusque,3702,5.7,73.7,9.5,36,70.2,7.8,11.1,Sim,Sim,Sim,5,6.9,Não,Não
AL03991,16,Eletromecânica,Matutino,Presencial,Blumenau,1909,10.1,84.5,7.5,54,84.1,6.3,20.9,Sim,Não,Não,8,7.5,Sim,Não
AL03992,32,Eletromecânica,Matutino,Hibrido,Pomerode,4237,7.4,,7.2,25,100,7.3,3.9,Sim,Sim,Sim,5,7.7,Sim,Não
AL03993,18,Desenvolvimento de Sistemas,Matutino,Presencial,Brusque,1935,9.8,97.3,9.6,35,75.8,8,15.2,Sim,Sim,Não,7,7.7,Sim,Não
AL03994,21,Eletromecânica,Matutino,Presencial,Blumenau,4108,9.3,77.4,5.2,25,77.7,7,10.5,Sim,Não,Não,9,6.5,Sim,Não
AL03995,30,Automação Industrial,Noturno,Presencial,Pomerode,10665,10.2,83.8,5,41,96.2,6,9.1,Sim,Sim,Não,7,5.9,Não,Não
AL03996,26,Desenvolvimento de Sistemas,Matutino,Híbrido,Blumenau,1852,8.7,92,7.9,36,91.3,6.3,8.5,Sim,Sim,Sim,7,6.9,Sim,Não
AL03997,17,Desenvolvimento de Sistemas,Matutino,Híbrido,Pomerode,4937,6.3,76,6,26,93.9,8.6,9.2,Sim,Não,Sim,8,5.8,Não,Não
AL03998,40,Eletromecânica,Matutino,Híbrido,Blumenau,2413,0,92.4,6.5,0,67.8,5.1,4.1,Não,Sim,Não,4,5.4,Não,Não
AL03999,30,Automação Industrial,Noturno,Presencial,Pomerode,2470,9,76.6,7.3,33,90.9,5.9,2.9,Não,Sim,Não,8,6.6,Sim,Não
AL04000,17,Automação Industrial,Matutino,Presencial,Pomerode,8984,0.9,93.8,6.4,12,60.1,8.2,4.6,Sim,Não,Sim,7,5.1,Não,Não
AL04001,34,Desenvolvimento de Sistemas,Noturno,Presencial,Timbó,7042,9.5,100,6.8,56,76.8,5.8,4.5,Sim,Sim,Sim,8,7.1,Sim,Não
AL04002,32,Eletromecânica,Noturno,Híbrido,Indaial,1849,8.2,,8.3,43,100,9.3,4.5,Sim,Sim,Não,6,6.9,Sim,Não
AL04003,25,Administração,Noturno,Presencial,Blumenau,4704,7.4,100,6.5,37,91.7,9.9,17.7,Sim,Sim,Não,5,8.7,Sim,Sim
AL04004,26,Eletromecânica,Noturno,Híbrido,Blumenau,5116,15,90.7,7.5,49,90.8,7,8,Sim,Sim,Não,7,8.3,Sim,Não
AL04005,28,Desenvolvimento de Sistemas,Noturno,Presencial,Blumenau,8508,6,79.6,9.1,33,90.9,8,12.9,Sim,Sim,Sim,9,8.1,Sim,Não
AL04006,29,Desenvolvimento de Sistemas,Matutino,Presencial,Pomerode,1555,10,72.9,7,70,74,7,9.1,Sim,Sim,Não,7,6.8,Não,Não
AL04007,34,Administração,Noturno,Presencial,Brusque,4532,14.9,78.6,7.6,45,100,7,10.4,Sim,Sim,Não,7,6.9,Sim,Não
AL04008,22,Desenvolvimento de Sistemas,Noturno,Híbrido,Gaspar,6860,7.3,88.4,5.4,14,96.6,5.7,10.4,Não,Sim,Sim,6,6.6,Sim,Não
AL04009,23,Administração,Noturno,Presencial,Brusque,1416,7.9,91.6,4.6,36,82.1,8.6,9.2,Não,Não,Não,7,7.5,Sim,Não
AL04010,25,desenv. sistemas,Noturno,Presencial,Brusque,5337,9,94.6,5.1,40,88.2,6.1,4.2,Sim,Não,Não,7,7.3,Sim,Não
AL04011,19,Administração,Matutino,Presencial,Gaspar,1507,14,72.8,,33,79.7,9.1,5.3,Sim,Não,Não,5,6.7,Não,Não
AL04012,30,Administração,Matutino,Presencial,Timbó,2068,9.5,87.7,9.8,24,59.7,8.6,4.9,Sim,Sim,Sim,9,7.1,Sim,Não
AL04013,27,Eletromecânica,Matutino,Híbrido,Brusque,3140,7.4,79.8,6.7,47,60.6,6.8,3.2,Sim,Sim,Não,8,5.2,Não,Não
AL04014,22,Eletromecânica,Noturno,Presencial,Brusque,3325,16,99.6,6.1,43,89,7.1,15.5,Sim,Sim,Não,7,7.1,Sim,Não
AL04015,16,Desenvolvimento de Sistemas,Noturno,Presencial,Indaial,4316,8.9,75.3,7.8,64,81.9,6.1,5.2,Sim,Sim,Sim,6,5.3,Não,Não
AL04016,27,Automação Industrial,Noturno,Presencial,Indaial,2044,9.5,79.4,6.2,16,100,7.6,4.6,Sim,Sim,Não,5,6.5,Sim,Sim
AL04017,30,Administração,Matutino,Híbrido,Blumenau,1079,8.6,54.2,7.8,46,100,7.8,5.8,Não,Sim,Não,7,6.2,Não,Não
AL04018,16,Administração,Noturno,Presencial,Blumenau,2849,5,74.3,5.7,28,90.9,6.4,12.7,Não,Sim,Não,10,5.6,Não,Não
AL04019,39,Desenvolvimento de Sistemas,Noturno,Presencial,Timbó,2209,13.3,79,6.2,48,77.4,5,5.4,Sim,Sim,Não,6,7.3,Sim,Sim
AL04020,20,Eletromecânica,Noturno,Presencial,Blumenau,2140,11.7,68.5,5.3,69,100,6.7,5.2,Sim,Não,Não,9,6.5,Não,Não
AL04021,36,Desenvolvimento de Sistemas,Matutino,Presencial,Timbó,4674,16.8,79.2,6.1,51,91.4,5.9,4.6,Sim,Não,Não,5,7,Sim,Não
AL04022,20,Desenvolvimento de Sistemas,Noturno,Presencial,Timbó,4090,8,93.9,10,32,69.4,6,3.9,Sim,Sim,Não,6,9.4,Sim,Não
AL04023,25,Desenvolvimento de Sistemas,Noturno,Presencial,Brusque,3101,9.7,67.2,8.9,44,92,7.3,5.2,Não,Sim,Não,8,6.5,Não,Sim
AL04024,16,Eletromecânica,Noturno,Presencial,Blumenau,4311,7.9,98.3,4.9,28,99.1,5.1,5.8,Sim,Não,Não,6,6.5,Sim,Não
AL04025,16,Automação Industrial,Matutino,Presencial,Indaial,3461,0.8,87,7.3,16,71,6.1,6.9,Sim,Não,Não,8,6.2,Sim,Não
AL04026,24,Administração,Noturno,Presencial,Timbó,3931,8.8,87,8.8,49,79.7,6.2,4.8,Sim,Sim,Não,5,7.9,Sim,Não
AL04027,46,Administração,Matutino,Presencial,Timbó,4226,11.7,77.4,5.6,50,94,7.3,6.8,Sim,Sim,Não,7,7.7,Sim,Não
AL04028,23,Eletromecânica,Noturno,Presencial,Timbó,3749,5.8,92.5,9.1,31,93.1,6.4,9.6,Não,Sim,Não,7,8.8,Sim,Não
AL04029,18,Administração,Matutino,Híbrido,Pomerode,,11.3,82.9,5.5,37,88.9,6,5.8,Sim,Não,Sim,10,6.4,Sim,Não
AL04030,19,Eletromecânica,Matutino,Presencial,Pomerode,2176,9.1,83.8,5.2,41,82.9,8.5,8.5,Sim,Não,Não,9,6.1,Sim,Não
AL04031,23,Desenvolvimento de Sistemas,Noturno,Presencial,Indaial,2045,0,80.5,8.1,33,69.8,6.7,16.3,Sim,Sim,Não,8,7.3,Sim,Não
AL04032,19,Desenvolvimento de Sistemas,Noturno,Presencial,Brusque,5488,5.2,84.1,5.4,50,76.3,6.6,9.3,Sim,Sim,Sim,6,5.8,Não,Não
AL04033,26,Administração,Matutino,Presencial,Gaspar,4721,19.2,73,5.5,43,89.1,7.2,9.1,Sim,Não,Não,9,5.6,Não,Não
AL04034,28,Eletromecânica,Matutino,Presencial,Brusque,2118,10.1,77.4,6.6,27,95.4,6.9,3.5,Sim,Sim,Não,7,7.7,Sim,Não
AL04035,25,Eletromecânica,Noturno,Presencial,Pomerode,9628,1.3,85.5,6.3,26,56.6,5.9,4.6,Sim,Sim,Sim,8,4.4,Não,Não
AL04036,28,Eletromecânica,Matutino,Presencial,Blumenau,7261,9.7,89.6,6.4,15,100,5.8,6.6,Não,Sim,Não,6,6.7,Sim,Não
AL04037,16,Eletromecânica,Noturno,Presencial,Pomerode,2358,14.2,86.8,8.3,40,97.7,6.6,6.9,Não,Não,Não,7,6.9,Sim,Não
AL04038,16,Eletromecânica,Noturno,Presencial,Gaspar,2742,14.1,76.5,6.7,47,93.5,8,5.2,Não,Não,Não,9,6.3,Sim,Não
AL04039,23,Eletromecânica,Noturno,Presencial,Pomerode,4689,6.2,94.3,6.8,33,54.2,7.2,2.5,Sim,Sim,Sim,6,7.2,Sim,Não
AL04040,21,Desenvolvimento de Sistemas,Matutino,Presencial,Pomerode,1720,9.3,64.1,8.8,45,91.5,7,9.3,Sim,Não,Não,8,5.9,Não,Não
AL04041,39,Eletromecânica,Noturno,Presencial,Brusque,1450,10.7,66.9,9.4,31,85.6,7.7,6.3,Sim,Sim,Não,7,7.4,Não,Não
AL04042,16,Automação Industrial,Noturno,Presencial,Brusque,4001,8.5,86.9,5.4,19,96.8,6.3,15.5,Sim,Sim,Sim,6,6.8,Sim,Não
AL04043,31,Automação Industrial,Matutino,Presencial,Indaial,2597,11.9,100,5.7,23,100,7.3,2.6,Não,Sim,Não,6,8.7,Sim,Não
AL04044,34,Automação Industrial,Noturno,Presencial,Indaial,2415,7.1,80.5,7.2,39,87.5,6.6,12.2,Sim,Sim,Sim,5,6.6,Sim,Não
AL04045,16,Automação Industrial,Matutino,Híbrido,Indaial,2429,1.5,96.1,5.5,44,68.2,6.7,10.3,Sim,Sim,Não,8,6.5,Sim,Sim
AL04046,19,Administração,Matutino,Presencial,Blumenau,2008,9.3,92.1,5,45,100,6.4,7.8,Sim,Não,Sim,6,8.1,Sim,Não
AL04047,30,Administração,Matutino,Presencial,Indaial,2916,13.3,88.5,3,44,87.9,7.3,2.9,Sim,Não,Não,7,6,Sim,Não
AL04048,25,Desenvolvimento de Sistemas,Matutino,Híbrido,Brusque,6467,3.8,99.2,7.1,17,75.4,6.7,6.7,Sim,Sim,Sim,7,8.5,Sim,Não
AL04049,25,Automação Industrial,Noturno,Presencial,Gaspar,4333,11.5,89.7,6.7,11,100,4.6,4.8,Sim,Sim,Não,7,7.7,Sim,Não
AL04050,22,Automação Industrial,Noturno,Presencial,Pomerode,4458,9.1,81.4,7.8,26,100,8.4,13.6,Sim,Sim,Não,7,8.7,Sim,Não
AL04051,24,Automação Industrial,Matutino,Presencial,Timbó,5556,2.7,69.9,4.5,27,60.1,6.7,6.7,Sim,Sim,Sim,5,4.3,Não,Sim
AL04052,16,Eletromecânica,Noturno,Presencial,Timbó,3542,4.6,68,7.1,36,62.7,5.9,10.3,Sim,Não,Sim,7,6.1,Não,Não
AL04053,16,Automação Industrial,Matutino,Presencial,Blumenau,900,7.1,99.7,4.4,22,85.5,6.8,4.9,Sim,Sim,Não,4,6.2,Sim,Não
AL04054,34,Administração,Matutino,Presencial,Timbó,2191,10.1,91.5,4.3,23,100,7.7,14.4,Sim,Sim,Não,5,6.6,Sim,Não
AL04055,22,Eletromecânica,Matutino,Presencial,Gaspar,1629,5.1,69.1,5.7,35,86,7.5,9.5,Sim,Sim,Não,8,4.8,Não,Não
AL04056,26,Administração,Noturno,Presencial,Blumenau,3190,9.7,73,6.1,30,72.3,6.7,3.7,Sim,Sim,Não,8,7,Não,Não
AL04057,39,Eletromecânica,Noturno,Presencial,Brusque,1858,0,63.9,5.9,35,67.7,4.7,5.2,Sim,Sim,Não,4,5.3,Não,Não
AL04058,26,Administração,Matutino,Presencial,Pomerode,4459,12.6,80,6,48,84.8,7.8,4.7,Sim,Sim,Não,7,7.7,Sim,Não
AL04059,22,Administração,Matutino,Presencial,Pomerode,2345,13.7,64.3,6.3,41,84.5,6.5,3.2,Sim,Sim,Não,9,5.5,Não,Não
AL04060,16,Eletromecânica,Noturno,Presencial,Brusque,1963,8.8,88.4,7.8,20,98,8.2,3.2,Sim,Não,Sim,9,8.1,Sim,Não
AL04061,57,Desenvolvimento de Sistemas,Noturno,Presencial,Blumenau,2902,9.7,87.8,5.5,34,93.4,6,8.2,Sim,Sim,Sim,7,7,Sim,Não
AL04062,38,Administração,Noturno,Presencial,Timbó,1378,5.5,86.4,6.4,43,61.1,4.9,10.6,Sim,Sim,Sim,7,6.2,Sim,Não
AL04063,23,Desenvolvimento de Sistemas,Noturno,Presencial,Gaspar,2849,3.7,80.7,5,33,86.8,7.3,14.6,Sim,Sim,Sim,10,4.5,Não,Não
AL04064,16,Eletromecânica,Matutino,Presencial,Pomerode,1457,7.8,69.7,6.7,30,88.9,8.1,5,Sim,Sim,Não,7,6.4,Não,Sim
AL04065,26,Automação Industrial,Noturno,Híbrido,Pomerode,3433,1.5,93.5,6.1,24,65.5,6.8,5,Sim,Sim,Não,6,7.3,Sim,Não
AL04066,26,Eletromecânica,Matutino,Presencial,Indaial,1734,9.2,92.3,8.7,16,77.9,7.5,5.4,Não,Sim,Não,5,8.4,Sim,Não
AL04067,40,Administração,Noturno,Presencial,Indaial,1922,6.8,81.8,7.1,47,69.5,5.8,9.2,Sim,Sim,Não,8,7.1,Sim,Não
AL04068,23,Administração,Noturno,Presencial,Indaial,2998,4.7,88.2,6.6,28,90,6.4,5.3,Sim,Não,Não,7,6.3,Sim,Não
AL04069,24,Desenvolvimento de Sistemas,Noturno,Presencial,Pomerode,4637,13,86,5.1,44,100,6.7,7.7,Sim,Não,Sim,6,7.1,Sim,Não
AL04070,26,Administração,Noturno,Presencial,Timbó,2805,7.9,95.4,6.5,28,85.7,5.5,7.4,Sim,Sim,Não,6,7.9,Sim,Não
AL04071,30,Desenvolvimento de Sistemas,Matutino,Presencial,Blumenau,1441,11.1,52.4,8.1,46,100,3.6,3.1,Sim,Sim,Não,8,8.4,Não,Não
AL04072,19,Administração,Matutino,Híbrido,Indaial,3619,13,84.9,6,36,99.3,6.6,6.6,Sim,Não,Não,7,6.8,Sim,Sim
AL04073,29,Administração,Noturno,Presencial,Gaspar,4741,6,82.8,6.9,32,100,4.7,5.1,Sim,Sim,Sim,8,7.1,Sim,Não
AL04074,23,Eletromecânica,Noturno,Presencial,Timbó,10343,7.1,81.2,5.7,42,82.5,5,13,Sim,Sim,Não,8,5.8,Não,Não
AL04075,32,Eletromecânica,Noturno,Presencial,Blumenau,963,13.4,80.1,6.6,34,100,5.4,9,Sim,Sim,Não,6,7.6,Sim,Não
AL04076,37,Eletromecânica,Noturno,Presencial,Pomerode,7169,8.6,69.1,8.2,13,87.8,8.5,9,Sim,Sim,Não,6,8,Não,Sim
AL04077,27,Automação Industrial,Noturno,Presencial,Timbó,2722,12.7,88.4,5.2,31,82.4,5.4,6.7,Sim,Sim,Não,6,6.8,Sim,Não
AL04078,24,Eletromecânica,Noturno,Presencial,Timbó,900,12.2,74.5,7.6,26,85,7.8,4,Não,Não,Não,7,5.2,Não,Não
AL04079,37,Desenvolvimento de Sistemas,Noturno,Presencial,Timbó,4866,2.3,74.2,7.3,27,81.9,8.1,5.9,Sim,Sim,Não,8,6.4,Não,Não
AL04080,16,Eletromecânica,Noturno,Híbrido,Indaial,3155,7.4,87,6.9,46,72.4,7.4,6.5,Sim,Não,Não,6,5.6,Não,Não
AL04081,16,Administração,Noturno,Presencial,Brusque,1142,0,74,8.1,12,62.6,7.9,6.2,Sim,Não,Sim,8,5.9,Não,Não
AL04082,40,Administração,Noturno,Presencial,Timbó,3678,6,70.1,6.5,44,81.6,7.6,20.1,Sim,Não,Sim,7,6.4,Não,Não
AL04083,26,Desenvolvimento de Sistemas,Noturno,Presencial,Pomerode,4607,4.3,84,5.9,16,48.6,6.9,10.5,Sim,Sim,Não,10,6,Sim,Não
AL04084,23,Desenvolvimento de Sistemas,Matutino,Presencial,Timbó,4892,15.6,91.1,6.5,64,100,5.9,19.8,Sim,Sim,Sim,5,7.4,Sim,Não
AL04085,17,Automação Industrial,Noturno,Presencial,Timbó,1942,4.6,90.2,7.4,47,100,8.1,10.9,Não,Sim,Não,8,7.3,Sim,Não
AL04086,16,Desenvolvimento de Sistemas,Matutino,Presencial,Timbó,1859,6.5,83.5,5,22,73.9,7.7,8.1,Sim,Não,Sim,7,6,Sim,Não
AL04087,34,Eletromecânica,Noturno,Presencial,Brusque,3695,5.4,84.3,3,31,75.4,5.1,2.7,Sim,Sim,Não,5,5.3,Não,Sim
AL04088,16,Eletromecânica,Matutino,Presencial,Indaial,6357,10.6,79.5,4.6,47,100,7.5,12.7,Sim,Não,Sim,7,7.7,Sim,Não
AL04089,35,Eletromecânica,Noturno,Presencial,Blumenau,2027,5.9,82.8,7.5,48,76,6.5,14.3,Sim,Sim,Não,5,6.3,Sim,Sim
AL04090,19,Desenvolvimento de Sistemas,Noturno,Presencial,Indaial,9998,4.9,84.8,3.7,39,92.6,6.3,2.7,Não,Não,Não,10,5.8,Não,Não
AL04091,23,Eletromecânica,Noturno,Presencial,Gaspar,3158,8,75.7,5.5,44,100,8.1,6.1,Sim,Sim,Sim,7,6.1,Sim,Não
AL04092,27,Eletromecânica,Noturno,Presencial,Pomerode,1766,4.2,57.3,6.9,33,63.2,7.2,7.3,Não,Sim,Não,7,5,Não,Não
AL04093,34,Desenvolvimento de Sistemas,Matutino,Presencial,Gaspar,4847,16.4,,6.4,27,100,7.5,16.7,Sim,Não,Não,8,7.8,Sim,Não
AL04094,16,Administração,Noturno,Híbrido,Pomerode,5705,10.6,74.6,6.4,46,100,5.5,10.4,Sim,Não,Não,7,7.3,Não,Não
AL04095,23,Desenvolvimento de Sistemas,Matutino,Presencial,Blumenau,900,4.7,84.1,9,25,79.9,6.4,4.1,Sim,Sim,Não,6,6.7,Sim,Não
AL04096,29,Eletromecânica,Noturno,Presencial,Timbó,2028,2.5,71.5,7,36,77.8,7.3,8.3,Sim,Sim,Não,6,6.3,Não,Não
AL04097,34,Administração,Noturno,Presencial,Gaspar,1810,9.8,76.3,7,38,87.1,6.2,5.2,Sim,Sim,Não,6,6.1,Sim,Não
AL04098,27,Desenvolvimento de Sistemas,Noturno,Presencial,Indaial,1371,14.3,76.9,7.2,49,97.2,7.2,4.9,Não,Sim,Sim,5,7.4,Sim,Não
AL04099,43,Automação Industrial,Noturno,Presencial,Brusque,1385,10.9,,7.7,25,100,7.4,23.1,Sim,Não,Sim,5,7.1,Não,Sim
AL04100,32,Eletromecânica,Noturno,Presencial,Blumenau,2797,4.1,88.5,8.1,27,54.3,5.5,21.9,Sim,Sim,Não,7,5.9,Não,Não
AL04101,28,Desenvolvimento de Sistemas,Noturno,Presencial,Gaspar,1175,3.5,76.8,6.8,22,145,5.8,8,Não,Sim,Sim,7,4.5,Não,Sim
AL04102,16,Desenvolvimento de Sistemas,Matutino,Híbrido,Indaial,10015,17.2,82.8,9.2,44,100,5.6,10.3,Sim,Sim,Não,7,7.3,Sim,Sim
AL04103,16,Desenvolvimento de Sistemas,Noturno,Híbrido,Gaspar,6687,16.9,83,6.9,30,100,8.1,7.6,Sim,Não,Sim,10,7.6,Sim,Não
AL04104,21,Automação Industrial,Matutino,Presencial,Brusque,2118,5.2,90.8,6,42,73.9,5.8,10.3,Não,Sim,Não,7,5.8,Não,Sim
AL04105,22,Desenvolvimento de Sistemas,Matutino,Presencial,Indaial,2960,1.5,86,5.5,31,74.8,6.9,4.2,Sim,Sim,Não,8,6.3,Sim,Não
AL04106,21,Automação Industrial,Matutino,Presencial,Indaial,1636,3.5,85.6,,24,98.3,7.1,1,Sim,Sim,Sim,7,6.8,Sim,Não
AL04107,43,Automação Industrial,Noturno,Presencial,Blumenau,1449,10.5,89.9,5.9,32,87.5,7.7,3.4,Sim,Não,Não,10,5.6,Não,Sim
AL04108,26,Eletromecânica,Matutino,Presencial,Gaspar,2184,9.2,75.2,5.3,45,62.9,6.5,14.5,Não,Não,Não,7,5.7,Não,Não
AL04109,16,Desenvolvimento de Sistemas,Noturno,Presencial,Indaial,11321,10.8,76.9,7.2,61,80.4,5.1,9.9,Sim,Sim,Não,8,6.2,Sim,Não
AL04110,30,Automação Industrial,Matutino,Presencial,Blumenau,2201,6.3,92.1,3.8,31,78.6,7.2,2.2,Não,Sim,Sim,7,5.5,Não,Não
AL04111,32,Automação Industrial,Noturno,Presencial,Blumenau,4393,14.4,81.7,6.3,47,99.3,10,6.8,Sim,Não,Não,9,7.7,Sim,Não
AL04112,16,Desenvolvimento de Sistemas,Noturno,Presencial,Brusque,1788,6.4,93.4,5.6,36,65.3,7.1,24.3,Sim,Sim,Sim,8,5.7,Não,Sim
AL04113,34,Eletromecânica,Noturno,Presencial,Blumenau,2558,7,85,9.5,14,80.2,9.2,2.9,Sim,Sim,Não,6,7.8,Sim,Não
AL04114,16,Desenvolvimento de Sistemas,Matutino,Presencial,Brusque,5177,4.7,88.4,6.6,37,100,6.3,4.1,Sim,Sim,Não,10,6.5,Sim,Não
AL04115,16,Desenvolvimento de Sistemas,Matutino,Presencial,Indaial,3950,10.5,83.4,7.9,40,100,7.2,10.6,Sim,Sim,Não,6,6.8,Sim,Sim
AL04116,25,Administração,Noturno,Híbrido,Indaial,2922,12.9,83,7.9,38,91.5,9.2,8,Sim,Sim,Sim,6,8,Sim,Não
AL04117,16,Desenvolvimento de Sistemas,Matutino,Presencial,Brusque,5438,11.1,71.6,5.3,34,73.8,5.5,6.4,Sim,Não,Não,7,6.4,Não,Não
AL04118,29,Eletromecânica,Matutino,Presencial,Timbó,2830,7.4,85.8,7.3,24,100,6,4.6,Sim,Sim,Sim,9,7.3,Sim,Não
AL04119,37,Administração,Matutino,Presencial,Brusque,10629,12.1,66.5,3.8,32,79.7,6.9,7.4,Sim,Não,Sim,8,5,Não,Não
AL04120,48,Automação Industrial,Noturno,Presencial,Gaspar,2039,17.5,94.6,8.5,44,93,7.7,8.8,Sim,Não,Não,6,8.6,Sim,Não
AL04121,16,Desenvolvimento de Sistemas,Matutino,Presencial,Timbó,2411,2.4,99.3,4.5,36,71.3,5.6,18.9,Não,Sim,Sim,6,6.5,Sim,Não
AL04122,16,Desenvolvimento de Sistemas,Matutino,Presencial,Blumenau,1111,6.8,85.4,6.1,35,59.2,6.7,8.5,Sim,Sim,Não,8,6.6,Sim,Sim
AL04123,28,Administração,Noturno,Presencial,Brusque,3803,10.2,86.5,9.4,28,100,7.6,8,Sim,Sim,Não,6,7.6,Sim,Sim
AL04124,37,Administração,Matutino,Presencial,Timbó,4968,10.5,100,10,40,84.6,7.3,9.5,Não,Sim,Sim,9,8.1,Sim,Não
AL04125,22,Administração,Matutino,Presencial,Blumenau,5834,9.6,79.2,6.3,35,100,6.3,3.6,Sim,Sim,Sim,4,7.7,Sim,Não
AL04126,34,Eletromecânica,Noturno,Presencial,Brusque,3557,8.4,85.9,6.1,42,72.6,7.7,13.3,Sim,Sim,Não,8,6.5,Sim,Não
AL04127,21,Automação Industrial,Matutino,Presencial,Timbó,3305,13.7,76,7.5,52,100,7.5,12.9,Sim,Não,Não,4,7.4,Sim,Não
AL04128,27,Desenvolvimento de Sistemas,Noturno,Híbrido,Pomerode,1537,2,92,6.3,0,91.8,6.8,10,Não,Sim,Sim,7,7.4,Sim,Não
AL04129,20,Eletromecânica,Matutino,Híbrido,Gaspar,6112,7.3,89.7,8.1,50,64.5,5.3,8.6,Não,Sim,Não,6,6,Sim,Não
AL04130,16,Administração,Matutino,Híbrido,Gaspar,,8.3,83.7,5.8,39,99.3,8.3,7.7,Sim,Não,Não,7,4.9,Não,Não
AL04131,19,Eletromecânica,Noturno,Presencial,Timbó,1373,3.3,75,7.3,26,69.8,8.4,3.3,Não,Sim,Não,7,5.8,Não,Não
AL04132,16,Administração,Matutino,Híbrido,Brusque,2891,0,100,7.5,18,64.6,7.7,8.6,Sim,Sim,Sim,8,4.9,Não,Não
AL04133,45,Eletromecânica,Noturno,Presencial,Timbó,5440,12.1,70,7.8,63,100,7,9.2,Sim,Sim,Não,8,6.7,Não,Não
AL04134,38,Desenvolvimento de Sistemas,Matutino,Híbrido,Gaspar,14000,9.3,74.5,7.1,32,71,6.1,2.5,Sim,Sim,Não,9,4.9,Não,Não
AL04135,26,Administração,Noturno,Presencial,Blumenau,2870,8.6,78.1,5.4,43,70.1,5.1,12.9,Sim,Sim,Não,7,6.6,Sim,Não
AL04136,23,Automação Industrial,Matutino,Presencial,Brusque,3654,8.4,83.5,6.2,45,70.4,6.8,5.1,Sim,Sim,Não,5,5.9,Não,Não
AL04137,27,Eletromecânica,Noturno,Presencial,Indaial,7701,5,87.6,5.7,27,100,7.5,9.3,Não,Sim,Não,6,7,Sim,Não
AL04138,16,Administração,Matutino,Presencial,Pomerode,910,4.6,64.5,8.1,7,78.3,6.5,5.5,Sim,Não,Não,8,7.6,Não,Não
AL04139,25,Automação Industrial,Noturno,Presencial,Gaspar,3615,18.7,81.3,8.6,48,96.4,5.7,6.7,Não,Sim,Não,6,7.4,Sim,Não
AL04140,19,Administração,Noturno,Híbrido,Pomerode,7547,13.2,80.5,9,44,84,4.2,12.4,Sim,Sim,Sim,9,7.1,Sim,Não
AL04141,28,Desenvolvimento de Sistemas,Matutino,Híbrido,Timbó,13882,4.4,83.9,4.5,42,71.1,8,1.5,Sim,Não,Não,6,6.4,Sim,Não
AL04142,27,Desenvolvimento de Sistemas,Noturno,Presencial,Timbó,2740,8.5,86.7,5.5,42,58.4,6.8,19.6,Sim,Sim,Não,8,6.7,Sim,Não
AL04143,30,Administração,Matutino,Presencial,Timbó,2952,19.3,99.9,7.9,59,69.3,9.3,3,Sim,Sim,Não,8,8.3,Sim,Não
AL04144,34,Automação Industrial,Matutino,Presencial,Gaspar,2001,7.4,95.9,6.3,24,78.8,6.4,5,Sim,Sim,Não,10,7.3,Sim,Não
AL04145,16,Desenvolvimento de Sistemas,Noturno,Presencial,Brusque,,6.2,100,5.8,41,98,6.9,3.3,Sim,Sim,Não,9,6.8,Sim,Sim
AL04146,16,Desenvolvimento de Sistemas,Matutino,Presencial,Indaial,1732,10.1,88.1,8.5,26,88.8,6.5,16.5,Sim,Sim,Não,7,8.5,Sim,Não
AL04147,37,Desenvolvimento de Sistemas,Noturno,Presencial,Pomerode,3914,7.5,83,6.5,31,100,5.4,11.5,Sim,Sim,Sim,6,7.9,Sim,Não
AL04148,32,Desenvolvimento de Sistemas,Matutino,Presencial,Brusque,1681,4.4,91.8,5,30,83.4,8.6,6.5,Não,Sim,Não,5,5.9,Não,Não
AL04149,16,Desenvolvimento de Sistemas,Noturno,Presencial,Gaspar,5906,4.5,75.1,4.9,17,87.8,6.8,5.6,Sim,Não,Não,6,6.2,Sim,Não
AL04150,22,Administração,Matutino,Presencial,Blumenau,4398,4.2,68.7,6.4,30,58.9,8.1,5.7,Sim,Sim,Não,7,7,Não,Não
AL04151,28,Eletromecânica,Noturno,Presencial,Timbó,2606,13,49.7,6.4,39,100,9.4,7,Sim,Sim,Sim,6,7.6,Não,Não
AL04152,49,Eletromecânica,Matutino,Híbrido,Pomerode,2988,6.5,94.8,8.6,21,88.9,6.8,7.8,Sim,Sim,Não,8,7.4,Sim,Não
AL04153,35,Desenvolvimento de Sistemas,Matutino,Presencial,Pomerode,1266,11.5,81.5,4.9,39,73.1,5.7,0.7,Não,Sim,Não,4,6.6,Sim,Não
AL04154,25,Automação Industrial,Noturno,Presencial,Brusque,1263,0.8,85.6,4,28,80,7.7,7.3,Não,Sim,Sim,7,6.7,Sim,Não
AL04155,16,Desenvolvimento de Sistemas,Noturno,Presencial,Brusque,5770,14,88.5,5.5,48,85.7,8.3,3.2,Não,Não,Não,4,7,Sim,Não
AL04156,31,Automação Industrial,Noturno,Híbrido,Pomerode,1752,5.4,79.5,6.8,55,92.5,6.6,14.6,Não,Sim,Não,9,5.9,Não,Não
AL04157,28,Eletromecânica,Matutino,Presencial,Indaial,6069,7.6,72,7.7,26,100,5.8,7.9,Sim,Não,Não,8,6.3,Não,Não
AL04158,30,Automação Industrial,Noturno,Presencial,Timbó,2871,14.3,83.2,8.8,36,100,7.2,12.6,Sim,Não,Não,8,7.2,Sim,Não
AL04159,24,Automação Industrial,Noturno,Presencial,Pomerode,2039,14.5,74.2,5,66,86.2,7.4,11.1,Sim,Sim,Não,6,5.7,Não,Não
AL04160,28,Administração,Matutino,Presencial,Pomerode,3538,7.3,86.5,5.5,22,100,5.2,12.4,Sim,Sim,Sim,7,5.8,Não,Não
AL04161,24,Desenvolvimento de Sistemas,Matutino,Presencial,Brusque,2271,1,87.1,10,34,79.8,5.3,8.5,Sim,Sim,Sim,7,9,Sim,Sim
AL04162,16,Automação Industrial,Matutino,Presencial,Blumenau,2941,8.2,75.3,4.2,31,100,6.8,7,Sim,Sim,Não,6,6,Sim,Não
AL04163,16,Automação Industrial,Noturno,Presencial,Brusque,4088,16.4,77.6,6.9,43,100,9.7,7.5,Sim,Não,Sim,9,8,Sim,Não
AL04164,33,Eletromecânica,Matutino,Presencial,Indaial,1011,3.5,88.5,7.3,4,58.7,4.9,2.5,Sim,Sim,Não,7,5.5,Não,Não
AL04165,31,Automação Industrial,Noturno,Presencial,Brusque,1996,3.8,94.3,8.6,34,77.9,6,11.6,SIM,Sim,Não,6,6.1,Sim,Não
AL04166,32,Administração,Matutino,Presencial,Indaial,4446,6.9,76.9,9.4,42,76.3,7,7.4,Sim,Sim,Não,9,6.9,Sim,Não
AL04167,32,Automação Industrial,Matutino,Híbrido,Indaial,1666,4.1,86.6,6.3,28,100,7.4,4.4,Sim,Não,Não,6,5.9,Não,Não
AL04168,35,Eletromecânica,Matutino,Presencial,Gaspar,1021,9,91.5,7.4,50,80.2,6.9,4.4,Sim,Sim,Sim,6,7.5,Sim,Não
AL04169,26,Automação Industrial,Noturno,Híbrido,Indaial,2208,16.2,99.4,4.9,38,100,7.7,5.1,Não,Não,Não,8,7.7,Sim,Não
AL04170,19,Eletromecânica,Matutino,Presencial,Blumenau,4923,0,67.3,8.6,44,58.3,8,4.5,Sim,Sim,Não,9,5.6,Não,Não
AL04171,23,Administração,Noturno,Presencial,Gaspar,4220,6.9,75,5.1,22,98.9,6.9,14.3,Sim,Não,Sim,8,6.4,Sim,Não
AL04172,16,Eletromecânica,Noturno,Presencial,Gaspar,1495,9.9,87.2,6.5,40,86.2,6.8,5.7,Sim,Não,Sim,7,7.4,Sim,Não
AL04173,27,Eletromecânica,Noturno,Presencial,Timbó,1780,5.2,79.7,4.5,16,95.7,5.4,3.3,Sim,Sim,Não,6,4.9,Não,Não
AL04174,29,Eletromecânica,Noturno,Híbrido,Indaial,3532,15.1,68.5,5.9,34,100,7,22.8,Sim,Sim,Não,9,6.2,Não,Não
AL04175,35,Administração,Noturno,Presencial,Indaial,1425,8.9,95.5,7.8,34,100,6.5,2.2,Sim,Sim,Sim,10,6.8,Sim,Não
AL04176,28,Automação Industrial,Matutino,Presencial,Brusque,2927,3.9,89.8,2.9,19,69.6,5.8,5.4,Sim,Sim,Sim,8,4.7,Não,Não
AL04177,36,Eletromecânica,Noturno,Presencial,Brusque,4870,5.3,80.2,6.4,33,97.1,5.1,5.3,Sim,Sim,Sim,8,8.5,Sim,Não
AL04178,26,Desenvolvimento de Sistemas,Noturno,Híbrido,Gaspar,6948,8.6,78.4,8,44,75.5,7.9,6.8,Sim,Não,Não,6,7.4,Sim,Não
AL04179,39,Administração,Matutino,Presencial,Indaial,2632,11.6,85.2,8.3,22,100,6.3,7.5,Sim,Sim,Sim,9,7.5,Sim,Não
AL04180,16,Automação Industrial,Noturno,Híbrido,Timbó,6037,11.8,85.8,,58,90.2,5.9,9.5,Sim,Sim,Não,8,7.4,Sim,Não
AL04181,33,Automação Industrial,Noturno,Presencial,Blumenau,6230,6.7,72.3,,7,87.5,5.8,3.9,Sim,Sim,Não,8,6.5,Não,Não
AL04182,41,Administração,Matutino,Presencial,Pomerode,3441,1.1,67.4,8.1,28,81.6,7.9,3.2,Sim,Sim,Não,6,5.9,Não,Não
AL04183,35,Eletromecânica,Noturno,Presencial,Gaspar,3670,9.5,76.6,4.2,30,94.6,4.5,6.2,Sim,Sim,Não,8,7.5,Sim,Não
AL04184,27,Automação Industrial,Noturno,Presencial,Timbó,8622,12.9,68.4,5.2,49,91,5.8,5.9,Sim,Sim,Sim,9,5.6,Não,Sim
AL04185,29,Desenvolvimento de Sistemas,Noturno,Presencial,Pomerode,2412,7.1,78.2,8.7,25,82,7.8,12,Não,Não,Não,6,7.1,Sim,Sim
AL04186,16,Desenvolvimento de Sistemas,Matutino,Presencial,Blumenau,6936,12.5,75.4,4.7,67,81.5,5.3,8,Sim,Sim,Não,5,6.4,Sim,Não
AL04187,25,Eletromecânica,Matutino,Híbrido,Indaial,2382,5.9,82.1,5.1,24,67.5,7.9,8.6,Não,Sim,Não,5,5.2,Não,Não
AL04188,16,Automação Industrial,Matutino,Presencial,Blumenau,2547,9.2,96.2,6.3,13,97,7.8,4.1,Não,Não,Sim,9,7.4,Sim,Não
AL04189,30,Eletromecânica,Matutino,Presencial,Timbó,2883,8.2,75.7,5.2,9,59,5.7,10.5,Sim,Não,Não,9,3.5,Não,Não
AL04190,28,Desenvolvimento de Sistemas,Noturno,Presencial,Pomerode,6001,8.9,83.8,8,42,88.4,8.5,12.8,Sim,Não,Não,7,6.5,Sim,Não
AL04191,25,Automação Industrial,Matutino,Presencial,Gaspar,2726,10.9,81.5,6.2,41,77.2,6.6,13.4,Sim,Não,Não,5,6.8,Sim,Sim
AL04192,22,Automação Industrial,Matutino,Híbrido,Timbó,1508,8.6,75.7,6.1,52,100,7.1,7.3,Sim,Sim,Não,4,6.9,Sim,Não
AL04193,27,Administração,Matutino,Presencial,Indaial,5786,0,88.7,7.6,30,78.3,6.8,3.5,Sim,Sim,Sim,8,7.2,Sim,Não
AL04194,33,Eletromecânica,Matutino,Presencial,Timbó,1395,9.4,86.4,4.9,60,87.4,7.8,4.7,Não,Sim,Não,9,6.1,Sim,Não
AL04195,23,Automação Industrial,Matutino,Presencial,Indaial,1545,10.5,91.5,6.7,38,92.8,5.6,13,Sim,Sim,Não,10,6.8,Sim,Não
AL04196,31,Desenvolvimento de Sistemas,Matutino,Híbrido,Brusque,2596,5.9,,7.9,40,69.9,7.5,11.8,Sim,Não,Não,6,5.5,Não,Não
AL04197,23,Administração,Matutino,Presencial,Gaspar,2108,1.5,83.5,6.5,40,54.8,4.7,9,Sim,Sim,Não,8,5,Não,Não
AL04198,27,Desenvolvimento de Sistemas,Noturno,Presencial,Brusque,12895,8.9,90.3,4.6,16,100,6.8,14.5,Sim,Não,Não,8,7.5,Sim,Não
AL04199,44,Automação Industrial,Noturno,Presencial,Blumenau,3330,8,72.3,8.2,10,89.5,6.9,5.9,Não,Sim,Não,7,6.8,Não,Sim
AL04200,30,Automação Industrial,Noturno,Presencial,Blumenau,1959,4.4,90.2,5,36,84.2,5.9,10.9,Sim,Sim,Sim,9,5.8,Não,Não
AL04201,19,Desenvolvimento de Sistemas,Noturno,Híbrido,Blumenau,4075,14.9,83.3,5.7,31,77.2,6.2,2.3,Sim,Não,Sim,10,6.1,Sim,Não
AL04202,39,Automação Industrial,Matutino,Presencial,Timbó,2791,12.7,99.3,8.5,27,78.2,5.6,12.2,Sim,Sim,Sim,4,8.3,Sim,Não
AL04203,16,Administração,Noturno,Presencial,Gaspar,3645,3,95.4,7.9,24,96.4,5.2,2.8,Sim,Sim,Não,6,8.4,Sim,Sim
AL04204,39,Eletromecânica,Noturno,Presencial,Gaspar,3863,7,81.4,7.7,34,75.5,6.3,5.4,Sim,Sim,Não,8,8.4,Sim,Não
AL04205,21,Eletromecânica,Matutino,Presencial,Blumenau,1770,9.5,74.1,3.6,20,100,6.4,5.4,Sim,Não,Sim,10,5,Não,Não
AL04206,35,Automação Industrial,Matutino,Presencial,Blumenau,3661,10.7,83.1,7.8,37,73.3,6.5,6.3,Sim,Sim,Não,6,5.2,Não,Não
AL04207,33,Eletromecânica,Noturno,Híbrido,Brusque,2121,2.5,83.7,7.2,28,81.5,5.9,3.7,Sim,Sim,Não,6,5.9,Não,Não
AL04208,23,Automação Industrial,Matutino,Híbrido,Gaspar,2123,4.8,83.1,6,18,56.9,7.6,17.2,Não,Sim,Não,10,5,Não,Não
AL04209,16,Administração,noturno ,Presencial,Blumenau,2966,6.9,79.9,1.9,56,100,6.5,14.1,Sim,Não,Sim,8,5.9,Não,Não
AL04210,28,Desenvolvimento de Sistemas,Matutino,Presencial,Timbó,2598,8.1,88.2,8,30,93.9,6,55,Sim,Sim,Não,6,7.6,Sim,Sim
AL04211,16,Desenvolvimento de Sistemas,Noturno,Presencial,Blumenau,5159,10.6,90.1,9,49,83.5,6.7,15.5,Não,Sim,Sim,8,8.8,Sim,Não
AL04212,28,Administração,Matutino,Híbrido,Blumenau,1489,0,77.7,6.3,25,57.4,6.3,3.3,Sim,Não,Não,6,4.3,Não,Não
AL04213,17,Eletromecânica,Matutino,Presencial,Brusque,3700,8.5,80.1,4.4,26,98.3,6.8,8.3,Sim,Sim,Não,6,6.8,Sim,Não
AL04214,36,Desenvolvimento de Sistemas,Matutino,Presencial,Indaial,3369,9.4,66.1,6.4,37,90.6,4.7,2.6,Sim,Sim,Não,6,8,Não,Não
AL04215,27,Automação Industrial,Matutino,Presencial,Pomerode,2483,5.6,85.7,4.5,43,83.1,6,5,Sim,Sim,Não,7,5.9,Não,Não
AL04216,23,Eletromecânica,Noturno,Presencial,Pomerode,14000,8,70.5,8.8,48,61.9,5.3,22.3,Sim,Sim,Não,8,7.7,Não,Não
AL04217,43,Automação Industrial,Noturno,Híbrido,Blumenau,2806,6.9,94.2,7.2,50,79.7,8.5,9.8,Sim,Sim,Não,5,7.2,Sim,Sim
AL04218,27,Eletromecânica,Matutino,Presencial,Gaspar,3686,5.9,76.4,6.8,40,100,8.9,26.6,Sim,Sim,Não,6,6.7,Sim,Não
AL04219,25,Automação Industrial,Matutino,Híbrido,Pomerode,2530,10,94.6,7.3,32,93.5,7.1,4.8,Não,Não,Não,8,7.2,Sim,Não
AL04220,25,Desenvolvimento de Sistemas,Noturno,Presencial,Indaial,1143,9.6,92.5,8.4,51,62.3,8.9,17,Não,Sim,Não,5,7,Sim,Sim
AL04221,21,desenv. sistemas,Noturno,Presencial,Blumenau,2627,16.6,70.6,5.9,53,86.3,6,5.2,Sim,Não,Não,8,5,Não,Não
AL04222,24,Administração,Noturno,Presencial,Timbó,4803,2.3,80.4,5.3,36,62.6,5.4,2.2,Não,Sim,Não,5,3.7,Não,Não
AL04223,16,Automação Industrial,Noturno,Presencial,Gaspar,2131,3.7,92.6,7.4,39,82.7,7.1,2.9,Sim,Não,Não,5,7.5,Sim,Não
AL04224,29,Eletromecânica,Noturno,Presencial,Indaial,3427,8.9,91.5,5.2,37,77.6,6.1,2.9,Sim,Sim,Não,4,7.2,Sim,Não
AL04225,39,Automação Industrial,Noturno,Presencial,Brusque,,11,84.1,10,54,92.8,5.5,13.1,Sim,Sim,Sim,8,7.9,Sim,Não
AL04226,26,Desenvolvimento de Sistemas,Noturno,Presencial,Timbó,4312,3.2,69.6,7.7,31,75.5,6.1,1.5,Sim,Sim,Sim,10,7.9,Não,Sim
AL04227,16,Automação Industrial,Matutino,Presencial,Indaial,2872,7.4,97.3,8.1,17,98.6,4.7,18.5,Sim,Sim,Não,7,6.7,Sim,Não
AL04228,25,Automação Industrial,Noturno,Híbrido,Indaial,3046,3.2,67.5,6.6,46,75.6,6.1,6.5,Sim,Sim,Sim,6,7.1,Não,Sim
AL04229,30,Administração,Noturno,Presencial,Timbó,3751,5.3,85,5.9,24,81.3,7.1,5.7,Sim,Sim,Não,8,5.7,Não,Não
AL04230,33,Eletromecânica,Noturno,Presencial,Gaspar,4072,12.6,79.2,5.2,27,86.6,5.3,4.4,Sim,Sim,Não,10,7,Sim,Não
AL04231,16,Automação Industrial,Noturno,Híbrido,Brusque,2084,8.3,79.5,7.7,33,97.1,5.6,9.5,Sim,Sim,Não,5,7.8,Sim,Não
AL04232,27,Automação Industrial,Matutino,Presencial,Blumenau,2515,0.6,86.5,3.3,40,59.5,6.6,1.7,Sim,Sim,Não,6,4.7,Não,Não
AL04233,41,Automação Industrial,Noturno,Presencial,Pomerode,2892,11.9,92.4,5.2,40,100,7.1,4.8,Sim,Sim,Não,6,8,Sim,Não
AL04234,34,Eletromecânica,Matutino,Presencial,Blumenau,4219,1.5,80,5.1,14,67,4.7,2.9,Sim,Sim,Não,9,5,Não,Não
AL04235,29,Automação Industrial,Noturno,Presencial,Blumenau,4844,6,85.3,7.6,40,84.4,6.1,17,Sim,Sim,Sim,8,7.3,Sim,Não
AL04236,32,Administração,Matutino,Presencial,Gaspar,1535,7.3,88.2,8.9,36,88.6,6.7,5.7,Sim,Sim,Não,7,6.4,Sim,Não
AL04237,35,Eletromecânica,Matutino,Presencial,Timbó,2697,5.7,79.6,7.3,41,86,7.2,3.8,Sim,Sim,Não,5,7.9,Sim,Sim
AL04238,24,Desenvolvimento de Sistemas,Noturno,Presencial,Timbó,3093,7.6,77.2,3.1,15,79.1,6.8,6.2,Sim,Sim,Não,9,4.3,Não,Não
AL04239,16,Administração,Noturno,Presencial,Brusque,1252,0,91.6,8.1,39,93.4,6.5,9.2,Sim,Sim,Não,8,7.4,Sim,Não
AL04240,25,Automação Industrial,Matutino,Presencial,Blumenau,4543,4.9,80.3,7.1,36,96.4,7.3,7.6,Sim,Sim,Não,8,7,Sim,Não
AL04241,19,Eletromecânica,Matutino,Presencial,Blumenau,3742,14.3,85.1,4.5,48,96.5,7.2,5.4,Sim,Não,Não,7,8.2,Sim,Não
AL04242,44,Automação Industrial,Noturno,Presencial,Pomerode,4430,6.5,82.1,4.9,18,88.1,5.9,9.5,Sim,Sim,Não,7,5.7,Não,Não
AL04243,35,Desenvolvimento de Sistemas,Matutino,Híbrido,Gaspar,3446,13.5,73.3,7.3,32,100,6.9,6.8,Sim,Sim,Não,7,7.5,Não,Não
AL04244,31,Eletromecânica,Matutino,Presencial,Indaial,1513,5.4,74.9,6.4,39,100,6.6,6.6,Sim,Sim,Sim,8,6.4,Não,Não
AL04245,20,Administração,Noturno,Presencial,Brusque,3203,13.6,90,6.5,53,83.2,7.2,9.6,Sim,Sim,Sim,9,7.2,Sim,Sim
AL04246,24,Eletromecânica,Matutino,Presencial,Gaspar,2485,11.2,82.1,5.9,37,74.4,6,5.9,Sim,Sim,Não,5,6.4,Sim,Não
AL04247,31,Administração,Noturno,Presencial,Blumenau,3813,2.6,79.3,6.2,63,58.2,6.3,1.8,Sim,Sim,Sim,5,6.2,Sim,Não
AL04248,25,Administração,Noturno,Presencial,Blumenau,1637,13.3,71.2,7.4,40,100,7.6,23.3,Sim,Sim,Sim,6,6.4,Não,Não
AL04249,16,Administração,Matutino,Presencial,Brusque,3571,11.8,96.5,6.4,43,100,5.1,7.3,Não,Não,Não,7,7.2,Sim,Não
AL04250,25,Administração,Noturno,Presencial,Blumenau,1670,7.8,65.9,6.5,37,87.8,5.6,10.3,Sim,Sim,Não,7,4.9,Não,Não
AL04251,16,Desenvolvimento de Sistemas,Matutino,Híbrido,Brusque,2663,8.3,68.1,7.1,43,84.5,7,9.7,Sim,Sim,Não,5,6.8,Não,Sim
AL04252,26,Eletromecânica,Matutino,Presencial,Blumenau,1975,9.8,85.6,4.1,56,75.6,8.2,6.1,Não,Não,Não,8,4.8,Não,Não
AL04253,30,Automação Industrial,Matutino,Presencial,Pomerode,1819,4.1,100,8.2,28,64,5.4,13.5,Sim,Sim,Sim,9,6.6,Sim,Não
AL04254,21,Desenvolvimento de Sistemas,Noturno,Presencial,Indaial,2190,10.3,92.2,4.7,52,100,7,8.9,Sim,Não,Não,9,6.9,Sim,Não
AL04255,20,Administração,Matutino,Presencial,Pomerode,2327,13.3,68.4,7.1,31,100,7.5,3.2,Sim,Sim,Sim,7,6.9,Não,Não
AL04256,28,Automação Industrial,Noturno,Presencial,Timbó,3018,8.6,100,4.3,17,100,6.6,12.7,Sim,Não,Não,8,7.3,Sim,Não
AL04257,21,Automação Industrial,Noturno,Presencial,Blumenau,2390,6.8,94.2,4.9,12,78.5,7.2,5,Sim,Sim,Sim,7,6.5,Sim,Não
AL04258,20,Administração,Matutino,Presencial,Gaspar,2578,13.6,78.3,6,40,95.4,6.7,7.9,Sim,Não,Não,10,6.7,Sim,Não
AL04259,17,Administração,Matutino,Presencial,Pomerode,4917,8,72.5,8,38,64.4,6.8,10,Sim,Não,Sim,6,6.5,Não,Não
AL04260,36,Eletromecânica,Noturno,Presencial,Pomerode,2362,9.2,79.2,9,47,97.1,5.9,23.9,Não,Sim,Não,7,7,Sim,Não
AL04261,36,Administração,Matutino,Presencial,Pomerode,3929,6.2,91.4,7.1,48,79.1,6.1,17.3,Sim,Sim,Não,7,6.5,Sim,Não
AL04262,17,Desenvolvimento de Sistemas,Noturno,Híbrido,Gaspar,1800,9,83.3,4.5,29,93,6.7,11.2,Sim,Sim,Não,6,5.4,Não,Não
AL04263,32,Eletromecânica,Noturno,Presencial,Blumenau,4077,0,100,7.2,44,86.8,6,16.4,Sim,Sim,Sim,6,6.5,Sim,Não
AL04264,36,Desenvolvimento de Sistemas,Matutino,Presencial,Brusque,1909,11.8,89.6,6,53,100,6.6,10.2,Sim,Sim,Não,6,6.1,Sim,Não
AL04265,40,Eletromecânica,Matutino,Presencial,Pomerode,4584,11,96.2,6.4,33,100,6.4,5.9,Sim,Sim,Sim,6,7.3,Sim,Não
AL04266,31,Eletromecânica,Matutino,Presencial,Gaspar,4874,6.9,78.6,8.8,28,77.3,6.7,4,Sim,Sim,Não,8,7.2,Sim,Não
AL04267,18,Administração,Noturno,Híbrido,Blumenau,2455,8.1,79.8,5.4,41,87.7,7.4,3.1,Não,Não,Não,6,5.8,Não,Sim
AL04268,21,Administração,Matutino,Presencial,Gaspar,3164,10.8,66.6,5.4,36,85.3,5.8,15,Sim,Não,Sim,6,5.6,Não,Não
AL04269,37,Administração,Matutino,Presencial,Blumenau,1772,3.7,86.7,6.8,46,85.7,6.5,16.7,Sim,Sim,Sim,7,5.9,Não,Não
AL04270,17,Desenvolvimento de Sistemas,Matutino,Presencial,Pomerode,1760,4.4,87.9,6.1,31,98.3,7.5,10.8,Não,Não,Não,8,5.8,Não,Não
AL04271,31,Administração,Noturno,Presencial,Gaspar,5039,2.5,75.8,7.9,22,67.8,7,19.7,Não,Sim,Não,8,8.7,Sim,Não
AL04272,50,Eletromecânica,Noturno,Presencial,Indaial,2263,9.7,89,5.9,18,59.1,7.1,3.1,Sim,Sim,Não,8,6.4,Sim,Não
AL04273,17,Automação Industrial,Matutino,Presencial,Indaial,4910,4.4,87.5,5.7,26,100,7.8,3.7,Sim,Não,Sim,6,8.3,Sim,Não
AL04274,24,Desenvolvimento de Sistemas,Noturno,Presencial,Indaial,2212,3.5,91.1,6,17,80.8,6.2,10,Sim,Sim,Não,6,5.9,Não,Não
AL04275,22,Desenvolvimento de Sistemas,Noturno,Presencial,Brusque,1579,3.4,77.3,6.5,14,100,6.3,14.6,Sim,Sim,Não,8,6.7,Sim,Sim
AL04276,19,Eletromecânica,Noturno,Presencial,Timbó,3043,15.1,79,7.6,27,94,4.7,3.5,Sim,Sim,Não,8,6.8,Sim,Não
AL04277,30,Automação Industrial,Noturno,Presencial,Blumenau,2012,5.2,92.5,6.1,28,81.6,7.6,12.1,Não,Sim,Não,6,6.4,Sim,Não
AL04278,26,Desenvolvimento de Sistemas,Matutino,Presencial,Timbó,4109,9.2,84.1,7.4,61,81.4,6.8,9.6,Sim,Sim,Não,10,5.6,Não,Não
AL04279,24,Eletromecânica,Noturno,Presencial,Indaial,3024,13.1,96.7,6.9,29,100,6.2,8.6,Sim,Sim,Não,6,8.2,Sim,Não
AL04280,18,Administração,Matutino,Presencial,Brusque,5318,13.9,71.8,6,43,79.6,8,5.6,Sim,nao,Não,4,7.4,Não,Não
AL04281,30,Administração,Noturno,Híbrido,Brusque,2388,13.5,89.9,7.8,24,76.7,7,11,Sim,Sim,Não,6,7.1,Sim,Sim
AL04282,20,Desenvolvimento de Sistemas,Matutino,Presencial,Pomerode,4728,4.9,88.8,6.3,30,88.8,6,8.9,Sim,Sim,Não,7,7.2,Sim,Não
AL04283,21,Administração,Matutino,Presencial,Pomerode,4744,15.6,87.2,4.3,43,79.5,6.7,42.4,Sim,Não,Não,8,5,Não,Sim
AL04284,26,Automação Industrial,Matutino,Presencial,Indaial,6107,3,93.4,5.2,29,95.4,7.1,17.1,Sim,Sim,Sim,7,6.1,Sim,Não
AL04285,16,Eletromecânica,Matutino,Presencial,Gaspar,6355,8.7,76.2,7.1,40,81.3,8.4,23.7,Não,Não,Não,,5.7,Não,Sim
AL04286,16,Desenvolvimento de Sistemas,Noturno,Presencial,Blumenau,1833,7.7,92.6,7.1,45,100,4.8,3.4,Sim,Sim,Sim,8,9.1,Sim,Não
AL04287,16,Automação Industrial,Matutino,Presencial,Pomerode,1779,8.7,83.3,6.1,25,74.6,5.4,9.4,Não,Sim,Não,6,4.4,Não,Não
AL04288,25,Administração,Noturno,Presencial,Pomerode,1526,8.5,77.9,2.4,26,100,6.7,8.8,Sim,Não,Sim,6,4.9,Não,Não
AL04289,25,Automação Industrial,Noturno,Presencial,Brusque,1799,6.8,77.7,6.8,28,87.3,5.9,10.9,Sim,Sim,Sim,6,6.9,Sim,Sim
AL04290,34,Eletromecânica,Noturno,Presencial,Brusque,2886,6.9,80.2,6.2,28,91.4,6.5,4.4,Sim,Sim,Não,6,5.6,Não,Não
AL04291,26,Administração,Noturno,Presencial,Gaspar,5842,9.8,75.1,5.1,20,96.9,8.1,12.1,Sim,Não,Não,4,5.2,Não,Não
AL04292,53,Administração,Noturno,Presencial,Indaial,1703,7.1,72.7,5,46,80.3,7.3,9.8,Não,Sim,Sim,8,5.2,Não,Não
AL04293,33,Eletromecânica,Matutino,Presencial,Indaial,2483,17.6,92.7,7.3,48,99.2,6.5,3.5,Não,Não,Sim,5,7.7,Sim,Não
AL04294,16,Administração,Matutino,Presencial,Brusque,900,10.4,94.3,6.5,27,100,5.1,16.3,Sim,Não,Sim,6,6.9,Sim,Não
AL04295,34,Administração,Matutino,Presencial,Brusque,8638,8.9,100,,38,70.9,3.8,5.1,Sim,Sim,Não,10,6.4,Sim,Não
AL04296,26,Administração,Noturno,Presencial,Gaspar,2498,11.6,71.9,7.4,27,100,7,9.4,Sim,Sim,Não,8,7.7,Não,Sim
AL04297,36,Automação Industrial,Matutino,Presencial,Brusque,1437,8.9,95.7,5.3,31,75,4.3,6.6,Sim,Sim,Não,7,6.1,Sim,Sim
AL04298,30,Eletromecânica,Noturno,Presencial,Pomerode,2586,0.9,72.7,4.3,26,45.1,6.4,8.5,Não,Sim,Sim,8,4.1,Não,Não
AL04299,25,Administração,Matutino,Hibrido,Gaspar,2940,9.4,75.2,7.4,13,92.4,6.7,13.8,Sim,Sim,Não,9,6.4,Sim,Não
AL04300,25,Administração,Matutino,Presencial,Blumenau,3187,7.7,94.9,3.7,35,94.8,6.2,6.1,Não,Sim,Não,8,6.2,Sim,Não
AL04301,16,Eletromecânica,Matutino,Presencial,Gaspar,2886,8.9,,4.9,35,85.3,7,4.7,Sim,Não,Sim,6,5.3,Não,Não
AL04302,24,Automação Industrial,Matutino,Presencial,Blumenau,4230,10.9,,4.8,29,100,5.5,6.9,Sim,Sim,Não,9,7.4,Sim,Não
AL04303,39,Eletromecânica,Noturno,Presencial,Blumenau,3873,14.9,73.1,6.2,51,97.1,6.9,5.6,Sim,Não,Sim,7,5.4,Não,Não
AL04304,23,Desenvolvimento de Sistemas,Matutino,Presencial,Timbó,1585,9.4,75.2,5.1,16,86.1,7.7,6.1,Sim,Sim,Não,9,6.8,Sim,Não
AL04305,16,Automação Industrial,Matutino,Presencial,Timbó,1929,5.1,78.7,8.6,27,50,6.3,7.7,Sim,Não,Sim,8,6.3,Sim,Não
AL04306,21,Automação Industrial,Noturno,Presencial,Pomerode,3900,7.2,90.2,6.4,28,95.9,6.4,4,Sim,Não,Sim,8,6.4,Sim,Não
AL04307,32,Desenvolvimento de Sistemas,Matutino,Presencial,Pomerode,1908,11.2,95,7.3,42,94.5,6,5.7,Sim,Sim,Não,9,6.7,Sim,Não
AL04308,36,Automação Industrial,Matutino,Presencial,Blumenau,3744,8.4,96.3,5,33,63.1,5.5,11.3,Sim,Sim,Não,7,6,Sim,Sim
AL04309,34,Eletromecânica,Matutino,Presencial,Blumenau,2392,8.4,90.4,5.5,38,98.7,7.4,18.2,Sim,Não,Sim,8,6.3,Sim,Não
AL04310,31,Eletromecânica,Matutino,Presencial,Brusque,1624,11.4,76.9,4.2,49,100,6.3,6.7,Não,Não,Não,6,6.3,Sim,Não
AL04311,34,Administração,Noturno,Presencial,Timbó,7302,2.7,97.8,5.6,52,79.6,6.5,2.9,Sim,Sim,Não,9,7.3,Sim,Não
AL04312,21,Desenvolvimento de Sistemas,Matutino,Presencial,Brusque,3373,3.9,74.3,5.6,25,75,7.7,2.4,Sim,Sim,Não,5,6,Não,Não
AL04313,25,Automação Industrial,Noturno,Presencial,Pomerode,1128,10.5,95.6,8.9,28,77.8,6.4,4.8,Sim,Sim,Não,8,7.3,Sim,Não
AL04314,29,Automação Industrial,Matutino,Presencial,Indaial,900,0,88.9,7.4,14,99.3,7.7,11.6,Sim,Sim,Não,9,7.2,Sim,Sim
AL04315,29,Eletromecânica,Matutino,Presencial,Gaspar,5047,10.8,77.6,8.9,29,77.9,7,3.8,Sim,Sim,Não,6,6.8,Sim,Não
AL04316,21,Automação Industrial,Noturno,Presencial,Indaial,5813,5.3,78.4,3.4,38,87,8.5,8.1,Sim,Sim,Não,7,5.3,Não,Não
AL04317,34,Desenvolvimento de Sistemas,Noturno,Presencial,Gaspar,2434,14.4,89.8,7.1,56,93.1,6.7,6.3,Não,Sim,Sim,7,7,Sim,Não
AL04318,16,Desenvolvimento de Sistemas,Matutino,Presencial,Indaial,1864,14.1,71.3,6.3,40,95.9,6.2,7.6,Sim,Sim,Não,7,6.9,Não,Não
AL04319,20,Automação Industrial,Noturno,Presencial,Timbó,4522,5.7,82.3,8.3,45,54.8,8.6,43.7,Sim,Não,Sim,9,7.2,Sim,Não
AL04320,30,Administração,Matutino,Híbrido,Timbó,5308,9.5,84.5,6,38,59.7,5.4,5.1,Sim,Sim,Não,7,6.1,Sim,Não
AL04321,29,Automação Industrial,Matutino,Presencial,Timbó,1910,12.2,84,8.3,30,100,7.4,4.5,Não,Sim,Não,7,7.2,Sim,Não
AL04322,24,Desenvolvimento de Sistemas,Noturno,Presencial,Blumenau,3725,5.5,70.7,,25,67.7,8.4,3.4,Não,Sim,Não,7,4.9,Não,Não
AL04323,16,Automação Industrial,Matutino,Híbrido,Indaial,4499,18.3,82.6,6.5,52,79.3,6.8,9.7,Sim,Não,Sim,5,7.2,Sim,Não
AL04324,25,Automação Industrial,Noturno,Presencial,Pomerode,8729,10.5,93.7,6.2,12,89.1,4.5,5.2,Sim,Sim,Não,7,8.3,Sim,Não
AL04325,21,Administração,Matutino,Presencial,Timbó,900,13.3,76.3,6.6,47,95.4,8.7,4.5,Não,Não,Sim,8,6.4,Sim,Não
AL04326,39,Administração,Matutino,Híbrido,Indaial,2682,8.6,,4.6,32,82.9,8.8,6.1,Não,Sim,Não,7,5.9,Não,Não
AL04327,32,Automação Industrial,Matutino,Presencial,Blumenau,2315,4.3,87.9,5,29,82.3,7,10.1,Não,Sim,Sim,9,6.4,Sim,Não
AL04328,28,Automação Industrial,Noturno,Presencial,Timbó,1626,7.9,86,6.9,28,85.5,7.3,8.3,Não,Não,Não,6,7.5,Sim,Não
AL04329,39,Administração,Noturno,Híbrido,Gaspar,1853,4,84.1,4.8,11,66.7,6.9,7.8,Sim,Sim,Sim,7,6.5,Sim,Não
AL04330,16,Desenvolvimento de Sistemas,Noturno,Híbrido,Gaspar,2337,6.5,86.3,5.2,22,100,6.2,8.2,Sim,Não,Sim,7,5.9,Não,Não
AL04331,21,Eletromecânica,Noturno,Presencial,Blumenau,2519,4.6,100,8.3,71,83.9,7.5,4,Sim,Sim,Sim,7,7.7,Sim,Não
AL04332,25,Administração,Noturno,Presencial,Indaial,3056,2.7,87.4,5.6,21,47.1,6.9,21.7,Sim,Sim,Não,9,5.8,Não,Sim
AL04333,18,Desenvolvimento de Sistemas,Matutino,Presencial,Blumenau,2948,7.1,81.1,4.7,25,81.3,5.4,4.1,Sim,Sim,Não,10,5.9,Não,Não
AL04334,31,Automação Industrial,Noturno,Presencial,Blumenau,1610,8.7,68.1,5.2,24,74.1,6.8,12.2,Não,Não,Não,9,4.8,Não,Não
AL04335,19,Eletromecânica,Noturno,Presencial,Brusque,4400,5,69.9,5.3,18,67.3,6.8,13.9,Sim,Sim,Sim,8,4.5,Não,Não
AL04336,27,Automação Industrial,Noturno,Presencial,Brusque,1384,17,98.2,8.9,46,100,8.8,4,Sim,Não,Não,7,7.9,Sim,Não
AL04337,41,Administração,Matutino,Presencial,Gaspar,2026,10.2,74.1,3.6,75,100,6.4,4.8,Sim,Sim,Sim,4,6.6,Não,Não
AL04338,30,Administração,Matutino,Presencial,Brusque,2814,10.7,75.6,8.4,38,100,7.3,15.8,Sim,Não,Sim,7,7.1,Sim,Não
AL04339,28,Administração,Noturno,Presencial,Timbó,2124,3.4,72.1,5.2,37,49.1,4.3,18.7,Sim,Sim,Não,6,4.4,Não,Não
AL04340,24,Administração,Noturno,Híbrido,Timbó,2664,3.1,85.1,7.3,3,53,6.5,4.7,Sim,Sim,Não,6,5.6,Não,Não
AL04341,28,Automação Industrial,Noturno,Híbrido,Gaspar,5872,1.6,94.1,5.2,15,90,7.4,4.6,Sim,Sim,Sim,6,7.7,Sim,Não
AL04342,20,Automação Industrial,Matutino,Presencial,Gaspar,1384,11.7,70.5,4.8,38,100,7.6,6,Sim,Não,Não,7,7,Não,Não
AL04343,31,Administração,Noturno,Presencial,Brusque,3741,3,85.2,7,19,90.2,6.6,5.9,Sim,Sim,Não,7,6.3,Sim,Não
AL04344,24,Administração,Noturno,Presencial,Brusque,1668,13.8,83,5.5,53,100,5.1,14.4,Não,Sim,Não,9,6.3,Sim,Não
AL04345,29,Eletromecânica,Noturno,Híbrido,Pomerode,1134,4.2,87.4,6.3,29,88.7,6.6,2.7,Não,Sim,Não,7,7.2,Sim,Não
AL04346,23,Automação Industrial,Matutino,Presencial,Timbó,2344,8.5,84.3,8,32,83.5,6.6,9.6,Sim,Sim,Não,7,7.4,Sim,Não
AL04347,16,Desenvolvimento de Sistemas,Matutino,Híbrido,Timbó,2704,6.8,75.3,10,30,75,5.9,4.9,Não,Sim,Não,7,6.5,Sim,Não
AL04348,30,Eletromecânica,Noturno,Presencial,Brusque,10955,7.6,85.6,6.4,44,90.5,5.8,3.5,Sim,Sim,Não,5,6.7,Sim,Sim
AL04349,21,Eletromecânica,Noturno,Presencial,Pomerode,3139,18.6,100,5.3,62,91.3,7.1,15.9,Sim,Não,Sim,10,7.2,Sim,Não
AL04350,22,Administração,Noturno,Presencial,Timbó,1837,15.3,76.6,7.3,42,100,7.2,1.7,Não,Não,Sim,7,6.6,Sim,Não
AL04351,19,Desenvolvimento de Sistemas,Noturno,Presencial,Brusque,3761,12.3,87.6,9.1,48,97.8,6.9,5.6,Não,Não,Sim,8,8,Sim,Não
AL04352,34,Automação Industrial,Matutino,Presencial,Timbó,5311,8.3,68.4,6.6,30,73.8,5.8,3.7,Sim,Sim,Não,5,6.2,Não,Não
AL04353,26,Eletromecânica,Noturno,Presencial,Indaial,900,3.3,100,9.9,54,65.4,6.5,4.1,Sim,Sim,Sim,6,8.4,Sim,Não
AL04354,28,Automação Industrial,Noturno,Presencial,Timbó,5687,9.9,93.6,6.5,47,99,6.4,1.8,Sim,Não,Não,9,6.7,Sim,Não
AL04355,32,Desenvolvimento de Sistemas,Matutino,Presencial,Gaspar,4169,7.5,84.1,8.9,18,100,5.8,4.6,Não,Não,Sim,6,8.2,Sim,Não
AL04356,25,Automação Industrial,Matutino,Presencial,Brusque,4515,0,92.8,5.9,17,59.9,6.6,3.2,Sim,Sim,Sim,6,7.5,Sim,Não
AL04357,29,Automação Industrial,Matutino,Presencial,Pomerode,4688,8.2,65.1,5.2,49,92.2,10,3.5,Sim,Não,Não,7,5.9,Não,Não
AL04358,21,Desenvolvimento de Sistemas,Noturno,Presencial,Indaial,2004,9.2,69.7,7.2,61,74.4,4.8,10,Sim,Não,Não,7,6.9,Não,Não
AL04359,43,Desenvolvimento de Sistemas,Matutino,Presencial,Indaial,2112,14.4,74.4,8.6,29,85.1,7,17.8,Não,Sim,Não,7,6.2,Não,Sim
AL04360,26,Desenvolvimento de Sistemas,Noturno,Presencial,Gaspar,1943,8.1,99.9,6.7,22,53.4,8.1,11.6,Sim,Sim,Não,6,5.5,Não,Sim
AL04361,28,Automação Industrial,Noturno,Híbrido,Pomerode,2871,6,97.4,5.3,50,75.5,5.6,5.9,Sim,Sim,Não,7,6.4,Sim,Não
AL04362,31,Desenvolvimento de Sistemas,Matutino,Presencial,Blumenau,1824,15.5,76.3,9.5,32,100,7.2,9.5,Sim,Sim,Não,8,8.8,Sim,Não
AL04363,26,Eletromecânica,Matutino,Presencial,Timbó,900,15.9,84.9,6,45,100,7.6,5.7,Não,Não,Sim,4,7.6,Sim,Não
AL04364,16,Desenvolvimento de Sistemas,Matutino,Presencial,Timbó,2037,6.2,67.7,6.8,47,58.7,8.5,4.6,Sim,Não,Não,7,5.2,Não,Não
AL04365,49,Automação Industrial,Noturno,Híbrido,Pomerode,1437,3.1,80.9,5.8,26,82.7,5.7,16,Sim,Sim,Não,6,6.2,Sim,Não
AL04366,29,Automação Industrial,Noturno,Presencial,Indaial,2732,5.5,81.8,6,35,100,6.9,13.9,Sim,Sim,Não,5,6.8,Sim,Não
AL04367,39,Eletromecânica,Noturno,Híbrido,Indaial,2702,9.6,81.7,4.8,27,72.6,7,5,Sim,Sim,Não,7,6.7,Sim,Não
AL04368,44,Eletromecânica,Matutino,Presencial,Gaspar,3769,13.9,91.8,5,39,100,7.3,6.6,Sim,Não,Sim,8,7.1,Sim,Não
AL04369,29,Desenvolvimento de Sistemas,Matutino,Híbrido,Timbó,3533,12,82,5.8,35,64.1,7.8,5.2,Sim,Sim,Não,7,5.6,Não,Não
AL04370,36,Administração,Noturno,Presencial,Gaspar,5238,6.1,94.1,5.6,42,87,8.2,9.7,Sim,Não,Não,7,6.4,Sim,Não
AL04371,19,Automação Industrial,Matutino,Presencial,Pomerode,2301,6.1,87.9,7.5,52,64.9,4.7,8.3,Sim,Sim,Sim,9,8.1,Sim,Não
AL04372,17,Administração,Matutino,Presencial,Blumenau,2822,5.7,87.1,4.5,44,59.1,7.6,4.4,Sim,Sim,Não,9,5.2,Não,Não
AL04373,32,Eletromecânica,Matutino,Presencial,Pomerode,5162,15,83.3,7.1,34,100,6.8,8.3,Sim,Sim,Não,7,7.7,Sim,Não
AL04374,31,Administração,Noturno,Presencial,Timbó,1325,6,82.5,7.2,45,100,5.1,6.9,Não,Sim,Não,8,7.3,Sim,Não
AL04375,16,Desenvolvimento de Sistemas,Matutino,Presencial,Timbó,1943,0,88.3,7.3,30,74.5,5.6,7.5,Sim,Sim,Sim,10,7.5,Sim,Não
AL04376,18,Desenvolvimento de Sistemas,Noturno,Híbrido,Blumenau,3624,8.6,89.9,5.8,50,75.6,6.8,4.3,Sim,Não,Não,6,6.8,Sim,Não
AL04377,37,Automação Industrial,Noturno,Presencial,Pomerode,3441,14.2,88.3,7.8,45,90.6,6.1,4.5,Sim,Sim,Não,6,6.8,Sim,Não
AL04378,36,Automação Industrial,Noturno,Presencial,Blumenau,2127,7.7,79.7,7.7,24,47.1,6.9,8.3,Sim,Sim,Não,8,7.1,Sim,Sim
AL04379,38,Automação Industrial,Matutino,Presencial,Blumenau,3605,6.2,80.1,7,26,79.4,7.3,5.4,Sim,Sim,Não,3,6.5,Sim,Não
AL04380,19,Administração,Noturno,Presencial,Blumenau,4566,12,83.4,8.1,71,80.2,7.5,5.3,Sim,Sim,Sim,9,7.2,Sim,Não
AL04381,30,Administração,Noturno,Híbrido,Brusque,5256,13.4,80.6,4.6,39,97.3,6.5,14.9,Sim,Sim,Não,7,6.1,Sim,Não
AL04382,26,Desenvolvimento de Sistemas,Matutino,Presencial,Gaspar,4276,5.9,90.8,3.6,27,67.9,7.5,3.4,Sim,Sim,Não,8,4.8,Não,Não
AL04383,35,Desenvolvimento de Sistemas,Matutino,Presencial,Indaial,1525,5.8,96.4,8.5,33,79.9,6.1,18.1,Sim,Sim,Não,6,7.4,Sim,Sim
AL04384,16,Automação Industrial,Matutino,Presencial,Brusque,5838,6.9,94.1,6.5,27,100,5.4,10.5,Sim,Sim,Não,7,6.7,Sim,Não
AL04385,26,Administração,Noturno,Híbrido,Brusque,3795,4.4,77.2,6.1,48,70.8,6.5,4,Não,Sim,Não,8,4.7,Não,Sim
AL04386,19,Desenvolvimento de Sistemas,Noturno,Presencial,Timbó,3569,13,88.6,4.5,35,91.4,6.4,3.3,Sim,Não,Sim,9,6.7,Sim,Não
AL04387,16,Eletromecânica,Matutino,Presencial,Brusque,3060,5.3,83.8,6.8,14,71.8,7.1,14.1,Sim,Não,Não,10,5.8,Não,Não
AL04388,29,Eletromecânica,Noturno,Presencial,Gaspar,3507,8.7,80.7,4.1,61,100,5,1.5,Sim,Sim,Sim,8,7.3,Sim,Não
AL04389,26,Automação Industrial,Noturno,Presencial,Indaial,,3.4,90.3,6.9,29,72.6,6.9,3.3,Não,Sim,Não,5,5.5,Não,Não
AL04390,24,Administração,Matutino,Híbrido,Indaial,2092,10.1,78.7,6.4,26,100,7.7,5.4,Sim,Sim,Sim,8,7.8,Sim,Não
AL04391,16,Automação Industrial,Matutino,Presencial,Gaspar,1731,14.1,89.3,7.4,46,91.5,5.7,15,Sim,Sim,Não,5,6.7,Sim,Sim
AL04392,31,Eletromecânica,Matutino,Presencial,Blumenau,1592,10.6,74,6.8,32,94.1,6.6,4.2,Não,Sim,Sim,8,7,Não,Não
AL04393,30,Desenvolvimento de Sistemas,Noturno,Presencial,Brusque,3601,3.9,75.8,7.2,18,76.8,6.8,5.8,Sim,Sim,Não,8,6.3,Sim,Não
AL04394,31,Eletromecânica,Matutino,Presencial,Indaial,6416,8.8,95,7,43,53.5,5.8,7.8,Sim,Sim,Não,5,5.2,Não,Sim
AL04395,26,Eletromecânica,Noturno,Presencial,Pomerode,3974,11.5,71.9,6.1,47,100,6.6,2.4,Sim,Não,Não,6,8.4,Não,Não
AL04396,38,Automação Industrial,Noturno,Presencial,Pomerode,3581,8.9,55,7.4,42,71.3,7.4,3.6,Não,Sim,Não,7,4.9,Não,Sim
AL04397,30,Automação Industrial,Noturno,Presencial,Indaial,2729,10.8,63.1,8.5,56,82.9,6.7,4.8,Não,Sim,Não,6,7.1,Não,Sim
AL04398,18,Eletromecânica,Noturno,Presencial,Gaspar,6046,12.2,97,7.5,10,100,7.5,3.8,Sim,Sim,Não,4,6.3,Sim,Não
AL04399,38,Administração,Noturno,Presencial,Indaial,4989,5.8,75.5,3.8,23,65.6,7.7,6.9,Sim,Sim,Não,8,5.4,Não,Não
AL04400,16,Desenvolvimento de Sistemas,Matutino,Presencial,Pomerode,4136,12.5,73.2,4.6,42,100,7.9,1.9,Sim,Não,Não,8,6.8,Não,Sim
AL04401,39,Automação Industrial,Noturno,Presencial,Pomerode,1453,16,88.9,7.3,36,97.2,6.9,7.1,Sim,Não,Sim,7,7.1,Sim,Não
AL04402,31,Desenvolvimento de Sistemas,Matutino,Presencial,Pomerode,6762,0,75.6,4.9,40,100,3.7,13.6,Sim,Sim,Não,8,5.6,Não,Sim
AL04403,28,Automação Industrial,Noturno,Híbrido,Gaspar,2329,12.3,69.7,7.6,25,89.5,6,10.7,Sim,Não,Não,8,6.8,Não,Não
AL04404,36,Desenvolvimento de Sistemas,Noturno,Presencial,Pomerode,2423,8.6,77.3,6.1,38,100,5.6,4.2,Sim,Não,Sim,8,6.5,Sim,Não
AL04405,27,Desenvolvimento de Sistemas,Matutino,Híbrido,Timbó,8933,4.6,95.2,5.9,17,84.2,6.1,3,Sim,Sim,Não,10,6.3,Sim,Não
AL04406,24,Automação Industrial,Noturno,Presencial,Timbó,934,14.3,90,4.8,45,89.8,7.6,6.3,Sim,Sim,Não,9,7.5,Sim,Não
AL04407,18,Automação Industrial,Matutino,Presencial,Brusque,1357,6.3,83.9,6.5,30,80.9,6.1,7.9,Não,Sim,Não,8,6,Sim,Não
AL04408,22,Administração,Matutino,Presencial,Indaial,1395,9.3,94.5,4.6,22,87.5,7.8,5.2,Sim,Sim,Não,5,6.4,Sim,Não
AL04409,22,Desenvolvimento de Sistemas,Noturno,Híbrido,Blumenau,3823,14.2,96.2,6.2,35,79.3,8.3,8,Não,Sim,Sim,5,7,Sim,Não
AL04410,29,Eletromecânica,Noturno,Híbrido,Brusque,5894,4.1,81.7,5.4,24,100,8,5.8,Sim,Sim,Sim,4,7.8,Sim,Sim
AL04411,23,Desenvolvimento de Sistemas,Matutino,Presencial,Indaial,1993,9.4,84.4,7,34,62.6,5,8.7,Sim,Sim,Não,7,7,Sim,Não
AL04412,44,Eletromecânica,Noturno,Presencial,Timbó,3730,10.3,78.5,4.5,47,82.5,8.3,2.7,Sim,Sim,Não,7,4.6,Não,Não
AL04413,33,Desenvolvimento de Sistemas,Noturno,Presencial,Timbó,2751,18.7,70,5.1,35,100,6.1,7.5,Sim,Sim,Não,5,6.4,Não,Sim
AL04414,16,Desenvolvimento de Sistemas,Noturno,Híbrido,Pomerode,1953,19.9,66.5,7.8,46,100,8.2,11.3,Sim,Não,Não,10,7,Não,Sim
AL04415,24,Eletromecânica,Matutino,Presencial,Gaspar,2935,6.5,64.9,5.8,18,70.7,6.7,4.7,Sim,Sim,Não,6,4.1,Não,Não
AL04416,27,Desenvolvimento de Sistemas,Matutino,Presencial,Gaspar,2329,16.4,100,6.9,58,100,8.1,2.1,Não,Não,Sim,3,7.4,Sim,Não
AL04417,39,Automação Industrial,Noturno,Presencial,Gaspar,6476,6,87.7,7.9,41,100,6,9.4,Sim,Sim,Não,8,8.1,Sim,Não
AL04418,48,Administração,Noturno,Presencial,Gaspar,3612,12.9,81.9,5,61,100,7,44.5,Sim,Sim,Não,7,7.2,Sim,Não
AL04419,34,Eletromecânica,Matutino,Presencial,Blumenau,3147,10.5,84.3,6.3,65,100,7.5,7.9,Sim,Sim,Não,9,7.8,Sim,Não
AL04420,39,Eletromecânica,Noturno,Presencial,Brusque,1721,4.8,69,7.2,53,92.8,6.6,31.2,Não,Sim,Sim,7,6.7,Não,Sim
AL04421,23,Administração,Matutino,Presencial,Gaspar,1642,3.5,89.4,7.5,9,87.8,6.7,13.6,Sim,Sim,Sim,5,7.1,Sim,Não
AL04422,32,Automação Industrial,Noturno,Híbrido,Timbó,6094,6.2,87.8,4.9,31,100,6.4,19.5,Sim,Sim,Não,7,7.8,Sim,Não
AL04423,22,Administração,Matutino,Presencial,Indaial,900,12.1,,7,45,100,3.6,2.6,Sim,Sim,Não,5,6.9,Não,Sim
AL04424,16,Eletromecânica,Noturno,Presencial,Pomerode,1914,12.1,63.2,5.3,32,87.6,7,24.1,Sim,Não,Não,7,6.8,Não,Não
AL04425,28,Eletromecânica,Noturno,Presencial,Timbó,900,1,80.7,7.1,20,89.4,5.6,6.3,Não,Sim,Não,3,6.6,Sim,Não
AL04426,27,Automação Industrial,Matutino,Presencial,Gaspar,2024,5.9,77.2,6.7,37,69.9,6.8,16.7,Não,Sim,Não,8,5.3,Não,Não
AL04427,20,Eletromecânica,Noturno,Presencial,Pomerode,1922,13.4,89.1,6.8,36,100,7.1,14.6,Não,Não,Não,6,5.6,Não,Não
AL04428,25,Desenvolvimento de Sistemas,Noturno,Presencial,Timbó,2368,17.5,94.9,5.7,52,100,6.5,10,Sim,Sim,Não,7,9.1,Sim,Não
AL04429,45,Desenvolvimento de Sistemas,Matutino,Presencial,Pomerode,4862,1.6,87,5.6,35,58.1,4.6,13.3,Sim,Sim,Não,7,6.4,Sim,Não
AL04430,27,Administração,Noturno,Presencial,Blumenau,2284,2.4,80.2,5.7,18,61.3,7.7,9.2,Sim,Sim,Sim,8,5.6,Não,Não
AL04431,35,Desenvolvimento de Sistemas,Noturno,Híbrido,Indaial,2707,7.7,74.9,5.3,24,84.3,4.8,2.5,Sim,Sim,Não,6,5.9,Não,Não
AL04432,34,desenv. sistemas,Noturno,Presencial,Indaial,3241,9.1,77.9,5.7,48,74.3,6.7,7.6,Sim,Sim,Não,6,6.2,Sim,Não
AL04433,25,Automação Industrial,Matutino,Presencial,Gaspar,1039,5.5,88.1,7.2,17,84.8,8.5,15,Não,Não,Sim,7,6.7,Sim,Não
AL04434,24,Automação Industrial,Noturno,Presencial,Brusque,5545,5.7,97.9,2.8,37,89.3,4.1,5.7,Sim,Sim,Não,8,6.5,Sim,Não
AL04435,30,Automação Industrial,Matutino,Presencial,Brusque,2737,6.3,85.5,4.4,41,100,8,6.4,Não,Sim,Sim,4,6.3,Sim,Sim
AL04436,27,Desenvolvimento de Sistemas,Matutino,Presencial,Brusque,5776,8.1,71.2,7,26,97.7,5.1,7.6,Sim,Sim,Sim,8,4.8,Não,Não
AL04437,31,Administração,Matutino,Presencial,Indaial,1259,12.3,99.5,7.8,51,98.1,5.5,3.9,Não,Sim,Não,6,8.6,Sim,Não
AL04438,22,Desenvolvimento de Sistemas,Noturno,Presencial,Timbó,2826,4.9,88.3,5,29,86.1,7.7,9.5,Sim,Sim,Não,5,6.4,Sim,Não
AL04439,30,Administração,Noturno,Presencial,Indaial,1847,10.2,76.5,6.7,48,100,6.4,4.8,Sim,Não,Não,10,9,Sim,Não
AL04440,21,Administração,Noturno,Presencial,Pomerode,3769,16.6,83.9,5.8,78,100,6.5,9.1,Sim,Não,Não,7,6.3,Sim,Não
AL04441,28,Administração,Matutino,Presencial,Brusque,1692,7,76.5,9,24,75.3,9,16.4,Sim,Não,Não,6,6,Sim,Não
AL04442,19,Administração,Noturno,Presencial,Indaial,4899,9.5,79.9,6.8,21,87.9,7.1,8.7,Sim,Não,Não,6,6.8,Sim,Não
AL04443,30,Administração,Noturno,Presencial,Indaial,4983,7.2,78.9,8.4,29,100,7.7,5.5,Não,Sim,Sim,7,7.7,Sim,Sim
AL04444,25,Administração,Noturno,Híbrido,Brusque,2724,9.1,,6.4,33,88.5,9.2,5.9,Sim,Sim,Sim,6,5.5,Não,Não
AL04445,39,Desenvolvimento de Sistemas,Noturno,Presencial,Brusque,3295,14.1,100,5.6,46,97.3,7,1.6,Sim,Não,Sim,9,6.9,Sim,Não
AL04446,23,Administração,Matutino,Presencial,Gaspar,2422,5.9,81.9,7.4,32,61.4,8,12.2,Sim,Sim,Não,7,6.8,Sim,Não
AL04447,16,Automação Industrial,Noturno,Presencial,Pomerode,6138,5.9,74.9,7.6,41,77.1,5.5,16.4,Sim,Sim,Não,6,5.8,Não,Não
AL04448,16,Administração,Matutino,Presencial,Timbó,1285,9.5,84.1,6.9,32,100,7.9,18.6,Sim,Não,Não,8,7.4,Sim,Não
AL04449,16,Desenvolvimento de Sistemas,Matutino,Presencial,Timbó,5348,11,81,7.2,42,100,7.4,27.5,Sim,Não,Sim,7,6.9,Sim,Não
AL04450,18,Eletromecânica,Noturno,Híbrido,Indaial,1529,13.5,89.6,5.6,35,100,6.9,9.3,Sim,Não,Não,9,6.4,Sim,Não
AL04451,26,Administração,Matutino,Presencial,Gaspar,900,12.6,73.9,4.5,36,79.9,7.4,6.2,Sim,Não,Não,6,5.9,Não,Não
AL04452,24,Desenvolvimento de Sistemas,Matutino,Presencial,Timbó,4695,11.8,,6.1,10,100,7.4,3.3,Sim,Não,Sim,7,6.6,Não,Não
AL04453,33,Automação Industrial,Noturno,Híbrido,Gaspar,3270,6.2,88.5,7.4,44,85.7,5.7,2.8,Sim,Não,Sim,6,6,Sim,Não
AL04454,38,Administração,Matutino,Híbrido,Blumenau,2028,5.9,76.6,6.1,29,98.7,4.9,2.6,Sim,Sim,Não,7,6.3,Sim,Não
AL04455,32,Administração,Noturno,Presencial,Gaspar,3944,10,82.5,5.5,42,88.7,6.2,3.1,Sim,Sim,Não,7,4.7,Não,Não
AL04456,18,Automação Industrial,Noturno,Presencial,Timbó,1985,16,90.3,8.7,61,100,5.6,3.8,Não,Não,Não,7,7.1,Sim,Não
AL04457,31,Automação Industrial,Noturno,Híbrido,Pomerode,3736,9.9,90.8,5.8,47,86.3,4.7,13.7,Sim,Sim,Não,8,7.6,Sim,Não
AL04458,29,Desenvolvimento de Sistemas,Matutino,Presencial,Gaspar,2923,1.2,97.8,7.2,17,78.7,7.3,4.2,Sim,Sim,Sim,5,5.8,Não,Não
AL04459,22,Administração,Noturno,Presencial,Blumenau,3148,14.5,90.9,6.1,44,100,5.7,5.1,Sim,Sim,Não,6,6.7,Sim,Sim
AL04460,24,Administração,Matutino,Presencial,Brusque,1857,3.3,100,5.5,47,86.4,8,10.5,Sim,Sim,Não,6,5.5,Não,Não
AL04461,39,Eletromecânica,Matutino,Presencial,Timbó,2293,9.2,72.7,8.3,38,84.9,8.3,8.9,Sim,Sim,Não,8,7.9,Não,Não
AL04462,16,Desenvolvimento de Sistemas,Noturno,Presencial,Blumenau,2977,0,93.5,6.2,3,73.7,7.2,11.6,Não,Sim,Não,9,4.9,Não,Não
AL04463,25,Administração,Noturno,Presencial,Timbó,1958,8,91.7,4.5,30,98.6,8.5,3.5,Não,Não,Não,9,5.6,Não,Não
AL04464,16,Automação Industrial,Noturno,Presencial,Brusque,4524,10.9,83.9,7.8,43,90.8,8.7,5.7,Sim,Não,Não,8,6.7,Sim,Não
AL04465,40,Automação Industrial,Matutino,Presencial,Brusque,4105,2.8,79.3,6.3,31,82.9,6.5,8.3,Sim,Sim,Não,7,5.2,Não,Não
AL04466,26,Administração,Matutino,Presencial,Indaial,3995,7.4,78.2,5.1,29,85.7,7.8,4.2,Não,Não,Sim,6,6.1,Sim,Não
AL04467,18,Desenvolvimento de Sistemas,Noturno,Presencial,Indaial,4098,0,70,6.3,4,64.1,9.6,14.8,Sim,Sim,Não,7,5.1,Não,Sim
AL04468,30,Desenvolvimento de Sistemas,Matutino,Presencial,Blumenau,5577,12.3,92.1,6.1,38,100,8,6.3,Sim,Sim,Não,4,8.4,Sim,Sim
AL04469,16,Eletromecânica,Matutino,Presencial,Timbó,2890,7.4,88.5,8.3,44,78.5,7.1,5.4,Sim,Sim,Sim,10,6.7,Sim,Não
AL04470,27,Eletromecânica,Matutino,Presencial,Indaial,2764,15.4,72.7,8.6,25,100,5.7,5.4,Sim,Sim,Não,7,8.6,Não,Sim
AL04471,42,Desenvolvimento de Sistemas,Matutino,Presencial,Pomerode,2972,4.3,79,7.6,16,100,6.6,8.2,Sim,Sim,Não,9,7.3,Sim,Não
AL04472,20,Administração,noturno ,Híbrido,Brusque,3737,6.9,76.3,7.2,24,72.1,6,23.7,Sim,Sim,Não,6,7,Sim,Não
AL04473,36,Administração,Matutino,Presencial,Pomerode,2551,4.5,82.4,5.7,39,100,7.4,5.2,Sim,Sim,Não,9,7.3,Sim,Não
AL04474,16,Automação Industrial,Matutino,Presencial,Brusque,,10.5,71.8,5.5,52,100,9.2,5.6,Sim,Não,Sim,6,8,Não,Não
AL04475,36,Administração,Noturno,Presencial,Indaial,3311,11.4,97.2,5,39,91.5,5,5,Sim,Sim,Sim,9,7.3,Sim,Sim
AL04476,18,Desenvolvimento de Sistemas,Noturno,Presencial,Blumenau,2774,11.8,95.3,7.2,24,100,6.9,3,Sim,Sim,Não,9,9.3,Sim,Não
AL04477,22,Administração,Noturno,Presencial,Indaial,3263,11.8,98.8,6.5,35,100,5.5,3.3,Sim,Não,Sim,,7.7,Sim,Não
AL04478,26,Desenvolvimento de Sistemas,Noturno,Presencial,Pomerode,1962,14.1,81.8,6.5,57,82,6.9,4.1,Não,Não,Sim,10,6.5,Sim,Não
AL04479,18,Desenvolvimento de Sistemas,Matutino,Híbrido,Indaial,3444,5.8,69,5.2,20,100,6.9,13.3,Sim,Não,Sim,4,6.4,Não,Sim
AL04480,34,Automação Industrial,Noturno,Presencial,Pomerode,2891,5.4,100,9.7,19,85,6.6,7.3,Sim,Sim,Não,6,7.5,Sim,Não
AL04481,23,Administração,Matutino,Presencial,Brusque,3462,2.7,62.9,9.7,31,100,7.2,12.6,Sim,Sim,Não,5,7.4,Não,Sim
AL04482,26,Eletromecânica,Matutino,Presencial,Pomerode,4792,3.1,69.1,10,23,71.9,6.2,6.6,Sim,Sim,Não,6,6.4,Não,Não
AL04483,21,Automação Industrial,Matutino,Híbrido,Timbó,4698,5.1,97.9,4.6,29,91.3,6.3,4.7,Sim,Sim,Não,9,6.7,Sim,Não
AL04484,34,Administração,Noturno,Presencial,Brusque,6911,10.9,86.5,5.7,49,81.7,7.3,11.8,Sim,Sim,Sim,4,6.4,Sim,Não
AL04485,16,Administração,Matutino,Presencial,Brusque,2665,8.9,,7.2,39,100,8.6,4.7,Sim,Não,Não,7,8.9,Sim,Não
AL04486,21,Eletromecânica,Noturno,Presencial,Indaial,6271,18.4,78.9,8,22,87.8,9.4,5.9,Sim,Não,Não,6,7.3,Sim,Não
AL04487,19,Eletromecânica,Matutino,Presencial,Blumenau,1032,9.6,72.8,7.8,50,88.8,8.2,6.9,Sim,Não,Não,7,6.8,Não,Não
AL04488,28,Automação Industrial,Noturno,Presencial,Gaspar,2611,12.3,69,6.4,39,83.6,10,12.5,Não,Não,Não,6,4.8,Não,Sim
AL04489,31,Desenvolvimento de Sistemas,Matutino,Híbrido,Indaial,3370,5.3,87.1,6.6,26,62.8,7.5,3.3,Sim,Sim,Não,6,6.8,Sim,Não
AL04490,32,Automação Industrial,Matutino,Presencial,Timbó,2231,8.7,83.1,5.1,40,100,6.7,14.4,Não,Sim,Não,8,6.1,Sim,Não
AL04491,19,Automação Industrial,Noturno,Presencial,Pomerode,2757,15.5,78.7,6.5,57,95.7,7.9,8.4,Sim,Não,Não,6,6.5,Sim,Não
AL04492,20,Administração,Noturno,Presencial,Blumenau,1628,7.8,90.9,5.9,29,96.2,6.8,5.3,Sim,Sim,Sim,6,8.3,Sim,Sim
AL04493,16,Automação Industrial,Matutino,Presencial,Gaspar,3913,11.1,92.2,6.6,39,94,8.1,7.3,Sim,Não,Não,7,6.9,Sim,Não
AL04494,24,Desenvolvimento de Sistemas,Matutino,Presencial,Gaspar,9010,6.9,95.2,6.7,31,82.9,7.4,21.5,Sim,Sim,Não,8,6.5,Sim,Sim
AL04495,38,Administração,Noturno,Presencial,Pomerode,2753,15.6,80.2,7.8,30,75.5,4.6,9.2,Sim,Não,Não,8,7.4,Sim,Não
AL04496,16,Automação Industrial,Matutino,Presencial,Blumenau,2059,4.3,99.9,5.7,13,100,8.3,10.3,Não,Não,Sim,8,6.5,Sim,Não
AL04497,31,Desenvolvimento de Sistemas,Matutino,Presencial,Pomerode,6647,14.2,65.3,4.3,21,100,9,3.4,Sim,Não,Sim,7,6.8,Não,Não
AL04498,40,Eletromecânica,Matutino,Presencial,Timbó,4697,8,78.1,5.1,27,41.6,8.2,6.1,Sim,Não,Sim,5,4.2,Não,Não
AL04499,16,Eletromecânica,Matutino,Presencial,Blumenau,900,6.7,81.4,5.8,27,94.1,6.7,4.4,Sim,Sim,Não,8,4.7,Não,Não
AL04500,25,Desenvolvimento de Sistemas,Matutino,Presencial,Indaial,5233,3.6,100,8.2,17,52.7,7.8,9,Sim,Sim,Sim,8,6.5,Sim,Não
AL04501,36,Administração,Matutino,Presencial,Indaial,4263,10,85.1,5.9,39,100,7.4,9.4,Sim,Sim,Não,5,6.2,Sim,Sim
AL04502,35,Eletromecânica,Noturno,Presencial,Indaial,3682,12.5,89.5,8,48,59.8,6.6,12,Sim,Não,Não,7,6.6,Sim,Não
AL04503,25,Administração,Matutino,Presencial,Brusque,2367,5.8,79.1,7,20,93.6,5.6,10.4,Sim,Sim,Sim,7,7.3,Sim,Não
AL04504,20,Automação Industrial,Noturno,Presencial,Pomerode,2591,5,75,4.3,33,87.4,5.3,41.2,Não,Sim,Não,6,5,Não,Não
AL04505,29,Automação Industrial,Matutino,Presencial,Timbó,1864,10,83.6,7.9,30,66.4,8.1,2.4,Sim,Sim,Não,6,7.3,Sim,Não
AL04506,16,Administração,Matutino,Híbrido,Indaial,2332,15.7,79.3,6.8,56,100,6.7,9.1,Sim,Não,Não,7,8.1,Sim,Não
AL04507,24,Administração,Matutino,Presencial,Timbó,900,9.4,93.5,9.9,33,100,4.6,2.2,Sim,Sim,Sim,5,7.2,Sim,Não
AL04508,36,Administração,Noturno,Presencial,Timbó,4411,14.5,78.5,5.8,24,97.6,7.5,3.4,Sim,Sim,Não,10,5.4,Não,Não
AL04509,19,Desenvolvimento de Sistemas,Noturno,Híbrido,Brusque,5248,13.3,88.9,5.1,47,83.6,7.9,6.7,Sim,Não,Não,7,6.6,Sim,Não
AL04510,43,Automação Industrial,Noturno,Presencial,Brusque,5332,2,76.5,8.7,32,89.9,5.4,11.9,Sim,Sim,Sim,8,7.9,Sim,Sim
AL04511,30,Eletromecânica,Noturno,Presencial,Blumenau,7038,7.6,73.4,6.9,36,69.9,7.8,2.3,Sim,Não,Não,10,6,Não,Não
AL04512,16,Desenvolvimento de Sistemas,Matutino,Híbrido,Indaial,2026,10.1,74.1,8.6,30,100,5.5,11,SIM,Sim,Sim,6,6.2,Não,Não
AL04513,31,Automação Industrial,Matutino,Presencial,Gaspar,1637,10.4,84.4,5,34,100,6,6.1,Não,Sim,Sim,10,6.3,Sim,Não
AL04514,37,Eletromecânica,Noturno,Presencial,Indaial,2063,3.5,74.8,7.8,29,100,5.5,15.2,Não,Sim,Sim,6,6.5,Não,Não
AL04515,29,Automação Industrial,Noturno,Presencial,Blumenau,3175,15,84.5,4.6,42,84.8,5.9,3.1,Sim,Não,Não,7,5.3,Não,Sim
AL04516,31,Automação Industrial,Noturno,Presencial,Gaspar,2970,8.4,97.2,5.7,36,100,5.4,5.5,Sim,Sim,Sim,7,7.8,Sim,Não
AL04517,19,Desenvolvimento de Sistemas,Matutino,Presencial,Pomerode,9165,6.3,98.3,7.5,37,100,6,2.6,Sim,Sim,Não,9,7.7,Sim,Não
AL04518,33,Eletromecânica,Matutino,Presencial,Indaial,3964,8.3,84.2,5.8,25,84.4,6.4,4.9,Sim,Sim,Não,7,6.6,Sim,Sim
AL04519,33,Desenvolvimento de Sistemas,Matutino,Presencial,Indaial,2404,4.6,90.7,7.6,45,100,6.6,4.7,Não,Sim,Não,7,6.9,Sim,Não
AL04520,16,Eletromecânica,Noturno,Presencial,Blumenau,1145,9.6,84.6,5.5,28,79.7,7.8,8.3,Não,Não,Não,8,4.9,Não,Não
AL04521,16,Administração,Matutino,Presencial,Blumenau,4477,2.2,71.8,4.1,49,89,9,3,Sim,Não,Sim,9,5.7,Não,Não
AL04522,26,Administração,Noturno,Presencial,Pomerode,2428,6.3,84.1,8.3,48,86.2,5.4,4.3,Sim,Sim,Não,10,7.4,Sim,Não
AL04523,17,Automação Industrial,Matutino,Presencial,Timbó,11252,7.7,75.7,6.1,32,86,7.8,13.3,Sim,Não,Não,9,6.5,Sim,Não
AL04524,21,Desenvolvimento de Sistemas,Noturno,Presencial,Brusque,12781,0.1,84.8,6.1,12,73.5,6.7,3.4,Sim,Sim,Não,9,7.1,Sim,Não
AL04525,40,Automação Industrial,Matutino,Híbrido,Pomerode,5153,11.7,79.7,7.1,34,100,8.3,6.5,Sim,Sim,Não,6,5.7,Não,Não
AL04526,19,Automação Industrial,Matutino,Presencial,Pomerode,1282,1.5,82.1,8.6,34,99.5,7.3,7,Sim,Sim,Sim,7,7.7,Sim,Não
AL04527,29,Eletromecânica,Noturno,Presencial,Timbó,1986,9.1,74.5,5.5,36,92.7,5.3,7.3,Sim,Sim,Não,7,5.6,Não,Não
AL04528,30,Desenvolvimento de Sistemas,Noturno,Híbrido,Pomerode,3010,5.3,89.4,5.1,17,89,7.4,8,Sim,Não,Não,9,5.6,Não,Não
AL04529,37,Desenvolvimento de Sistemas,Noturno,Presencial,Blumenau,6364,3.4,78.3,9.6,20,69.3,7.3,13.3,Sim,Sim,Não,8,6.5,Sim,Sim
AL04530,18,Administração,Matutino,Presencial,Brusque,1322,12.6,85.9,5,17,74,5.7,26,Não,Sim,Não,,5.9,Não,Não
AL04531,38,Administração,Noturno,Presencial,Brusque,2290,12.1,80.6,6.3,29,100,7.2,3.2,Não,Sim,Não,7,7.6,Sim,Sim
AL04532,23,Desenvolvimento de Sistemas,Noturno,Presencial,Blumenau,1818,3.6,91,5.3,37,63.5,6,17,Não,Sim,Não,8,5.4,Não,Não
AL04533,26,Eletromecânica,Matutino,Presencial,Pomerode,4295,5.3,100,7,58,84.1,5.7,10.4,Sim,Sim,Sim,6,7.8,Sim,Não
AL04534,17,Administração,Noturno,Presencial,Brusque,4524,7.5,66.4,5.4,36,89.5,6.4,3.7,Sim,Sim,Não,4,6.4,Não,Não
AL04535,37,Eletromecânica,Matutino,Híbrido,Gaspar,2384,2,84.1,7.1,39,76.7,7.1,1,Sim,Não,Não,7,6.4,Sim,Não
AL04536,25,Desenvolvimento de Sistemas,Matutino,Presencial,Brusque,3631,7.1,90.7,4.3,40,57.2,3.5,10.7,Sim,Sim,Não,8,5.2,Não,Não
AL04537,25,Desenvolvimento de Sistemas,Noturno,Presencial,Indaial,2005,7.3,75.6,9.6,35,74.9,5.5,16.4,Sim,Sim,Não,5,6.2,Sim,Não
AL04538,25,Administração,Matutino,Presencial,Brusque,2614,14,93.1,6.5,34,100,6.4,10.5,Sim,Sim,Não,9,8.3,Sim,Não
AL04539,27,Automação Industrial,Noturno,Presencial,Pomerode,2255,12.2,81.3,6.5,20,80.2,9.5,5.6,Não,Não,Não,6,7.1,Sim,Não
AL04540,24,Administração,Noturno,Presencial,Timbó,3962,6.6,65.1,7.6,48,88.7,8.5,5.7,Sim,Não,Não,4,7.5,Não,Não
AL04541,26,Desenvolvimento de Sistemas,Matutino,Híbrido,Gaspar,2636,5.8,88,8.6,28,100,7.1,23.7,Sim,Sim,Sim,4,7.8,Sim,Não
AL04542,43,Automação Industrial,Noturno,Híbrido,Gaspar,3453,3.6,79.4,7.1,33,78.8,5.7,9.6,Sim,Sim,Não,7,6.2,Sim,Não
AL04543,19,Eletromecânica,Noturno,Presencial,Pomerode,1987,11.2,77.7,8.4,26,90.1,7.3,2.6,Sim,Sim,Sim,7,7.4,Sim,Não
AL04544,18,Desenvolvimento de Sistemas,Matutino,Híbrido,Gaspar,2753,8.3,81.4,8.7,42,100,6.3,3.6,Não,Sim,Sim,6,7.9,Sim,Sim
AL04545,36,Eletromecânica,Matutino,Híbrido,Indaial,9367,4.5,79.6,4.4,32,86.2,6.7,4.3,Sim,Sim,Sim,8,6,Sim,Não
AL04546,23,Desenvolvimento de Sistemas,Matutino,Presencial,Brusque,3224,8.7,96.9,5.8,29,94.2,4.6,10.4,Sim,Sim,Sim,8,7,Sim,Não
AL04547,34,Eletromecânica,Matutino,Presencial,Indaial,7523,5.7,76.1,6.6,19,81.4,8.7,6.4,Não,Não,Não,6,5.6,Não,Não
AL04548,31,Automação Industrial,Noturno,Híbrido,Gaspar,2754,6.6,72.8,9.4,26,80,8.2,5.6,Não,Sim,Não,6,5.9,Não,Sim
AL04549,16,Desenvolvimento de Sistemas,Matutino,Híbrido,Timbó,4147,9.6,79.1,8.6,24,88.7,8.5,9.2,Sim,Não,Não,7,6.9,Sim,Não
AL04550,25,Desenvolvimento de Sistemas,Matutino,Presencial,Brusque,4509,14.6,78.5,7.3,41,100,7.1,8.5,Sim,Não,Não,7,7.9,Sim,Não
AL04551,39,Automação Industrial,Matutino,Presencial,Gaspar,4798,6.1,84.5,8.1,37,81.6,5.7,6.1,Sim,Sim,Não,8,7.9,Sim,Não
AL04552,18,Administração,Matutino,Híbrido,Gaspar,5567,2.6,72.3,5.6,38,43.4,8.8,5.1,Sim,Não,Sim,7,6,Não,Não
AL04553,16,Administração,Matutino,Presencial,Timbó,3195,13.3,78.4,9,49,79.9,7.2,17,Sim,Não,Não,7,7.5,Sim,Não
AL04554,26,Automação Industrial,Matutino,Presencial,Indaial,2989,7,85,5.2,30,41.2,6.1,11.2,Não,Sim,Sim,9,4.9,Não,Sim
AL04555,28,Eletromecânica,Noturno,Presencial,Brusque,,9.2,81.1,5.8,36,81.8,6.5,4.9,Não,Não,Não,8,4.5,Não,Não
AL04556,26,Administração,Matutino,Híbrido,Timbó,9377,6.1,89.6,7.4,42,63,7.6,13.2,Não,Sim,Não,4,5.7,Não,Sim
AL04557,16,Administração,Noturno,Presencial,Blumenau,2256,1.5,87.3,6,34,69.5,4.9,13.1,Sim,Sim,Não,7,7.1,Sim,Não
AL04558,33,Eletromecânica,Noturno,Presencial,Pomerode,2949,10,79.6,5.4,30,87.3,7.1,10.4,Sim,Sim,Sim,8,7.6,Sim,Não
AL04559,22,Automação Industrial,Noturno,Presencial,Pomerode,3394,5.6,80.1,6.2,34,90.1,5.5,4.3,Sim,Sim,Não,7,6.5,Sim,Não
AL04560,31,Eletromecânica,Matutino,Presencial,Gaspar,2725,9.7,82.6,7.7,29,68.9,5.8,3.9,Não,Sim,Não,6,6.2,Sim,Não
AL04561,28,Automação Industrial,Noturno,Presencial,Gaspar,1534,6.8,74.7,8.7,55,77.7,5.9,2.7,Sim,Sim,Não,5,6.6,Não,Não
AL04562,31,Administração,Matutino,Presencial,Timbó,3658,7.4,82.6,6.7,28,71.6,7.9,8,Sim,Sim,Sim,8,6.3,Sim,Não
AL04563,33,Administração,Matutino,Presencial,Brusque,1523,5.5,78.1,4.4,25,78,8.1,4,Sim,Não,Não,5,6.4,Sim,Não
AL04564,16,Desenvolvimento de Sistemas,Matutino,Presencial,Indaial,3202,18.1,87.7,7.1,63,100,6.8,11.9,Sim,Não,Não,8,7.3,Sim,Não
AL04565,24,Eletromecânica,Matutino,Presencial,Gaspar,3998,11.5,73,6.9,44,88.3,6.6,7.5,Sim,Sim,Sim,10,5.6,Não,Não
AL04566,21,Automação Industrial,Matutino,Presencial,Gaspar,2920,10.6,88.6,9,39,84.4,9.2,2,Sim,Não,Não,6,7.9,Sim,Não
AL04567,16,Administração,Matutino,Presencial,Blumenau,3091,6.4,74.2,7.4,8,82.2,6,3.6,Sim,Não,Não,8,5.5,Não,Não
AL04568,28,Desenvolvimento de Sistemas,Noturno,Presencial,Timbó,2100,11.9,,8.8,45,98.6,8,19.2,Sim,Sim,Sim,10,8.5,Sim,Não
AL04569,22,Administração,Noturno,Presencial,Pomerode,2015,17.9,77.5,6.1,43,100,8.4,3.5,Sim,Sim,Não,7,8.3,Sim,Não
AL04570,33,Automação Industrial,Noturno,Presencial,Pomerode,1967,15.1,63.2,8.3,50,74.5,5.4,4.3,Sim,Não,Não,5,6,Não,Sim
AL04571,36,Desenvolvimento de Sistemas,Noturno,Presencial,Brusque,9030,2.7,85.4,6.4,19,57.8,8.4,9.9,Sim,Sim,Não,6,5.2,Não,Não
AL04572,35,Desenvolvimento de Sistemas,Noturno,Presencial,Brusque,4993,8.9,92.5,6.3,56,78.8,8.8,3.9,Sim,Sim,Não,7,7,Sim,Não
AL04573,25,Administração,Noturno,Presencial,Pomerode,7347,5,90.5,5.4,31,88.5,7.9,5,Sim,Sim,Sim,4,6.7,Sim,Sim
AL04574,33,Administração,Matutino,Presencial,Brusque,3810,3.6,99.5,6.9,11,82.7,7.9,9,Sim,Sim,Não,5,7.6,Sim,Não
AL04575,16,Desenvolvimento de Sistemas,Noturno,Presencial,Brusque,1691,11.3,73.8,8.8,45,100,7.6,15.3,Sim,Não,Sim,5,7.8,Não,Não
AL04576,24,Eletromecânica,Matutino,Híbrido,Brusque,1798,11.1,79.6,8.2,24,96.5,5.7,12.8,Não,Não,Não,8,6.1,Sim,Não
AL04577,16,Administração,Matutino,Presencial,Indaial,4993,11.4,87,6.1,28,100,9,3.8,Sim,Não,Não,9,6.8,Sim,Não
AL04578,28,Desenvolvimento de Sistemas,Noturno,Presencial,Indaial,920,15.6,81.6,4.5,41,100,8.6,12.5,Não,Não,Não,7,6,Sim,Não
AL04579,31,Eletromecânica,Matutino,Presencial,Gaspar,3095,7.1,82.3,5.2,26,79.4,6.3,4.3,Sim,Sim,Não,10,4.2,Não,Não
AL04580,17,Desenvolvimento de Sistemas,Matutino,Híbrido,Gaspar,1215,17.7,94.7,5.5,54,74.5,7.4,15,Sim,Não,Sim,4,8.8,Sim,Não
AL04581,21,Eletromecânica,Matutino,Presencial,Gaspar,2369,17.4,86.4,4.8,49,100,6.6,2.7,Sim,Não,Sim,7,8.1,Sim,Não
AL04582,16,Administração,Matutino,Presencial,Gaspar,11185,5.8,83.6,7,18,57.2,6,30.7,Sim,Sim,Não,5,6.3,Sim,Não
AL04583,27,Administração,Matutino,Presencial,Timbó,3052,5.2,71.5,6,16,89.8,6.5,5.2,Sim,Sim,Não,6,4.9,Não,Sim
AL04584,28,Administração,Matutino,Presencial,Brusque,2779,2.9,67.7,5.6,17,51.3,5,5.5,Não,Sim,Não,9,5.5,Não,Sim
AL04585,20,Eletromecânica,Matutino,Híbrido,Brusque,4614,16.3,71.1,6.9,44,90.6,7.7,3.3,Sim,Não,Não,7,7,Não,Não
AL04586,16,Desenvolvimento de Sistemas,Noturno,Presencial,Indaial,1068,2.9,83.2,,22,77.1,6.6,19,Sim,Sim,Não,9,5.9,Não,Não
AL04587,32,Automação Industrial,Matutino,Presencial,Gaspar,5256,7.6,90.1,7,67,89.8,8,3.5,Sim,Não,Não,8,7.5,Sim,Não
AL04588,24,Desenvolvimento de Sistemas,Matutino,Híbrido,Indaial,6438,14.8,96,7,58,98.3,6.5,47.9,Sim,Não,Sim,6,7.8,Sim,Não
AL04589,25,Eletromecânica,Noturno,Presencial,Pomerode,1867,12.4,85.4,5.3,40,76.3,6.4,10.2,Sim,Sim,Não,9,7.4,Sim,Não
AL04590,36,Automação Industrial,Noturno,Presencial,Brusque,3159,4.5,81.4,5.9,36,78.2,8.4,6.9,Sim,Não,Não,7,6.4,Sim,Não
AL04591,20,Automação Industrial,Matutino,Presencial,Blumenau,1807,8.4,78,6.6,48,100,7.7,7.9,Sim,Sim,Não,7,6,Sim,Não
AL04592,19,Eletromecânica,Matutino,Presencial,Gaspar,2879,12.4,83.7,5.7,45,100,7.2,3,Sim,Não,Não,7,6.7,Sim,Não
AL04593,32,Automação Industrial,Matutino,Presencial,Gaspar,2188,8.7,79.8,3.4,51,73.7,3.6,13.6,Sim,Sim,Sim,9,5.6,Não,Não
AL04594,17,Administração,Matutino,Presencial,Pomerode,3171,14,90.3,5.7,38,100,6.2,12.5,Sim,Não,Não,6,7.3,Sim,Sim
AL04595,35,Automação Industrial,Noturno,Presencial,Timbó,6865,11.5,89,7.9,36,79.6,9.3,8.7,Sim,Sim,Sim,9,7.5,Sim,Não
AL04596,24,Automação Industrial,Noturno,Híbrido,Blumenau,1936,8.4,74.9,6.6,44,100,6.5,12.9,Sim,Sim,Não,8,5.7,Não,Não
AL04597,30,Automação Industrial,Noturno,Presencial,Indaial,10128,5.4,88,5.2,18,60.3,5.4,7.7,Sim,Sim,Não,10,6.3,Sim,Não
AL04598,23,Eletromecânica,Noturno,Presencial,Pomerode,1624,7.1,80.2,5,38,100,5.2,5.9,Não,Sim,Sim,8,6.6,Sim,Sim
AL04599,35,Automação Industrial,Noturno,Presencial,Indaial,1318,8.2,79.7,7.7,48,86.7,4.4,23,Sim,Sim,Sim,10,7.5,Sim,Não
AL04600,32,Eletromecânica,Noturno,Presencial,Blumenau,2678,9.7,84,5.9,44,71.2,7.8,15.3,Sim,Não,Sim,8,7.8,Sim,Não
AL04601,30,Automação Industrial,Noturno,Presencial,Pomerode,3497,8.6,59.6,5.6,12,100,7.3,2.9,Sim,Sim,Não,9,5.5,Não,Não
AL04602,24,Administração,Noturno,Presencial,Blumenau,8993,0.7,79.5,7.5,36,71.6,8.2,16.9,Sim,Sim,Não,5,5.1,Não,Sim
AL04603,22,Administração,Matutino,Presencial,Blumenau,1446,3.1,68.2,6.7,24,65.1,5.9,15.4,Sim,Sim,Não,5,5.5,Não,Sim
AL04604,30,Administração,Noturno,Híbrido,Pomerode,2415,9.3,64.8,6.3,17,85.7,5.4,8.3,Não,Não,Não,6,4.8,Não,Sim
AL04605,35,Automação Industrial,Noturno,Presencial,Blumenau,2903,1.2,64.6,5.1,13,64.8,7.9,6.6,Sim,Sim,Não,8,5.1,Não,Sim
AL04606,20,Automação Industrial,Noturno,Hibrido,Pomerode,2251,8.8,69.3,3.9,37,92.7,6.8,46.3,Não,Não,Não,6,6,Não,Sim
AL04607,18,Automação Industrial,Noturno,Presencial,Brusque,7675,5.6,70.2,6.2,34,82.1,5.4,27,Sim,Sim,Sim,8,6.7,Não,Não
AL04608,34,Administração,Noturno,Presencial,Pomerode,6047,7.4,74.7,7.6,42,67.8,8.9,6.8,Sim,Sim,Sim,8,7.3,Não,Não
AL04609,33,Desenvolvimento de Sistemas,Noturno,Presencial,Pomerode,2146,17.2,80.2,6.6,45,70.5,5.1,20.8,Sim,Sim,Não,7,6.5,Sim,Não
AL04610,33,Desenvolvimento de Sistemas,Noturno,Híbrido,Blumenau,1796,15.4,75.7,6.2,22,76.7,8.1,8.2,Não,Não,Não,6,5.5,Não,Sim
AL04611,24,Desenvolvimento de Sistemas,Noturno,Presencial,Timbó,4678,1,78.1,8.3,44,71.5,6.1,13.6,Sim,Sim,Não,6,7.2,Sim,Não
AL04612,27,Administração,Noturno,Presencial,Indaial,2577,3,81.2,8.2,16,79.4,5.2,16.9,Sim,Sim,Sim,6,6.9,Sim,Não
AL04613,39,Eletromecânica,Noturno,Presencial,Indaial,4572,5,76,6.3,35,87.3,6.4,7.4,Sim,Sim,Não,8,5.8,Não,Não
AL04614,24,Eletromecânica,Matutino,Presencial,Blumenau,4785,18.2,71.7,8,44,94.9,3.5,3.3,Sim,Sim,Sim,6,7.5,Não,Não
AL04615,38,Automação Industrial,Noturno,Presencial,Blumenau,1856,2.5,88.4,6.1,24,83.4,5,12.2,Não,Sim,Sim,7,5.8,Não,Não
AL04616,39,Automação Industrial,Matutino,Presencial,Indaial,1610,10.4,67.1,7,40,87.5,6.1,8.7,Sim,Sim,Sim,7,7.5,Não,Não
AL04617,31,Automação Industrial,Noturno,Presencial,Blumenau,2276,5.3,77,6.7,27,100,6.5,7.8,Sim,Não,Não,8,7.2,Sim,Não
AL04618,25,Administração,Noturno,Híbrido,Pomerode,1641,11.4,81.7,8.2,34,92.6,5.1,7.5,Não,Sim,Não,5,6.9,Sim,Não
AL04619,43,Desenvolvimento de Sistemas,Matutino,Híbrido,Indaial,2401,4.1,91.4,6,18,80.8,6.6,6.1,Sim,Sim,Sim,6,6.4,Sim,Não
AL04620,21,Eletromecânica,Matutino,Presencial,Blumenau,1461,3.5,80.4,9.1,24,73.7,7.7,8.4,Sim,Sim,Não,7,6.3,Sim,Não
AL04621,24,Administração,Noturno,Presencial,Gaspar,4329,12.6,73.5,4.7,40,98.5,5.5,1.6,Sim,Não,Não,7,5.4,Não,Não
AL04622,21,Desenvolvimento de Sistemas,Noturno,Presencial,Brusque,3247,10.8,76.3,6.3,51,75.7,6.3,4.2,Sim,Não,Não,10,5.8,Não,Não
AL04623,43,Desenvolvimento de Sistemas,Noturno,Presencial,Brusque,2377,2,77.7,6.3,38,98.8,4.1,8.5,Sim,Sim,Não,9,7.4,Sim,Não
AL04624,20,Desenvolvimento de Sistemas,Noturno,Híbrido,Gaspar,2725,17.5,92.7,7.5,40,97.8,5.3,11.2,Sim,Não,Não,7,6.9,Sim,Não
AL04625,25,Automação Industrial,Matutino,Presencial,Brusque,2411,7.4,88.5,5.2,27,71,6.1,6.7,Sim,Sim,Sim,6,6,Sim,Não
AL04626,16,Eletromecânica,Noturno,Presencial,Brusque,6739,11.6,72.8,7.3,57,88,6.1,4.9,Não,Não,Não,10,5.6,Não,Sim
AL04627,30,Administração,Matutino,Híbrido,Indaial,2498,0,86.4,4.1,0,82.6,5,14.1,Não,Sim,Não,6,4.5,Não,Sim
AL04628,25,Eletromecânica,Noturno,Presencial,Blumenau,5993,11.7,84.3,5,22,91.5,6.4,5.9,Sim,Não,Sim,6,6.1,Sim,Não
AL04629,18,Desenvolvimento de Sistemas,Noturno,Presencial,Blumenau,1446,8.9,60.9,4.5,33,83.8,6.9,29.5,Sim,Sim,Não,8,5,Não,Não
AL04630,25,Administração,Matutino,Presencial,Gaspar,1177,6.6,73.9,3.7,24,58.7,7,2.9,Sim,Sim,Não,7,5.4,Não,Não
AL04631,45,Eletromecânica,Noturno,Presencial,Blumenau,6871,8.7,88.8,5.2,54,94.6,6.1,14.1,Sim,Sim,Não,7,6.4,Sim,Não
AL04632,36,Administração,Matutino,Presencial,Brusque,2117,6.7,88.2,6.6,19,86,5.4,7.1,Não,Sim,Não,6,6.6,Sim,Sim
AL04633,30,Automação Industrial,Noturno,Presencial,Timbó,1753,6.4,73.1,5.8,38,98.9,7.5,5.9,Sim,Não,Não,10,7.1,Não,Não
AL04634,24,Eletromecânica,Matutino,Presencial,Blumenau,900,1.7,89.9,4.5,14,100,6.4,4.8,Sim,Sim,Sim,10,7.2,Sim,Sim
AL04635,23,Eletromecânica,Noturno,Presencial,Timbó,5639,11.4,88.6,4.1,16,78.3,8.1,6.5,Não,Não,Não,8,5.6,Não,Não
AL04636,28,Eletromecânica,Noturno,Presencial,Blumenau,4427,7.1,,5.3,21,78.5,5.9,22.7,Sim,Sim,Não,7,6.8,Sim,Não
AL04637,16,Desenvolvimento de Sistemas,Noturno,Presencial,Pomerode,1992,12.8,86.1,9.5,50,73.2,6.4,12,Não,Não,Não,6,7.2,Sim,Não
AL04638,34,Administração,Matutino,Presencial,Indaial,6955,2.5,,4.1,34,56.7,4,12.3,Sim,Sim,Não,7,5.4,Não,Não
AL04639,19,Administração,Noturno,Presencial,Pomerode,2792,8.7,87.5,5.3,48,100,7.5,16.8,Não,Sim,Não,8,7.3,Sim,Não
AL04640,16,Eletromecânica,Noturno,Presencial,Brusque,2065,6.3,97.5,8.3,24,100,7.1,8.4,Sim,Sim,Não,7,8.5,Sim,Não
AL04641,24,Administração,Noturno,Presencial,Blumenau,4317,7.6,73.4,6.1,24,82.6,8.2,9.6,Não,Sim,Não,5,5.6,Não,Sim
AL04642,24,Desenvolvimento de Sistemas,Matutino,Presencial,Brusque,1461,6.5,71.1,6.4,33,100,6.2,13.7,Sim,Sim,Não,10,8,Não,Não
AL04643,36,desenv. sistemas,Matutino,Presencial,Timbó,1721,14,91.6,9.9,41,77.9,7.9,6.4,Sim,Não,Não,5,7.5,Sim,Sim
AL04644,25,Desenvolvimento de Sistemas,Matutino,Presencial,Gaspar,9241,8.1,78.8,6.8,46,90.6,6.2,8.9,Sim,Sim,Sim,6,7.2,Sim,Não
AL04645,18,Administração,Noturno,Presencial,Gaspar,2074,7.6,84.3,4.4,43,77.2,7.4,11,Sim,Não,Sim,10,6.6,Sim,Não
AL04646,20,Eletromecânica,Matutino,Presencial,Brusque,4066,16.8,97.3,4.7,39,84.5,7.9,6.8,Sim,Não,Não,7,7.4,Sim,Não
AL04647,24,Automação Industrial,Matutino,Presencial,Blumenau,1274,3.9,94.5,8.4,23,99.8,6.4,8.6,Não,Sim,Não,7,7.1,Sim,Não
AL04648,29,Eletromecânica,Matutino,Presencial,Timbó,3377,2.3,67,7.4,49,77,7.1,2.2,Sim,Sim,Não,7,5.8,Não,Sim
AL04649,19,Desenvolvimento de Sistemas,Noturno,Híbrido,Timbó,8590,7.2,100,7.9,60,100,6.3,10.9,Sim,Sim,Não,8,8.8,Sim,Sim
AL04650,35,Administração,Noturno,Presencial,Blumenau,900,7.6,81.4,5.2,40,73.4,7.1,11.5,Não,Não,Sim,7,6.4,Sim,Sim
AL04651,29,Eletromecânica,Noturno,Presencial,Timbó,2532,6.3,75,6,18,81,6.5,5.2,Sim,Sim,Não,8,6,Sim,Não
AL04652,32,Administração,Noturno,Presencial,Gaspar,8016,6.6,68.8,4.7,33,68.2,7.6,4.6,Sim,Não,Não,8,5.3,Não,Não
AL04653,19,Automação Industrial,Matutino,Híbrido,Timbó,2812,4.1,78.8,5.8,14,75.1,7.3,6.9,Sim,Não,Não,6,5.7,Não,Não
AL04654,46,Desenvolvimento de Sistemas,Matutino,Híbrido,Brusque,3904,3.9,100,6.3,22,67.3,4.4,2.7,Não,Sim,Sim,8,6.6,Sim,Sim
AL04655,37,Eletromecânica,Noturno,Presencial,Pomerode,1514,14.6,72.4,4.4,58,84.4,4.9,9.1,Sim,Não,Sim,7,6.4,Não,Não
AL04656,18,Administração,Noturno,Presencial,Gaspar,3621,9.6,69.8,8.1,49,58.8,9.3,26,Sim,Não,Não,8,6.8,Não,Sim
AL04657,29,Desenvolvimento de Sistemas,Noturno,Híbrido,Timbó,4280,10.1,,8,41,100,6.1,8.1,Não,Sim,Não,5,7.2,Não,Sim
AL04658,25,Eletromecânica,Noturno,Presencial,Pomerode,2804,8.2,97,7.4,17,58.2,5.7,4.1,Sim,Sim,Sim,9,7.8,Sim,Não
AL04659,16,Automação Industrial,Matutino,Presencial,Blumenau,4218,10.7,83.9,6.2,41,86.9,6.2,21.9,Sim,Sim,Não,6,5.9,Não,Não
AL04660,16,Automação Industrial,Noturno,Presencial,Indaial,5391,12,66,4.2,35,92.3,8.7,23.5,Não,Não,Não,6,5.6,Não,Sim
AL04661,32,Eletromecânica,Noturno,Presencial,Pomerode,3257,6.7,96.8,5.2,30,90,6,54.3,Sim,Sim,Não,9,6.9,Sim,Sim
AL04662,17,Automação Industrial,Noturno,Presencial,Blumenau,2165,6.4,97.8,3.3,41,93,7.2,8,Não,Não,Não,10,5.7,Não,Não
AL04663,17,Administração,Matutino,Presencial,Gaspar,4075,4.6,88.7,4,23,71,8.6,4.4,Sim,Sim,Sim,7,4.9,Não,Não
AL04664,37,Eletromecânica,Noturno,Presencial,Brusque,3330,10.4,85.8,3.3,26,100,7.2,6.7,Sim,Sim,Não,6,7.1,Sim,Não
AL04665,21,Automação Industrial,Matutino,Presencial,Gaspar,2494,3.6,88,6.8,40,86.2,5.3,14.6,Sim,Não,Não,7,8.1,Sim,Não
AL04666,16,Automação Industrial,Noturno,Presencial,Pomerode,2293,4.6,100,6.1,41,74.8,8.1,10.7,Sim,Não,Não,8,5.9,Não,Não
AL04667,41,Automação Industrial,Noturno,Presencial,Gaspar,1842,2.5,79.1,5.9,25,65.6,4.4,11.7,Não,Sim,Sim,7,5.4,Não,Não
AL04668,18,Administração,Matutino,Presencial,Indaial,2425,4,80,,44,78.4,7.5,19.2,Sim,Não,Não,5,6.7,Sim,Não
AL04669,26,Automação Industrial,Noturno,Presencial,Pomerode,2779,1.9,81.7,7.6,29,83,5,7.5,Sim,nao,Sim,7,6.6,Sim,Não
AL04670,23,Desenvolvimento de Sistemas,Matutino,Presencial,Indaial,4201,2.7,57.2,7.6,35,55.7,6.2,4.1,Sim,Sim,Não,10,5.3,Não,Não
AL04671,18,Automação Industrial,Matutino,Presencial,Gaspar,2212,8.2,77.6,9.1,35,94.2,6.7,3.2,Sim,Sim,Sim,10,7.8,Sim,Não
AL04672,36,Automação Industrial,Noturno,Presencial,Gaspar,1770,0,95.4,6.2,26,79.2,6.6,19.2,Sim,Sim,Não,7,6.9,Sim,Não
AL04673,32,Automação Industrial,Noturno,Híbrido,Gaspar,4631,7.4,89.4,6.8,45,89,6,8.4,Sim,Sim,Sim,6,7.2,Sim,Não
AL04674,16,Desenvolvimento de Sistemas,Noturno,Presencial,Gaspar,3149,9.5,82.8,3.8,32,89.4,8.4,18.1,Sim,Não,Não,7,6.6,Sim,Não
AL04675,17,Administração,Noturno,Presencial,Pomerode,4773,9.6,79.8,6.2,22,63.6,7.3,3.6,Sim,Não,Não,8,6,Sim,Não
AL04676,19,Administração,Noturno,Presencial,Indaial,1404,2.8,85.7,8.2,36,71.9,6.4,32.8,Sim,Sim,Não,9,7.3,Sim,Não
AL04677,22,Administração,Matutino,Híbrido,Pomerode,900,3.5,75.5,3.9,18,69.3,7.8,3.2,Sim,Sim,Não,7,4.1,Não,Não
AL04678,44,Eletromecânica,Matutino,Presencial,Pomerode,3767,16.5,73.8,6.1,48,97.4,6.9,6.3,Sim,Não,Não,7,7,Não,Não
AL04679,20,Automação Industrial,Noturno,Híbrido,Indaial,4674,8,73.6,9,28,87.5,9.1,7,Sim,Não,Não,8,6.7,Não,Não
AL04680,29,Desenvolvimento de Sistemas,Matutino,Híbrido,Indaial,7950,1.2,73.8,8.5,44,77.6,8.2,4.6,Sim,Sim,Não,10,5.9,Não,Não
AL04681,23,Administração,Noturno,Presencial,Gaspar,,8.6,85,9,39,87,8.2,7.2,Sim,Não,Não,9,7.6,Sim,Não
AL04682,34,Automação Industrial,Matutino,Presencial,Brusque,5551,6,63.9,9,33,84.5,7.1,9.6,Sim,Sim,Não,9,7.4,Não,Não
AL04683,36,Desenvolvimento de Sistemas,Noturno,Presencial,Brusque,5830,11.6,64.5,7.6,30,75.8,8.6,7.3,Sim,Não,Sim,8,6.9,Não,Não
AL04684,31,Eletromecânica,Matutino,Presencial,Indaial,4172,4.2,84.6,5.9,32,100,6.2,7.6,Sim,Sim,Sim,8,6,Sim,Sim
AL04685,24,Automação Industrial,Noturno,Híbrido,Timbó,1438,5.2,98.2,6,39,86.7,5.6,9.3,Sim,Sim,Sim,7,6.9,Sim,Não
AL04686,17,Eletromecânica,Noturno,Presencial,Blumenau,1043,3.4,94.5,6,20,78.7,7.3,41,Sim,Sim,Não,8,5.3,Não,Não
AL04687,24,Desenvolvimento de Sistemas,Matutino,Presencial,Blumenau,4885,7.1,84.3,5.3,44,80.6,7.8,2.7,Sim,Sim,Sim,9,6,Sim,Sim
AL04688,25,Eletromecânica,Matutino,Presencial,Pomerode,5637,8.5,79.5,5.2,31,85.6,6.9,2.5,Sim,Não,Não,7,5.2,Não,Não
AL04689,35,Eletromecânica,Matutino,Presencial,Pomerode,3138,12.4,79.5,6.9,46,100,8,6.4,Sim,Sim,Não,6,6.7,Sim,Não
AL04690,37,Desenvolvimento de Sistemas,Matutino,Presencial,Gaspar,7244,6.9,90.7,6.3,46,87,8,3.3,Sim,Sim,Não,7,6.5,Sim,Não
AL04691,31,Eletromecânica,Matutino,Híbrido,Blumenau,4343,14.8,100,6.2,42,87.4,5.6,8.4,Sim,Sim,Sim,8,7.9,Sim,Não
AL04692,31,Administração,Noturno,Presencial,Timbó,8475,0,79.7,4.6,12,55.7,5.8,8.4,Sim,Sim,Não,7,3,Não,Não
AL04693,30,Desenvolvimento de Sistemas,Noturno,Presencial,Pomerode,1757,6.9,76.1,5.9,6,93.6,6.5,4.3,Sim,Sim,Não,5,7.5,Sim,Não
AL04694,27,Eletromecânica,Matutino,Presencial,Blumenau,3646,0.6,83.4,6,20,81.6,7.7,8.5,Sim,Não,Não,6,6.7,Sim,Não
AL04695,29,Administração,Matutino,Presencial,Pomerode,8273,11.7,79.3,6,40,100,7.9,6.1,Sim,Não,Não,5,8.8,Sim,Não
AL04696,16,Automação Industrial,Matutino,Híbrido,Indaial,4688,10.6,92,9,58,100,6.1,10.6,Sim,Sim,Não,9,7.3,Sim,Não
AL04697,25,Administração,Matutino,Presencial,Blumenau,1806,5.5,81.8,8.7,46,87.8,5.3,5.9,Sim,Sim,Não,5,6.2,Sim,Sim
AL04698,41,Desenvolvimento de Sistemas,Matutino,Presencial,Blumenau,4044,14.7,75.2,6.3,48,95.9,8,8.2,Sim,Não,Não,8,5,Não,Não
AL04699,31,Desenvolvimento de Sistemas,Matutino,Presencial,Blumenau,3058,6.1,71,7.7,34,81.5,7.7,4.5,Sim,Não,Não,8,6.9,Não,Não
AL04700,26,Desenvolvimento de Sistemas,Matutino,Híbrido,Indaial,5893,16.9,83.1,5.8,44,93.2,9.4,9.8,Sim,Sim,Não,8,7.6,Sim,Não
AL04701,16,Eletromecânica,Noturno,Híbrido,Gaspar,908,13.1,82.1,7.7,59,77.9,7.4,15.5,Sim,Não,Não,6,7.7,Sim,Não
AL04702,25,Desenvolvimento de Sistemas,Noturno,Presencial,Brusque,3109,9.7,91.8,8.1,49,69.8,8.1,4.9,Sim,Sim,Sim,4,7.5,Sim,Sim
AL04703,26,Desenvolvimento de Sistemas,Matutino,Presencial,Blumenau,2079,6.6,85.1,8.5,39,80.3,7.2,8.8,Sim,Sim,Não,7,7.1,Sim,Não
AL04704,23,Administração,Matutino,Híbrido,Timbó,2524,10.4,88.5,8.2,48,94.1,7.6,7.9,Sim,Sim,Sim,7,7.1,Sim,Não
AL04705,39,Desenvolvimento de Sistemas,Noturno,Presencial,Indaial,10270,14.5,99.9,5.7,34,100,7.3,12.3,Sim,Não,Não,6,7.4,Sim,Não
AL04706,31,Automação Industrial,Noturno,Presencial,Timbó,4026,8,72.8,5.2,52,75.3,6.6,11.7,Sim,Sim,Sim,7,6.8,Não,Não
AL04707,37,Automação Industrial,Matutino,Presencial,Pomerode,2108,7.2,83.7,5,19,72.1,6.3,7.4,Sim,Sim,Não,8,6.1,Sim,Não
AL04708,37,Administração,Noturno,Presencial,Gaspar,8160,3.3,82.2,7.7,48,100,3.5,6.4,Sim,Sim,Sim,9,6.8,Sim,Não
AL04709,16,Eletromecânica,Noturno,Presencial,Brusque,2406,10.6,95,10,36,100,9.3,2.1,Não,Sim,Sim,9,9.7,Sim,Não
AL04710,17,Administração,Matutino,Presencial,Brusque,2776,6,88.2,6.2,49,100,6.2,10.1,Não,Sim,Sim,8,6.1,Sim,Não
AL04711,19,Eletromecânica,Matutino,Presencial,Timbó,3347,14,85.7,5.2,48,95.6,7.8,8.4,Sim,Não,Não,8,7,Sim,Não
AL04712,38,Eletromecânica,Matutino,Presencial,Blumenau,1760,7,96.3,8,37,89.7,9.3,4.1,Sim,Sim,Sim,5,8.2,Sim,Sim
AL04713,26,Administração,Noturno,Presencial,Brusque,4785,16.1,81.3,6.9,69,93.7,6.4,10.3,Sim,Sim,Sim,8,8.3,Sim,Não
AL04714,28,Desenvolvimento de Sistemas,Matutino,Presencial,Gaspar,7507,10.5,,6.5,38,99.8,7.3,14,Sim,Sim,Não,10,7.4,Sim,Não
AL04715,30,Eletromecânica,Matutino,Presencial,Pomerode,2128,14,92.6,6.7,59,98.7,6.6,3.6,Sim,Sim,Não,7,8.2,Sim,Não
AL04716,18,Administração,Noturno,Presencial,Timbó,5157,11.7,96.7,4.3,35,94.4,7,8.3,Não,Não,Não,10,5.1,Não,Não
AL04717,20,Desenvolvimento de Sistemas,Noturno,Presencial,Brusque,3860,6.4,92.3,7.2,27,99.9,6.9,7.7,Sim,Não,Sim,7,9,Sim,Não
AL04718,17,Automação Industrial,Noturno,Presencial,Blumenau,2387,14.2,93.4,6.7,45,90.7,6.4,7.3,Sim,Não,Não,8,7.8,Sim,Não
AL04719,37,Administração,Matutino,Presencial,Brusque,2529,11.8,64.5,6.5,41,94,9.2,18.2,Não,Sim,Não,5,7.2,Não,Sim
AL04720,24,Eletromecânica,Noturno,Presencial,Gaspar,3316,1,87.2,7,26,77.1,6.4,8.4,Sim,Sim,Não,9,6.2,Sim,Não
AL04721,24,Eletromecânica,Noturno,Híbrido,Gaspar,5566,7.9,99.3,4.8,73,64.6,6.7,5.9,Sim,Sim,Não,10,6.2,Sim,Não
AL04722,41,Eletromecânica,Noturno,Presencial,Timbó,4487,9.8,76.8,9.4,36,88.9,6.4,6.4,Sim,Sim,Sim,7,7.5,Sim,Não
AL04723,30,Administração,Matutino,Híbrido,Indaial,4068,6.1,78.3,3.3,45,80.5,6.9,3.4,Sim,Não,Não,5,4,Não,Não
AL04724,29,Administração,Matutino,Híbrido,Indaial,3114,0,100,7.5,27,100,7.5,7.1,Sim,Não,Não,9,6.2,Sim,Sim
AL04725,37,Administração,Matutino,Híbrido,Timbó,3572,0,100,6.1,36,80.5,7.2,4.7,Sim,Sim,Sim,9,5.9,Não,Não
AL04726,23,Eletromecânica,Noturno,Presencial,Brusque,5530,11.5,100,5.9,28,86.7,5.3,10.5,Sim,Sim,Não,5,5.8,Não,Não
AL04727,18,Administração,Noturno,Presencial,Brusque,12409,3.1,80.8,5.5,27,69.2,7.1,7.1,Sim,Sim,Não,9,5.4,Não,Não
AL04728,24,Administração,Matutino,Presencial,Blumenau,1675,3.7,75.6,4.4,22,77.8,6.3,5.6,Não,Sim,Não,7,4.7,Não,Sim
AL04729,38,Desenvolvimento de Sistemas,Noturno,Presencial,Pomerode,3421,16.8,75.8,6.5,23,100,6.5,7.3,Sim,Não,Não,8,6.8,Sim,Não
AL04730,26,Automação Industrial,Matutino,Presencial,Pomerode,6018,16.2,77.1,,60,100,6.2,10.7,Sim,Sim,Não,7,7.1,Sim,Não
AL04731,16,Automação Industrial,Matutino,Presencial,Brusque,2309,5.7,73.7,6,12,68.8,7.2,6.2,Não,Não,Não,8,4.1,Não,Não
AL04732,29,Automação Industrial,Noturno,Presencial,Gaspar,1820,9,69.4,5.9,41,83.1,6.7,6.4,Não,Não,Sim,6,6,Não,Não
AL04733,37,Administração,Noturno,Presencial,Blumenau,1802,7.1,75.8,4.9,34,68,7.8,14.2,Sim,Sim,Não,9,5.1,Não,Não
AL04734,24,Automação Industrial,Noturno,Híbrido,Blumenau,1876,16.8,73.3,7.5,33,91.3,7.3,3.2,Sim,Sim,Não,5,7,Não,Não
AL04735,29,Administração,noturno ,Presencial,Indaial,900,4.1,85.3,6,21,50.6,6.7,13.3,Sim,Sim,Não,10,5.7,Não,Não
AL04736,36,Automação Industrial,Noturno,Presencial,Brusque,2908,7.3,82.9,5.6,48,80.8,5.7,10.1,Sim,Sim,Não,,5.8,Não,Não
AL04737,16,Administração,Noturno,Presencial,Blumenau,2608,11.6,82.2,7.4,22,76.8,7,3.1,Não,Sim,Sim,7,6.9,Sim,Não
AL04738,44,Automação Industrial,Matutino,Presencial,Blumenau,3140,8.8,86.4,7.2,54,94.6,5.4,18.9,Sim,Sim,Sim,4,7.3,Sim,Não
AL04739,29,Automação Industrial,Matutino,Presencial,Timbó,3893,0,78.6,5.9,15,85.2,7.4,2.1,Sim,Sim,Sim,5,5.3,Não,Não
AL04740,18,Eletromecânica,Noturno,Presencial,Brusque,2987,3.1,89.8,5.9,15,100,6.8,3.7,Sim,Sim,Não,6,6.2,Sim,Não
AL04741,25,Administração,Matutino,Presencial,Blumenau,2603,8.2,90.4,7.4,40,73,5.7,7.9,Sim,Sim,Não,8,7.1,Sim,Não
AL04742,37,Automação Industrial,Matutino,Presencial,Brusque,2770,8,77.4,9.2,19,64.3,6,6.9,Não,Sim,Não,6,4.8,Não,Sim
AL04743,25,Eletromecânica,Noturno,Presencial,Timbó,900,5.1,92,4.8,38,64.1,5.1,13.7,Sim,Sim,Sim,4,5.7,Não,Não
AL04744,30,Eletromecânica,Noturno,Presencial,Pomerode,3434,12.1,95.8,6.6,63,100,7.7,9.3,Não,Sim,Sim,7,7.6,Sim,Sim
AL04745,33,Eletromecânica,Matutino,Presencial,Pomerode,3562,5.5,77.8,7.2,51,80.2,4,3.2,Sim,Sim,Não,5,6.8,Sim,Não
AL04746,25,Administração,Noturno,Presencial,Blumenau,1257,1.4,91.9,5,35,73.7,7,28.7,Não,Sim,Não,10,4.9,Não,Sim
AL04747,16,Desenvolvimento de Sistemas,Noturno,Híbrido,Gaspar,3425,7.4,85.6,7,46,78.3,7.1,3.3,Sim,Não,Sim,7,7,Sim,Não
AL04748,33,Desenvolvimento de Sistemas,Noturno,Presencial,Indaial,2573,18,90.6,5.5,54,100,7.5,5.9,Sim,Não,Sim,8,6.4,Sim,Não
AL04749,37,Administração,Matutino,Híbrido,Brusque,3499,10.8,80.8,5.9,16,96.4,8.3,2.8,Sim,Sim,Não,10,6.3,Sim,Não
AL04750,46,Automação Industrial,Noturno,Presencial,Brusque,2349,8.7,89.6,6.2,38,86.5,5.2,12.7,Sim,Não,Não,8,6.8,Sim,Não
AL04751,29,Desenvolvimento de Sistemas,Matutino,Híbrido,Indaial,2881,7.4,75.6,6.4,29,84.3,7.8,3.3,Sim,Sim,Não,6,5.6,Não,Não
AL04752,17,Eletromecânica,Noturno,Presencial,Gaspar,6703,15.2,69,4,73,91.6,5.6,13.5,Sim,Não,Não,4,5.9,Não,Não
AL04753,34,Desenvolvimento de Sistemas,Noturno,Presencial,Blumenau,2199,3.2,67.4,6.6,16,64.1,7.4,3.5,Sim,Sim,Não,6,4,Não,Não
AL04754,26,Administração,Noturno,Presencial,Gaspar,6289,0,86.6,9,15,75.4,4.9,16.8,Sim,Sim,Sim,9,7.5,Sim,Não
AL04755,23,Automação Industrial,Noturno,Presencial,Brusque,2063,9.1,64,5.5,37,56.1,7.2,5.7,Sim,Não,Não,5,5.1,Não,Sim
AL04756,29,Eletromecânica,Matutino,Híbrido,Timbó,3160,13.1,91.1,6.1,34,100,6.5,10.1,Sim,Não,Não,8,6.3,Sim,Não
AL04757,35,Eletromecânica,Matutino,Presencial,Gaspar,3882,14.5,65,6.3,33,99.3,6.8,6.3,Sim,Sim,Não,6,7.6,Não,Não
AL04758,16,Administração,Noturno,Presencial,Pomerode,4125,9.8,82.4,5.8,45,100,6.8,17,Sim,Não,Não,6,6.1,Sim,Sim
AL04759,29,Eletromecânica,Noturno,Presencial,Gaspar,2283,2.6,69.2,9.3,17,53.3,6.9,8.1,Não,Sim,Não,8,5.1,Não,Não
AL04760,18,Automação Industrial,Noturno,Híbrido,Indaial,4994,6.2,57.9,6.4,23,89.8,6.2,14.3,Não,Sim,Não,8,5.2,Não,Sim
AL04761,35,Administração,Noturno,Híbrido,Pomerode,7401,5.4,97.1,5.9,31,100,8.3,17.7,Sim,Não,Sim,7,7.8,Sim,Não
AL04762,19,Automação Industrial,Matutino,Presencial,Timbó,3572,0,84.8,8.1,22,81,6.5,14.5,Sim,Sim,Sim,6,6.2,Sim,Não
AL04763,16,Eletromecânica,Matutino,Presencial,Indaial,3600,16,79,6.7,29,100,7.1,7.5,Sim,Não,Não,7,7.8,Sim,Não
AL04764,25,Automação Industrial,Matutino,Presencial,Gaspar,2013,6.1,86.4,5.9,42,77,5.3,3.4,Sim,Sim,Sim,2,6.4,Sim,Não
AL04765,28,Desenvolvimento de Sistemas,Noturno,Presencial,Timbó,2168,4.3,73.2,7.1,29,93.3,7.5,4.3,Não,Sim,Sim,9,6.2,Não,Não
AL04766,16,Administração,Noturno,Presencial,Blumenau,5228,13.1,100,8.5,23,89.6,6.8,5.4,Sim,Não,Não,5,8.2,Sim,Não
AL04767,24,Automação Industrial,Noturno,Presencial,Indaial,1716,11,78.2,6.3,37,94.3,6.5,7.2,Não,Sim,Sim,7,7.4,Sim,Não
AL04768,16,Automação Industrial,Noturno,Presencial,Brusque,5473,8.8,81.1,4.8,4,100,7.9,8.9,Sim,Não,Não,10,6.8,Sim,Não
AL04769,41,Automação Industrial,Matutino,Híbrido,Timbó,4672,13.9,86.2,5.3,56,100,5.9,8.5,Sim,Sim,Sim,9,7.1,Sim,Não
AL04770,26,Desenvolvimento de Sistemas,Noturno,Presencial,Indaial,1477,11.2,84.3,7.3,62,94.1,6.4,11.3,Sim,Sim,Não,6,6.9,Sim,Não
AL04771,16,Eletromecânica,Matutino,Presencial,Timbó,5991,7.8,82.8,8.7,19,79.8,7.6,7.1,Sim,Não,Não,5,7.2,Sim,Não
AL04772,16,Automação Industrial,Matutino,Híbrido,Brusque,1848,15.9,90.8,3.8,48,100,7.1,3.5,Não,Não,Não,7,6.7,Sim,Não
AL04773,26,Eletromecânica,Noturno,Híbrido,Brusque,1581,15,72.8,5.1,43,100,6,11.6,Sim,Sim,Não,5,5.8,Não,Não
AL04774,24,Automação Industrial,Noturno,Presencial,Timbó,4333,9.4,97.4,4.7,31,97.1,6.6,5.6,Sim,Sim,Sim,8,7.1,Sim,Sim
AL04775,25,Automação Industrial,Noturno,Presencial,Gaspar,4096,8.4,76,6.6,34,67.8,8,9,Sim,Sim,Não,7,6,Sim,Sim
AL04776,16,Eletromecânica,Noturno,Presencial,Timbó,1495,17,84.9,6.4,31,100,9.8,2.4,Sim,Não,Não,10,7.3,Sim,Não
AL04777,19,Eletromecânica,Matutino,Presencial,Indaial,1902,5.4,78.3,5.3,34,69.4,4.5,4.8,Sim,Sim,Não,7,5.7,Não,Não
AL04778,24,Automação Industrial,Matutino,Presencial,Brusque,1128,4.2,87.7,4.9,23,65.6,5.7,10.8,Sim,Sim,Sim,8,5.7,Não,Não
AL04779,30,Administração,Noturno,Presencial,Blumenau,9397,9.5,97.4,3.8,50,83.8,5.9,5.6,Sim,Sim,Não,9,8.5,Sim,Não
AL04780,16,Eletromecânica,Noturno,Presencial,Brusque,1799,15.7,69.3,6.6,32,87.8,4.9,10.8,Sim,Sim,Sim,6,8.2,Não,Não
AL04781,32,Administração,Noturno,Presencial,Pomerode,5513,2.2,66.9,5.4,40,89.8,7.2,4,Sim,Sim,Não,8,5.4,Não,Não
AL04782,16,Administração,Noturno,Presencial,Gaspar,2486,11.2,95.5,6.9,49,79.2,7.4,5.5,Não,Não,Não,7,5.4,Não,Não
AL04783,16,Automação Industrial,Matutino,Presencial,Blumenau,1338,10.2,73.6,7.3,47,66.1,7.8,12.6,Sim,Não,Não,7,6.3,Não,Não
AL04784,27,Eletromecânica,Noturno,Presencial,Brusque,1111,11.9,82.2,3.9,46,74.2,6.2,6.8,Sim,Sim,Não,8,6.1,Sim,Não
AL04785,33,Desenvolvimento de Sistemas,Noturno,Presencial,Timbó,4292,15.8,76.6,7.5,47,74.3,6,10.2,Sim,Não,Não,7,6.6,Sim,Não
AL04786,33,Administração,Noturno,Presencial,Brusque,1777,13.4,75.9,5.1,50,77.2,5.1,6.6,Sim,Sim,Sim,7,6.3,Sim,Não
AL04787,19,Administração,Matutino,Presencial,Gaspar,1958,7.9,88.8,6.4,20,95.6,5.4,8.1,Não,Sim,Sim,9,6.7,Sim,Não
AL04788,35,Eletromecânica,Matutino,Presencial,Gaspar,2132,8.1,74.8,4.1,39,95.5,6,18.4,Sim,Sim,Sim,6,7.7,Não,Não
AL04789,35,Eletromecânica,Noturno,Presencial,Brusque,5041,7.8,73.5,7.2,32,83.9,6.5,11.2,Sim,Sim,Não,6,7.8,Não,Não
AL04790,34,Desenvolvimento de Sistemas,Noturno,Presencial,Blumenau,1730,13.6,72.7,7.7,55,100,7,8,Sim,Não,Não,7,6.6,Não,Não
AL04791,31,Desenvolvimento de Sistemas,Noturno,Presencial,Indaial,4464,0,80.1,6.3,17,77.9,7.5,8.7,Sim,Sim,Não,6,5.8,Não,Não
AL04792,26,Eletromecânica,Noturno,Presencial,Gaspar,2942,5.4,83.8,4.9,41,78.5,6,6.7,Sim,Sim,Não,7,6.8,Sim,Não
AL04793,34,Eletromecânica,Matutino,Híbrido,Timbó,7859,12.4,88.2,10,23,100,7.7,4.4,Sim,Sim,Não,6,7.8,Sim,Não
AL04794,20,Eletromecânica,Noturno,Híbrido,Pomerode,5249,8.5,100,6.6,22,68.3,8.4,6.6,Sim,Não,Não,9,6.6,Sim,Não
AL04795,42,Eletromecânica,Noturno,Híbrido,Blumenau,6294,12.1,87.3,4.7,37,86.4,5.8,18.6,Sim,Sim,Sim,6,6.3,Sim,Não
AL04796,40,Desenvolvimento de Sistemas,Noturno,Presencial,Indaial,1072,10.1,66.4,6.1,52,97.8,4.7,4,Sim,Sim,Não,6,6.2,Não,Não
AL04797,19,Desenvolvimento de Sistemas,Matutino,Presencial,Blumenau,2652,2.4,100,7.3,12,87.9,6.9,17.7,Não,Sim,Não,6,5.6,Não,Não
AL04798,22,Administração,Noturno,Presencial,Brusque,900,6.9,93.7,6.7,40,54.3,5.2,11.9,Sim,Sim,Não,7,5.5,Não,Sim
AL04799,27,Automação Industrial,Noturno,Presencial,Blumenau,5171,9.8,54.1,6,35,90.7,8,5,Sim,Sim,Não,6,5.8,Não,Não
AL04800,36,Eletromecânica,Matutino,Híbrido,Brusque,919,7.1,83.6,6.2,55,78.4,6,14.5,Não,Sim,Não,9,6,Sim,Não
AL04801,31,Desenvolvimento de Sistemas,Noturno,Presencial,Blumenau,3844,4.1,91.9,8.1,35,82.1,5.4,2.9,Sim,Sim,Não,9,6.8,Sim,Não
AL04802,40,Automação Industrial,Matutino,Híbrido,Blumenau,2333,7.2,79.7,6.9,50,73.8,7.2,3.2,Não,Sim,Não,5,7.9,Sim,Não
AL04803,20,Eletromecânica,Matutino,Presencial,Blumenau,3342,16.2,88.3,7,50,67.2,7.4,8.4,Sim,Não,Não,6,8.2,Sim,Não
AL04804,30,Desenvolvimento de Sistemas,Matutino,Presencial,Blumenau,4313,7.4,81.8,10,35,77.9,7.8,3.1,Sim,Não,Não,6,8.9,Sim,Não
AL04805,26,Eletromecânica,Matutino,Presencial,Brusque,9368,4.2,90.2,6.1,5,100,7.7,27.2,Sim,Sim,Não,9,8.1,Sim,Não
AL04806,17,Desenvolvimento de Sistemas,Matutino,Híbrido,Timbó,3110,19,72,6.3,51,93.2,5.4,15.6,Sim,Não,Não,7,5.9,Não,Não
AL04807,18,Desenvolvimento de Sistemas,Matutino,Presencial,Indaial,3221,10.8,79.9,7.1,54,96.7,7.3,7.6,Sim,Não,Não,9,7.4,Sim,Não
AL04808,49,Desenvolvimento de Sistemas,Noturno,Híbrido,Blumenau,3024,10.4,77.4,7.5,30,85.2,6.9,14.1,Sim,Sim,Sim,8,6.7,Sim,Não
AL04809,16,Desenvolvimento de Sistemas,Noturno,Híbrido,Indaial,8319,10.2,98.1,4.9,39,83.7,6.4,3.5,Sim,Sim,Sim,6,7.1,Sim,Não
AL04810,33,Eletromecânica,Matutino,Presencial,Indaial,4439,9.9,83.7,8.3,26,56.1,5.6,3.7,Sim,Sim,Não,9,5.2,Não,Não
AL04811,29,Eletromecânica,Matutino,Presencial,Brusque,2900,6.7,80.7,7.7,49,88.9,6.2,6.7,Sim,Sim,Não,8,6.1,Sim,Não
AL04812,30,Eletromecânica,Matutino,Presencial,Brusque,1621,8.5,75.5,4.4,60,85.7,5.3,14.1,Sim,Sim,Sim,9,7,Sim,Não
AL04813,42,Automação Industrial,Matutino,Presencial,Gaspar,4335,9.8,90,3.7,40,100,7,6.8,Sim,Não,Não,6,6.5,Sim,Não
AL04814,29,Administração,Noturno,Presencial,Timbó,2250,9.3,88.4,6.9,27,77.2,4.9,10.7,Sim,Sim,Não,6,6.6,Sim,Não
AL04815,43,Desenvolvimento de Sistemas,Matutino,Presencial,Timbó,2588,10.1,72.9,8.1,38,97.4,7,23.9,Sim,Sim,Não,10,7.1,Não,Não
AL04816,16,Eletromecânica,Noturno,Híbrido,Timbó,1910,11.6,77.7,6.6,51,89,8.9,14.8,Sim,Não,Sim,8,6.8,Sim,Não
AL04817,16,Automação Industrial,Matutino,Presencial,Blumenau,3101,15.4,76.8,7.7,52,97.3,9.7,18.9,Sim,Não,Não,7,7.6,Sim,Não
AL04818,22,Eletromecânica,Noturno,Presencial,Timbó,3339,2.6,97.8,5.6,20,98.5,6.4,4.3,Não,Sim,Não,6,5.3,Não,Não
AL04819,20,Eletromecânica,Noturno,Presencial,Indaial,2512,4.4,76,6,37,88.6,5,15.4,Sim,Sim,Sim,4,5.3,Não,Sim
AL04820,19,Automação Industrial,Noturno,Presencial,Blumenau,1505,6.8,78.9,5.4,57,100,7.1,10.5,Sim,Sim,Sim,5,6.3,Sim,Não
AL04821,20,Eletromecânica,Noturno,Presencial,Blumenau,1697,6.9,86.4,4.2,25,73,7.7,11.3,Não,Não,Não,7,4.3,Não,Não
AL04822,25,Desenvolvimento de Sistemas,Matutino,Presencial,Indaial,2863,2.3,87.8,5.2,12,86.8,8.6,11.2,Sim,Sim,Sim,8,5.8,Não,Não
AL04823,35,Administração,Noturno,Presencial,Indaial,2678,5.4,63.1,4.7,16,92.4,5.7,5.8,Sim,Sim,Não,7,4.6,Não,Não
AL04824,34,Automação Industrial,Noturno,Presencial,Timbó,900,11.9,90.5,8.8,50,72.9,4.5,4.4,Sim,Não,Sim,8,8.3,Sim,Não
AL04825,30,Desenvolvimento de Sistemas,Matutino,Presencial,Indaial,2640,2.5,100,6.3,25,73.3,8.6,8.4,Sim,Não,Não,8,5.8,Não,Não
AL04826,16,Desenvolvimento de Sistemas,Matutino,Presencial,Blumenau,3848,11.5,83,7.1,16,100,8.5,4.8,Sim,Não,Não,7,7.5,Sim,Não
AL04827,24,Eletromecânica,Noturno,Presencial,Brusque,5001,7,85.2,6.6,23,65,6.8,5.2,Sim,Sim,Não,7,6.2,Sim,Não
AL04828,27,Automação Industrial,Noturno,Presencial,Brusque,3270,11.8,65,6.8,57,93,7.3,4.2,Sim,Sim,Sim,6,7.3,Não,Não
AL04829,31,Desenvolvimento de Sistemas,Noturno,Presencial,Indaial,1983,2.8,80.7,7.8,32,77.4,6.9,6.1,Não,Sim,Não,9,6,Sim,Não
AL04830,27,Eletromecânica,Matutino,Presencial,Gaspar,3645,13,92.2,5.2,37,90.7,6.7,10.1,Sim,Não,Sim,8,6.3,Sim,Não
AL04831,24,Automação Industrial,Matutino,Presencial,Indaial,3450,8.5,84,8,49,77.4,6.4,3.7,Não,Sim,Não,7,5.8,Não,Não
AL04832,28,Automação Industrial,Noturno,Presencial,Blumenau,4925,12.6,66.7,6.3,38,94.8,6.7,1.1,Sim,Sim,Não,7,6,Não,Não
AL04833,16,Desenvolvimento de Sistemas,Matutino,Presencial,Pomerode,2433,6.1,77.9,4.9,46,82.3,7.7,3.1,Sim,Sim,Não,7,6.9,Sim,Não
AL04834,20,Administração,Matutino,Presencial,Brusque,1801,14.6,71.8,6.4,22,100,7.9,4.6,Não,Não,Sim,3,6.3,Não,Não
AL04835,35,Administração,Matutino,Presencial,Pomerode,900,7.9,,6.7,32,100,6.8,4.2,Sim,Sim,Sim,6,5.8,Não,Não
AL04836,33,Administração,Noturno,Presencial,Indaial,3163,10.7,94.2,2.4,51,100,8.6,8.6,Sim,Sim,Não,5,6.9,Sim,Não
AL04837,35,Desenvolvimento de Sistemas,Noturno,Presencial,Gaspar,7032,0,86.6,5.3,30,74.9,8.7,7.5,Sim,Sim,Não,8,6.7,Sim,Não
AL04838,29,Eletromecânica,Matutino,Presencial,Timbó,3973,3.2,76.1,4.8,34,77.1,6.2,4.3,Sim,Sim,Não,4,4.3,Não,Não
AL04839,39,Administração,Noturno,Presencial,Blumenau,3015,0.8,100,7.1,26,83.5,7.1,4.6,Não,Sim,Sim,9,6.7,Sim,Não
AL04840,22,Automação Industrial,Matutino,Presencial,Pomerode,2257,9.6,84.8,8.3,50,73.4,6.8,2.1,Não,Sim,Não,8,5.7,Não,Não
AL04841,29,Eletromecânica,Matutino,Presencial,Brusque,2051,12.3,74.8,8.3,28,86.8,7.6,4.3,Não,Sim,Não,9,5.7,Não,Não
AL04842,32,Desenvolvimento de Sistemas,Noturno,Presencial,Timbó,3422,13.9,78.1,5.8,17,100,6.3,2.9,Sim,Não,Não,4,7,Sim,Não
AL04843,16,Desenvolvimento de Sistemas,Matutino,Híbrido,Brusque,5334,1.8,92.1,7.4,24,85,6.1,6.8,Não,Sim,Não,7,6.6,Sim,Não
AL04844,25,Administração,Matutino,Presencial,Blumenau,1859,8.7,100,6,37,84.2,7.7,20,Sim,Sim,Não,9,7.8,Sim,Não
AL04845,22,Desenvolvimento de Sistemas,Noturno,Presencial,Blumenau,2208,0,94,9.2,13,77.1,6.4,7.2,Sim,Sim,Não,6,5.9,Não,Não
AL04846,38,Automação Industrial,Noturno,Presencial,Timbó,2281,4.9,81.4,7,31,60,4.3,2.7,Sim,Sim,Não,7,6,Sim,Sim
AL04847,29,Eletromecânica,Noturno,Presencial,Brusque,6363,7.5,72.4,8.8,6,86.1,5.4,11.9,Sim,Sim,Não,8,6.8,Não,Não
AL04848,16,Automação Industrial,Noturno,Presencial,Pomerode,4544,5.6,95.6,6.9,19,100,6.1,8.1,Sim,Sim,Não,7,7,Sim,Não
AL04849,19,Desenvolvimento de Sistemas,Matutino,Presencial,Indaial,5205,5.3,83,7.3,45,66.5,6.4,3,Sim,Sim,Não,10,6.6,Sim,Não
AL04850,25,Eletromecânica,Noturno,Presencial,Timbó,2402,7.2,94,6.3,32,90.6,6.6,15,Sim,Sim,Não,10,7.4,Sim,Não
AL04851,23,Desenvolvimento de Sistemas,Noturno,Presencial,Blumenau,2951,8.8,91.2,10,35,93.3,6.9,8.8,Sim,Sim,Sim,8,8.7,Sim,Não
AL04852,19,Administração,Matutino,Presencial,Timbó,2591,11,77.3,6.6,17,71.1,7.9,4.7,Não,Não,Não,7,6.6,Sim,Não
AL04853,30,Eletromecânica,Noturno,Presencial,Indaial,2972,3.6,90.8,6.9,24,98.8,8.5,4.2,Sim,Sim,Não,7,7.5,Sim,Não
AL04854,32,desenv. sistemas,Matutino,Híbrido,Timbó,2800,3.5,75.8,8.4,55,70.3,6.2,6.6,Não,Sim,Sim,4,7.9,Sim,Não
AL04855,17,Automação Industrial,Noturno,Presencial,Pomerode,5135,9.2,80.7,8.4,43,100,5.8,7,Sim,Não,Não,7,7.5,Sim,Não
AL04856,34,Administração,Noturno,Híbrido,Brusque,1591,0,80.2,4.5,36,86.3,6.9,12.2,Não,Sim,Não,9,5,Não,Não
AL04857,22,Automação Industrial,Matutino,Presencial,Pomerode,1937,1.5,71.2,5.4,27,76.5,4.6,4.2,Não,Sim,Não,6,3.5,Não,Sim
AL04858,25,Administração,Matutino,Híbrido,Timbó,2427,13,72.2,8.3,44,85.4,6,10.1,Sim,Sim,Sim,7,7.7,Não,Não
AL04859,27,Desenvolvimento de Sistemas,Noturno,Presencial,Blumenau,3118,9.8,79.4,5.2,36,97,6.7,15.5,SIM,Não,Sim,9,5.8,Não,Não
AL04860,20,Desenvolvimento de Sistemas,Noturno,Presencial,Timbó,1195,9.1,77.6,6.6,34,57.2,8.1,2.4,Sim,Não,Não,8,7.5,Sim,Não
AL04861,33,Administração,Matutino,Presencial,Timbó,2442,4.2,80.2,6.7,19,81.4,4.7,7.2,Sim,Sim,Não,9,7,Sim,Não
AL04862,22,Eletromecânica,Matutino,Presencial,Timbó,5735,12.3,89.6,6.3,39,72.4,7.3,14,Sim,Sim,Sim,4,6.7,Sim,Não
AL04863,16,Automação Industrial,Noturno,Presencial,Indaial,2471,0.4,69.5,4.6,26,66.1,7.5,4.1,Sim,Sim,Não,8,5.4,Não,Sim
AL04864,18,Automação Industrial,Noturno,Presencial,Indaial,2978,7.7,72.6,4.7,48,79.1,6.6,5.2,Sim,Sim,Sim,10,6.9,Não,Não
AL04865,28,Administração,Noturno,Híbrido,Brusque,1192,16.4,92,6.5,43,88.2,7.1,22.2,Sim,Não,Não,6,8.5,Sim,Não
AL04866,38,Administração,Matutino,Presencial,Indaial,900,2.6,84.8,7.8,29,85.1,7.1,9.8,Não,Sim,Não,9,6.5,Sim,Não
AL04867,27,Eletromecânica,Matutino,Presencial,Pomerode,3286,16.9,80.5,7.6,36,76.7,6.4,23,Sim,Não,Não,5,5.8,Não,Sim
AL04868,36,Automação Industrial,Matutino,Presencial,Gaspar,2478,5.7,79,7.8,9,97.7,6.1,21.4,Sim,Sim,Não,10,8.4,Sim,Não
AL04869,41,Desenvolvimento de Sistemas,Noturno,Presencial,Indaial,4829,5.5,86,7.4,23,62.6,6.5,33.8,Sim,Sim,Não,6,7.3,Sim,Não
AL04870,30,Desenvolvimento de Sistemas,Matutino,Presencial,Pomerode,7849,1.5,69.3,7,44,54.4,6.6,4.3,Sim,Sim,Não,10,5.7,Não,Sim
AL04871,22,Eletromecânica,Noturno,Presencial,Pomerode,4454,12.5,85.3,5.4,51,98,5.6,10.3,Sim,Sim,Sim,10,7.4,Sim,Não
AL04872,41,Eletromecânica,Noturno,Presencial,Brusque,4774,4.6,95.1,8.4,40,71.1,7.1,4.1,Sim,Não,Sim,8,7.4,Sim,Não
AL04873,20,Automação Industrial,Noturno,Presencial,Brusque,1628,10.6,92.7,6.4,33,100,5.8,13.6,Sim,Não,Sim,9,7.8,Sim,Não
AL04874,18,Desenvolvimento de Sistemas,Matutino,Presencial,Gaspar,6050,12.5,83.1,5.7,21,82.3,7,9.7,Sim,Não,Não,8,7.5,Sim,Não
AL04875,16,Automação Industrial,Noturno,Presencial,Blumenau,900,6.4,79.2,6.7,3,85.1,5.6,8.8,Não,Sim,Não,5,5.1,Não,Sim
AL04876,16,Eletromecânica,Matutino,Presencial,Brusque,3071,10.4,80.7,6.6,23,87.2,6.5,5.1,Sim,Não,Não,10,5.9,Não,Não
AL04877,16,Eletromecânica,Matutino,Presencial,Timbó,1851,8.6,79.1,3.5,47,100,8.3,8.1,Sim,Não,Não,9,7.6,Sim,Não
AL04878,33,Eletromecânica,Matutino,Híbrido,Brusque,1877,2,100,5.1,41,90.3,4.3,13.8,Sim,Sim,Sim,8,6.5,Sim,Sim
AL04879,21,Desenvolvimento de Sistemas,Noturno,Presencial,Blumenau,4033,6.1,66.7,8.2,18,100,5.5,2.4,Sim,Sim,Sim,9,8.1,Não,Sim
AL04880,31,Administração,Noturno,Presencial,Blumenau,2741,7.4,76.2,7.8,46,71.8,7.6,13.8,Sim,Sim,Não,6,6.9,Sim,Não
AL04881,26,Desenvolvimento de Sistemas,Matutino,Híbrido,Timbó,1891,9.4,86,9.3,43,78.7,6.7,9.7,Sim,Não,Sim,8,7,Sim,Não
AL04882,33,Automação Industrial,Noturno,Híbrido,Blumenau,3911,11.4,78.5,7.1,3,100,5.4,2.8,Sim,Sim,Não,6,5.2,Não,Não
AL04883,33,Desenvolvimento de Sistemas,Matutino,Presencial,Pomerode,4079,11,86.3,6.4,22,82.5,5.6,8.8,Sim,Sim,Sim,6,7.4,Sim,Não
AL04884,24,Automação Industrial,Noturno,Híbrido,Timbó,2484,2,90.9,7.6,54,74.6,7.2,14,Sim,Sim,Não,7,5.3,Não,Não
AL04885,22,Desenvolvimento de Sistemas,Matutino,Presencial,Pomerode,5892,12.9,74.2,5.7,55,86.9,7.6,2,Sim,Sim,Sim,8,7.7,Não,Não
AL04886,37,Automação Industrial,Noturno,Presencial,Pomerode,2676,10,86.6,7.3,46,72.2,7.7,1.8,Não,Não,Não,8,6.8,Sim,Não
AL04887,32,Desenvolvimento de Sistemas,Matutino,Presencial,Timbó,3237,12.3,73.9,5.7,30,100,7.1,12.3,Sim,Não,Não,7,5.9,Não,Não
AL04888,24,Desenvolvimento de Sistemas,Noturno,Presencial,Timbó,3961,10.3,67.1,7.1,44,87.8,6.8,5.2,Sim,Sim,Não,8,5.5,Não,Sim
AL04889,16,Eletromecânica,Matutino,Presencial,Timbó,5719,9.2,87.5,5,29,65.9,7.2,2.8,Sim,Sim,Não,3,5.1,Não,Não
AL04890,26,Desenvolvimento de Sistemas,Matutino,Híbrido,Pomerode,3051,14.2,80.4,6.4,59,100,7,13.5,Sim,Sim,Não,7,5.8,Não,Não
AL04891,34,Administração,Matutino,Presencial,Blumenau,3957,15.2,83.3,6.5,21,85.2,6.4,17.2,Sim,Não,Não,8,7.2,Sim,Não
AL04892,46,Desenvolvimento de Sistemas,Noturno,Presencial,Pomerode,6042,6.9,81.8,7.3,27,84.3,7.8,4.5,Sim,Sim,Não,8,7.4,Sim,Não
AL04893,32,Administração,Noturno,Presencial,Pomerode,2150,9.2,78.6,6.7,49,99.5,6.3,6,Sim,Sim,Não,6,7,Sim,Sim
AL04894,34,Automação Industrial,Matutino,Presencial,Brusque,4112,10.5,81.6,4.9,26,79.2,6.5,4.3,Sim,Sim,Não,6,5.5,Não,Não
AL04895,34,Desenvolvimento de Sistemas,Matutino,Híbrido,Timbó,8321,10.1,89.6,6.9,39,100,6.4,4.9,Sim,Sim,Sim,9,8.7,Sim,Não
AL04896,23,Administração,Noturno,Presencial,Gaspar,2268,1.7,99.5,5.7,37,93,5.8,2.4,Sim,Sim,Não,7,6.9,Sim,Sim
AL04897,24,Administração,Noturno,Presencial,Blumenau,1391,2.9,71.6,5.5,36,83.7,6.9,8.5,Sim,Sim,Não,9,6.3,Não,Não
AL04898,47,Administração,Matutino,Presencial,Pomerode,4167,5.7,86.1,6.8,25,68.3,5.2,18.9,Sim,Sim,Não,8,6.9,Sim,Não
AL04899,48,Administração,Noturno,Híbrido,Gaspar,1637,10,100,6.6,20,100,8,3.7,Sim,Sim,Sim,7,7.1,Sim,Não
AL04900,29,Eletromecânica,Noturno,Híbrido,Blumenau,6337,6,88,7.6,39,77.1,6.6,2.5,Sim,Sim,Não,8,6.7,Sim,Não
AL04901,16,Eletromecânica,Matutino,Presencial,Pomerode,1506,6,76.3,7.6,30,90.6,5.5,3.7,Sim,Sim,Não,5,7.4,Sim,Não
AL04902,31,Automação Industrial,Noturno,Híbrido,Blumenau,1347,8.9,84.8,6.8,31,76.3,6.9,8.8,Não,Sim,Não,9,7.6,Sim,Sim
AL04903,16,Administração,Noturno,Presencial,Blumenau,4179,4.3,84.2,7.8,32,81.6,6.2,6.7,Não,Sim,Não,6,6.9,Sim,Não
AL04904,20,Eletromecânica,Matutino,Presencial,Gaspar,1071,7,77.4,8.4,32,79.3,7.8,11.4,Sim,Não,Sim,8,7.1,Sim,Não
AL04905,30,Administração,Matutino,Híbrido,Brusque,2848,7.3,84.3,7.3,34,92.5,7,8.1,Sim,Sim,Sim,8,5.9,Não,Não
AL04906,38,Automação Industrial,Noturno,Presencial,Blumenau,1356,5,98.3,7.6,36,86.7,8,2.6,Sim,Sim,Não,6,6.1,Sim,Não
AL04907,21,Desenvolvimento de Sistemas,Noturno,Presencial,Indaial,2214,8.8,86.3,6.7,20,80.9,6.1,13.7,Sim,Sim,Não,7,6.1,Sim,Não
AL04908,24,Eletromecânica,Noturno,Presencial,Blumenau,2866,15.1,96.2,7,38,98.1,7,8.4,Sim,Sim,Sim,7,8.9,Sim,Não
AL04909,34,Automação Industrial,Matutino,Presencial,Pomerode,2734,11.1,100,7,35,79.6,5.8,17.6,Não,Sim,Sim,7,6.7,Sim,Não
AL04910,24,Administração,Matutino,Presencial,Timbó,954,4.6,78.9,4.7,16,54.4,6.9,7.7,Sim,Sim,Não,7,5.1,Não,Sim
AL04911,33,Desenvolvimento de Sistemas,Matutino,Presencial,Pomerode,8495,6.9,89.9,5.9,10,97.5,7.1,13.4,Sim,Sim,Não,9,6.5,Sim,Não
AL04912,22,Automação Industrial,Noturno,Presencial,Timbó,2478,6.3,86.9,7.2,33,78,6.2,2.1,Sim,Sim,Não,10,7.6,Sim,Sim
AL04913,24,Desenvolvimento de Sistemas,Noturno,Hibrido,Brusque,4083,6.6,77.7,5.4,57,87.9,5.7,10.3,Não,Sim,Sim,8,5.6,Não,Não
AL04914,20,Eletromecânica,Matutino,Presencial,Blumenau,7656,3.6,74.2,7,23,77.9,6.7,4.1,Sim,Sim,Não,10,6.3,Não,Não
AL04915,42,Eletromecânica,Matutino,Presencial,Blumenau,3381,6.6,93.5,7.7,38,86.8,7.7,27.4,Sim,Sim,Não,6,6.7,Sim,Sim
AL04916,18,Eletromecânica,Noturno,Presencial,Indaial,2387,6.8,78.2,8,36,67.2,7.1,13.6,Sim,Não,Não,6,5.8,Não,Não
AL04917,20,Eletromecânica,Noturno,Presencial,Gaspar,3927,0,99.2,6.5,30,77.9,7.1,20.7,Não,Sim,Não,7,6.3,Sim,Não
AL04918,28,Desenvolvimento de Sistemas,Noturno,Presencial,Gaspar,900,9.3,78.2,5.9,23,73.1,7.6,6.5,Sim,Não,Não,7,5.5,Não,Não
AL04919,36,Eletromecânica,Matutino,Presencial,Brusque,5650,5.4,92.2,7.1,40,100,7.6,4.4,Sim,Sim,Não,6,7.5,Sim,Não
AL04920,17,Desenvolvimento de Sistemas,Noturno,Presencial,Pomerode,1705,9.3,76.2,5.8,47,77.5,8.4,21.5,Não,Não,Não,9,5.8,Não,Não
AL04921,35,Automação Industrial,Noturno,Presencial,Pomerode,2705,6.8,76.9,5.5,40,94.9,7.7,2.2,Sim,Sim,Não,8,7,Sim,Não
AL04922,22,Automação Industrial,Matutino,Presencial,Pomerode,3982,11.1,85.2,4.8,40,91.1,8.5,4.8,Sim,Não,Sim,8,5.9,Não,Não
AL04923,22,Automação Industrial,Noturno,Híbrido,Gaspar,1660,12.7,91,4.9,56,100,4.9,10.7,Não,Sim,Não,8,6.8,Sim,Sim
AL04924,21,Administração,Noturno,Híbrido,Pomerode,3277,12.9,91.4,7.4,19,99.6,9,1.7,Sim,Não,Sim,6,7.7,Sim,Não
AL04925,23,Eletromecânica,Noturno,Híbrido,Indaial,2967,12.3,84.9,7,20,92,5.7,4.5,Sim,Sim,Não,4,8.5,Sim,Não
AL04926,16,Automação Industrial,Noturno,Presencial,Gaspar,1582,5.2,89.8,7.7,25,77.8,7.5,4.5,Não,Sim,Não,7,7,Sim,Não
AL04927,18,Automação Industrial,Matutino,Presencial,Blumenau,2269,13,91.1,9,35,90.6,5.9,11.1,Sim,Sim,Não,8,7.4,Sim,Não
AL04928,25,Administração,Noturno,Presencial,Gaspar,1822,6.9,78.3,9,39,75.8,6.5,19,Sim,Sim,Não,8,5.3,Não,Não
AL04929,24,Administração,Matutino,Híbrido,Gaspar,2492,12.1,,7.9,34,93.8,7.1,4.6,Não,Sim,Sim,9,8.2,Não,Não
AL04930,27,Desenvolvimento de Sistemas,Matutino,Híbrido,Gaspar,3219,4,72.1,6,44,100,5.3,9.5,Sim,Sim,Sim,8,6.6,Não,Sim
AL04931,21,Eletromecânica,Matutino,Presencial,Timbó,2474,10.8,76.2,5.1,27,61.6,7,9.5,Sim,Não,Sim,7,4.9,Não,Não
AL04932,16,Eletromecânica,Noturno,Híbrido,Pomerode,3522,15.3,95.1,10,23,76.9,7.7,5.3,Sim,Sim,Não,7,8.4,Sim,Não
AL04933,21,Automação Industrial,Noturno,Presencial,Gaspar,2379,14.9,100,5.2,57,100,6.3,4.6,Não,Não,Sim,7,8.1,Sim,Sim
AL04934,28,Automação Industrial,Matutino,Presencial,Indaial,3797,14.3,83.2,5.1,34,82.5,8,7.8,Sim,Sim,Não,7,6.5,Sim,Não
AL04935,16,Desenvolvimento de Sistemas,Matutino,Presencial,Blumenau,900,12.3,80.5,4.3,23,98,6.7,12.6,Sim,Não,Não,7,6.2,Sim,Não
AL04936,20,Administração,Noturno,Presencial,Pomerode,2580,8,85.2,8.4,46,67.5,4.3,5.8,Sim,Sim,Não,9,6.2,Sim,Não
AL04937,47,Automação Industrial,Matutino,Presencial,Pomerode,1488,0,92.7,7,8,83,7.6,17.9,Sim,Sim,Sim,6,6.7,Sim,Sim
AL04938,30,Automação Industrial,Matutino,Presencial,Pomerode,1343,11.3,90.3,7.9,34,62.3,7.3,6.5,Não,Não,Não,7,6.2,Sim,Não
AL04939,23,Eletromecânica,Noturno,Híbrido,Blumenau,1816,12.4,88,6.7,45,100,6.6,3.9,Sim,Sim,Não,5,7.3,Sim,Sim
AL04940,28,Automação Industrial,Noturno,Presencial,Brusque,900,12.6,89.3,6.8,24,86.6,7.6,25.4,Não,Não,Não,7,5.5,Não,Não
AL04941,16,Automação Industrial,Matutino,Presencial,Timbó,1644,9.8,91.5,7.9,27,78.9,7.2,3.5,Sim,Não,Sim,9,6.9,Sim,Não
AL04942,40,Eletromecânica,Matutino,Híbrido,Blumenau,1939,8.4,79.7,6.2,45,100,6.7,20.7,Não,Sim,Não,6,6.1,Sim,Não
AL04943,16,Administração,Matutino,Presencial,Timbó,5504,8.1,71.6,4.2,9,100,6.8,3.4,Sim,Não,Não,9,5.7,Não,Sim
AL04944,30,Administração,Noturno,Híbrido,Indaial,1992,15.6,100,6.3,61,100,6,11.4,Sim,Sim,Sim,8,9.1,Sim,Não
AL04945,40,Desenvolvimento de Sistemas,Noturno,Presencial,Blumenau,2221,4.8,87.1,4.8,27,85.8,6.1,11,Sim,Sim,Não,7,6.1,Sim,Não
AL04946,16,Desenvolvimento de Sistemas,Noturno,Híbrido,Indaial,2204,18.3,76,7.1,48,100,8.5,15.1,Não,Não,Não,6,5.7,Não,Não
AL04947,28,Administração,Noturno,Híbrido,Indaial,2745,7.6,100,4.8,39,78,9.2,29.2,Sim,Não,Não,5,5.6,Não,Sim
AL04948,43,Administração,Noturno,Presencial,Timbó,1737,12.4,72.5,4.7,52,93.1,5.8,8.5,Sim,Não,Sim,8,6.5,Não,Não
AL04949,31,Administração,Noturno,Presencial,Indaial,4481,14.3,79.7,6,56,99,7,8.2,Sim,Não,Sim,8,8.6,Sim,Não
AL04950,33,Desenvolvimento de Sistemas,Noturno,Presencial,Brusque,4214,2.8,77.9,4.1,0,79.5,7.4,15.4,Sim,Sim,Não,6,4.3,Não,Não
AL04951,24,Automação Industrial,Matutino,Presencial,Timbó,3156,14.9,81.1,7.8,54,100,6.3,7.1,Sim,Não,Sim,7,8.3,Sim,Não
AL04952,16,Desenvolvimento de Sistemas,Matutino,Presencial,Brusque,1515,11.9,69.5,6.5,55,89,5.4,7.6,Sim,Sim,Não,5,7,Não,Sim
AL04953,30,Eletromecânica,Noturno,Presencial,Pomerode,1257,8.4,87.6,4.2,17,67.1,7.1,7.6,Não,Sim,Não,7,5.6,Não,Não
AL04954,17,Eletromecânica,Matutino,Presencial,Timbó,2006,10.4,90.4,7,50,86.9,7.4,5,Sim,Não,Não,6,7.5,Sim,Não
AL04955,33,Eletromecânica,Matutino,Presencial,Brusque,7608,13.2,78.4,8.3,19,97.1,6.1,4.5,Não,Não,Não,9,7.4,Sim,Não
AL04956,22,Administração,Matutino,Presencial,Gaspar,1947,10.5,82.1,6.5,52,71.2,4.8,11.5,Sim,Sim,Não,7,6.5,Sim,Não
AL04957,26,Automação Industrial,Noturno,Híbrido,Timbó,3008,3.2,85.6,4.2,38,46.2,4.8,15.6,Sim,Sim,Sim,5,3.4,Não,Sim
AL04958,26,Desenvolvimento de Sistemas,Matutino,Presencial,Timbó,1375,0.2,89,5.5,32,77.2,7.2,19.3,Sim,Sim,Não,4,5.3,Não,Sim
AL04959,21,Administração,Noturno,Presencial,Indaial,2805,6.6,93.9,6.9,49,92.6,6.5,12,Sim,Não,Não,8,7.2,Sim,Não
AL04960,30,Administração,Noturno,Híbrido,Gaspar,1326,8.7,88.3,9.4,36,93.5,4.3,10.1,Não,Sim,Não,7,7,Sim,Não
AL04961,39,Eletromecânica,Matutino,Presencial,Timbó,10084,16.9,76.2,6.8,49,96.1,6.2,10.7,Sim,Sim,Não,9,7.5,Sim,Não
AL04962,45,Automação Industrial,Noturno,Presencial,Pomerode,900,11.4,86.2,8.6,29,85.3,8,8.6,Sim,Sim,Não,6,7,Sim,Não
AL04963,23,Desenvolvimento de Sistemas,Matutino,Presencial,Timbó,2496,11.4,72.3,7.4,42,100,6.7,31.5,Sim,Sim,Não,10,8.1,Não,Sim
AL04964,16,Eletromecânica,Noturno,Presencial,Gaspar,1378,12.1,81,5.4,35,75.7,5.4,4.9,Não,Não,Sim,5,6.6,Sim,Não
AL04965,33,Desenvolvimento de Sistemas,Noturno,Presencial,Timbó,2914,10.2,89.8,7.8,17,71.4,6.3,19.5,Sim,Não,Não,9,6.1,Sim,Não
AL04966,36,Eletromecânica,Matutino,Presencial,Blumenau,4920,9.9,71.4,7,50,57.9,5.3,5.9,Sim,Sim,Não,8,5.6,Não,Não
AL04967,16,Automação Industrial,Matutino,Presencial,Indaial,900,14.7,77.4,7.3,48,93.6,7.9,8.8,Sim,Não,Sim,9,7.3,Sim,Não
AL04968,40,Administração,Matutino,Presencial,Pomerode,8219,3.1,95.8,8,39,76.1,7.7,5.1,Não,Não,Não,8,6.6,Sim,Não
AL04969,40,Desenvolvimento de Sistemas,Matutino,Presencial,Blumenau,2655,11,74.5,7.7,54,92.3,7,7.7,Sim,Não,Sim,6,7.3,Não,Não
AL04970,29,Desenvolvimento de Sistemas,Noturno,Presencial,Brusque,1404,5.5,87,6.8,28,80.3,5.5,4.2,Sim,Sim,Não,8,6.5,Sim,Não
AL04971,28,Eletromecânica,Matutino,Presencial,Pomerode,3507,9.1,82,6.3,23,88.3,5.6,6.6,Sim,Não,Sim,6,6,Sim,Não
AL04972,23,Automação Industrial,Noturno,Híbrido,Pomerode,2277,0,81.6,9,15,85.4,5.6,29.9,Sim,Sim,Não,8,5.5,Não,Não
AL04973,34,Administração,Noturno,Híbrido,Timbó,5557,7.1,100,7.1,33,62.7,6.3,8.9,Sim,Sim,Sim,8,6.8,Sim,Não
AL04974,26,Automação Industrial,Noturno,Presencial,Pomerode,4385,4.2,97.5,7.6,26,72.5,6.8,9.5,Sim,Sim,Sim,7,6.8,Sim,Não
AL04975,23,Automação Industrial,Noturno,Presencial,Indaial,1839,5.6,97.2,6,19,76.1,5.7,4.5,Sim,Sim,Não,6,6.5,Sim,Não
AL04976,24,Automação Industrial,Matutino,Presencial,Indaial,1984,4.9,86,6.4,34,92.8,7.1,9.5,Sim,Sim,Não,8,6.9,Sim,Não
AL04977,20,Desenvolvimento de Sistemas,Noturno,Presencial,Timbó,3832,4.4,82,4.8,26,77.3,5.4,9.1,Sim,Sim,Sim,5,5.7,Não,Sim
AL04978,16,Desenvolvimento de Sistemas,Matutino,Presencial,Indaial,2721,4.6,75.5,4.9,36,67.5,4.1,5.2,Sim,Sim,Não,7,5.4,Não,Não
AL04979,16,Eletromecânica,Noturno,Presencial,Brusque,4491,1.4,88.4,7.7,15,78.7,6.4,6.9,Sim,Sim,Não,9,6.2,Sim,Sim
AL04980,34,Administração,Matutino,Híbrido,Indaial,3267,10.5,100,4.7,64,100,6.3,3.7,Sim,Sim,Não,9,7.2,Sim,Não
AL04981,24,Automação Industrial,Matutino,Presencial,Blumenau,4440,7.4,63,7.6,20,85.5,5.6,8,Sim,Sim,Não,5,5.1,Não,Sim
AL04982,25,Administração,Matutino,Presencial,Indaial,4777,11.3,76.4,6.6,35,99.5,6.3,1.8,Sim,Sim,Não,7,6.7,Sim,Não
AL04983,45,Desenvolvimento de Sistemas,Matutino,Presencial,Blumenau,1542,6.7,84.3,6.6,50,100,8.3,19.5,Não,Não,Sim,6,8.8,Sim,Não
AL04984,17,Administração,Noturno,Presencial,Blumenau,2035,4.2,71.6,8.9,36,76.4,5.3,4.5,Sim,Sim,Não,8,6.1,Não,Não
AL04985,23,Desenvolvimento de Sistemas,Noturno,Presencial,Gaspar,4018,8.7,73.7,5.6,38,40.6,7.1,11.3,Sim,Sim,Não,8,4.1,Não,Não
AL04986,25,Desenvolvimento de Sistemas,Matutino,Presencial,Gaspar,10294,9.7,76.1,8.9,38,85.5,6.1,15.8,Sim,Sim,Não,6,7.1,Sim,Não
AL04987,22,Automação Industrial,Noturno,Presencial,Brusque,3134,13,81.4,6.7,28,89,6.7,8.4,Sim,Não,Sim,7,7.6,Sim,Não
AL04988,23,Automação Industrial,Matutino,Presencial,Indaial,2695,9.4,61,8.3,51,87.9,8,8.3,Sim,Sim,Não,10,5.8,Não,Não
AL04989,22,Eletromecânica,Noturno,Presencial,Timbó,6054,9.7,92,8.1,23,97.4,6.3,2.5,Sim,Sim,Não,8,8,Sim,Sim
AL04990,20,Eletromecânica,Noturno,Presencial,Pomerode,2644,10.7,84.8,6.8,46,59.9,8.2,7.4,Sim,Não,Não,4,6,Sim,Não
AL00121,22,Automação Industrial,Matutino,Presencial,Gaspar,3795,12.3,71.5,8.4,44,75.5,6.8,3.9,Sim,Não,Não,5,6.3,Não,Não
AL00808,16,Administração,Matutino,Presencial,Timbó,1510,4.9,92.5,9.9,53,83.6,5.8,2.3,Sim,Não,Não,7,6.3,Sim,Não
AL01501,23,Eletromecânica,Matutino,Presencial,Pomerode,1638,12.8,80.7,7.1,33,94.1,5.7,5,Sim,Sim,Não,4,7.5,Sim,Não
AL02302,29,Administração,Matutino,Presencial,Pomerode,2861,6.3,81.4,6.4,41,73.5,7,13.7,Sim,Sim,Sim,9,7.3,Sim,Não
AL03334,21,Automação Industrial,Noturno,Presencial,Blumenau,5507,4.4,79.5,5.4,51,69.9,4.2,10.4,Sim,Não,Não,5,5.6,Não,Não
AL04021,36,Desenvolvimento de Sistemas,Matutino,Presencial,Timbó,4674,16.8,79.2,6.1,51,91.4,5.9,4.6,Sim,Não,Não,5,7,Sim,Não
AL04997,47,Eletromecânica,Matutino,Presencial,Timbó,3495,7,85.2,7.2,34,100,8,11.5,Sim,Sim,Sim,7,7.6,Sim,Não
AL04998,16,Eletromecânica,noturno ,Presencial,Indaial,3430,8.3,82.2,6.4,41,86.7,6.3,3.2,Sim,Não,Não,9,7.1,Sim,Não
AL04999,28,Administração,Noturno,Presencial,Brusque,3899,4.6,84.1,5.2,18,85.1,7.5,19.4,Sim,Não,Não,6,6.4,Sim,Sim
AL05000,17,Automação Industrial,Noturno,Presencial,Indaial,6119,13,73.6,6.3,14,76.4,7.7,8.3,Sim,Não,Não,8,6.8,Não,Não
